C:\Program Files\dotnet\sdk\8.0.424\MSBuild.dll -nologo --property:RestorePackagesPath=C:\Users\OdinLocal\Documents\Kimi\Workspaces\MediaOrganizer\FastDelete\.nuget\packages -distributedlogger:Microsoft.DotNet.Tools.MSBuild.MSBuildLogger,C:\Program Files\dotnet\sdk\8.0.424\dotnet.dll*Microsoft.DotNet.Tools.MSBuild.MSBuildForwardingLogger,C:\Program Files\dotnet\sdk\8.0.424\dotnet.dll -maxcpucount -target:Restore -verbosity:m -verbosity:diag C:\Users\OdinLocal\Documents\Kimi\Workspaces\MediaOrganizer\FastDelete\src\FastDelete.Core\FastDelete.Core.csproj
Build started 26/09/2026 23:01:21.
Environment at start of build:
MSBUILDUSESERVER = 0
DOTNET_HOST_PATH = C:\Program Files\dotnet\dotnet.exe
MSBUILDFAILONDRIVEENUMERATINGWILDCARD = 1
DOTNET_CLI_TELEMETRY_SESSIONID = 1033ee2d-bbea-4b62-8be0-1aebdee38dfd
MSBuildLoadMicrosoftTargetsReadOnly = true
MSBuildSDKsPath = C:\Program Files\dotnet\sdk\8.0.424\Sdks
MSBuildExtensionsPath = C:\Program Files\dotnet\sdk\8.0.424\

23:01:21.852     0>Process = "C:\Program Files\dotnet\dotnet.exe"
                   MSBuild executable path = "C:\Program Files\dotnet\sdk\8.0.424\MSBuild.dll"
                   Command line arguments = "C:\Program Files\dotnet\sdk\8.0.424\MSBuild.dll -maxcpucount -verbosity:m -nologo -target:Restore --property:RestorePackagesPath=C:\Users\OdinLocal\Documents\Kimi\Workspaces\MediaOrganizer\FastDelete\.nuget\packages -verbosity:diag C:\Users\OdinLocal\Documents\Kimi\Workspaces\MediaOrganizer\FastDelete\src\FastDelete.Core\FastDelete.Core.csproj -distributedlogger:Microsoft.DotNet.Tools.MSBuild.MSBuildLogger,C:\Program Files\dotnet\sdk\8.0.424\dotnet.dll*Microsoft.DotNet.Tools.MSBuild.MSBuildForwardingLogger,C:\Program Files\dotnet\sdk\8.0.424\dotnet.dll"
                   Current directory = "C:\Users\OdinLocal\Documents\kimi\Workspaces\MediaOrganizer\FastDelete"
                   MSBuild version = "17.11.48+02bf66295"
                   Based on the Windows registry key LongPathsEnabled, the LongPaths feature is enabled.
                   The SDK "Microsoft.NET.Sdk" was successfully resolved by the "DefaultSdkResolver" resolver to location "C:\Program Files\dotnet\sdk\8.0.424\Sdks\Microsoft.NET.Sdk\Sdk" and version "".
                   Assembly loaded during Evaluation: Microsoft.NET.StringTools, Version=1.0.0.0, Culture=neutral, PublicKeyToken=b03f5f7f11d50a3a (location: C:\Program Files\dotnet\sdk\8.0.424\Microsoft.NET.StringTools.dll, MVID: a6df08db-4589-427d-8720-dbb53fdf37b0, AssemblyLoadContext: Default)
                   Property 'MSBuildExtensionsPath' with value 'C:\Program Files\dotnet\sdk\8.0.424\' expanded from the environment.
                   Property reassignment: $(MSBuildProjectExtensionsPath)="C:\Users\OdinLocal\Documents\Kimi\Workspaces\MediaOrganizer\FastDelete\src\FastDelete.Core\obj\" (previous value: "obj\") at C:\Program Files\dotnet\sdk\8.0.424\Current\Microsoft.Common.props (60,5)
                   Property 'MSBuildUserExtensionsPath' with value 'C:\Users\OdinLocal\AppData\Local\Microsoft\MSBuild' expanded from the environment.
                   Property reassignment: $(AssemblySearchPaths)="{CandidateAssemblyFiles};{HintPathFromItem}" (previous value: "{CandidateAssemblyFiles}") at C:\Program Files\dotnet\sdk\8.0.424\Sdks\Microsoft.NET.Sdk\targets\Microsoft.NET.Sdk.props (91,5)
                   Property reassignment: $(AssemblySearchPaths)="{CandidateAssemblyFiles};{HintPathFromItem};{TargetFrameworkDirectory}" (previous value: "{CandidateAssemblyFiles};{HintPathFromItem}") at C:\Program Files\dotnet\sdk\8.0.424\Sdks\Microsoft.NET.Sdk\targets\Microsoft.NET.Sdk.props (92,5)
                   Property reassignment: $(AssemblySearchPaths)="{CandidateAssemblyFiles};{HintPathFromItem};{TargetFrameworkDirectory};{RawFileName}" (previous value: "{CandidateAssemblyFiles};{HintPathFromItem};{TargetFrameworkDirectory}") at C:\Program Files\dotnet\sdk\8.0.424\Sdks\Microsoft.NET.Sdk\targets\Microsoft.NET.Sdk.props (93,5)
                   The "DefaultSdkResolver" resolver attempted to resolve the SDK "Microsoft.NET.SDK.WorkloadAutoImportPropsLocator".
                   Warnings: null
                   Errors: MSB4276: The default SDK resolver failed to resolve SDK "Microsoft.NET.SDK.WorkloadAutoImportPropsLocator" because directory "C:\Program Files\dotnet\sdk\8.0.424\Sdks\Microsoft.NET.SDK.WorkloadAutoImportPropsLocator\Sdk" did not exist.
                   Assembly loaded during Evaluation: Microsoft.Build.NuGetSdkResolver, Version=6.11.2.1, Culture=neutral, PublicKeyToken=31bf3856ad364e35 (location: C:\Program Files\dotnet\sdk\8.0.424\Microsoft.Build.NuGetSdkResolver.dll, MVID: 27ccb095-2c92-40dc-8ceb-3c408f94bba3, AssemblyLoadContext: MSBuild plugin C:\Program Files\dotnet\sdk\8.0.424\Microsoft.Build.NuGetSdkResolver.dll)
                   Assembly loaded during Evaluation: Microsoft.NET.Sdk.WorkloadMSBuildSdkResolver, Version=8.0.424.0, Culture=neutral, PublicKeyToken=31bf3856ad364e35 (location: C:\Program Files\dotnet\sdk\8.0.424\Microsoft.NET.Sdk.WorkloadMSBuildSdkResolver.dll, MVID: ea5860ce-6bac-4972-a79e-4af26a8eff17, AssemblyLoadContext: MSBuild plugin C:\Program Files\dotnet\sdk\8.0.424\Microsoft.NET.Sdk.WorkloadMSBuildSdkResolver.dll)
                   Assembly loaded during Evaluation: System.Reflection.Metadata, Version=8.0.0.0, Culture=neutral, PublicKeyToken=b03f5f7f11d50a3a (location: C:\Program Files\dotnet\shared\Microsoft.NETCore.App\8.0.30\System.Reflection.Metadata.dll, MVID: 972fd330-24b0-49ff-9038-9547fd4491a8, AssemblyLoadContext: Default)
                   Assembly loaded during Evaluation: Microsoft.DotNet.Cli.Utils, Version=8.0.424.0, Culture=neutral, PublicKeyToken=adb9793829ddae60 (location: C:\Program Files\dotnet\sdk\8.0.424\Microsoft.DotNet.Cli.Utils.dll, MVID: 967f649b-c08a-400e-a37a-821c0a3a2f45, AssemblyLoadContext: MSBuild plugin C:\Program Files\dotnet\sdk\8.0.424\Microsoft.NET.Sdk.WorkloadMSBuildSdkResolver.dll)
                   Assembly loaded during Evaluation: Microsoft.NET.Sdk.WorkloadManifestReader, Version=8.0.424.0, Culture=neutral, PublicKeyToken=adb9793829ddae60 (location: C:\Program Files\dotnet\sdk\8.0.424\Microsoft.NET.Sdk.WorkloadManifestReader.dll, MVID: e97ab177-e175-4fd4-ae97-16986473c8dd, AssemblyLoadContext: MSBuild plugin C:\Program Files\dotnet\sdk\8.0.424\Microsoft.NET.Sdk.WorkloadMSBuildSdkResolver.dll)
                   Assembly loaded during Evaluation: Microsoft.Deployment.DotNet.Releases, Version=2.0.0.0, Culture=neutral, PublicKeyToken=31bf3856ad364e35 (location: C:\Program Files\dotnet\sdk\8.0.424\Microsoft.Deployment.DotNet.Releases.dll, MVID: 34f9f9be-a352-437d-b864-e54aac6740dd, AssemblyLoadContext: MSBuild plugin C:\Program Files\dotnet\sdk\8.0.424\Microsoft.NET.Sdk.WorkloadMSBuildSdkResolver.dll)
                   Assembly loaded during Evaluation: System.Text.Json, Version=8.0.0.0, Culture=neutral, PublicKeyToken=cc7b13ffcd2ddd51 (location: C:\Program Files\dotnet\shared\Microsoft.NETCore.App\8.0.30\System.Text.Json.dll, MVID: a44cf72a-f592-42e9-a9f0-49a564199a65, AssemblyLoadContext: Default)
                   The SDK "Microsoft.NET.SDK.WorkloadAutoImportPropsLocator" was successfully resolved by the "Microsoft.DotNet.MSBuildWorkloadSdkResolver" resolver to location "null" and version "null".
                   Property reassignment: $(TargetsForTfmSpecificContentInPackage)=";PackTool;_PackProjectToolValidation" (previous value: ";PackTool") at C:\Program Files\dotnet\sdk\8.0.424\Sdks\Microsoft.NET.Sdk\targets\Microsoft.NET.PackProjectTool.props (15,5)
                   Property reassignment: $(PublishProfileImported)="false" (previous value: "true") at C:\Program Files\dotnet\sdk\8.0.424\Sdks\Microsoft.NET.Sdk\targets\Microsoft.NET.Sdk.ImportPublishProfile.targets (28,5)
                   Assembly loaded during Evaluation: NuGet.Frameworks, Version=6.11.2.1, Culture=neutral, PublicKeyToken=31bf3856ad364e35 (location: C:\Program Files\dotnet\sdk\8.0.424\NuGet.Frameworks.dll, MVID: 69f2c13d-a9f1-4a43-bb62-e18b47d48034, AssemblyLoadContext: Assembly.LoadFile(C:\Program Files\dotnet\sdk\8.0.424\NuGet.Frameworks.dll))
                   Property reassignment: $(TargetPlatformVersion)="" (previous value: "0.0") at C:\Program Files\dotnet\sdk\8.0.424\Sdks\Microsoft.NET.Sdk\targets\Microsoft.NET.TargetFrameworkInference.targets (69,5)
                   Property reassignment: $(DefaultItemExcludes)=";bin\Debug\/**;obj\Debug\/**" (previous value: ";bin\Debug\/**") at C:\Program Files\dotnet\sdk\8.0.424\Sdks\Microsoft.NET.Sdk\targets\Microsoft.NET.DefaultOutputPaths.targets (122,5)
                   Property reassignment: $(OutputPath)="bin\Debug\net8.0\" (previous value: "bin\Debug\") at C:\Program Files\dotnet\sdk\8.0.424\Sdks\Microsoft.NET.Sdk\targets\Microsoft.NET.DefaultOutputPaths.targets (137,5)
                   Property reassignment: $(IntermediateOutputPath)="obj\Debug\net8.0\" (previous value: "obj\Debug\") at C:\Program Files\dotnet\sdk\8.0.424\Sdks\Microsoft.NET.Sdk\targets\Microsoft.NET.DefaultOutputPaths.targets (142,5)
                   The "DefaultSdkResolver" resolver attempted to resolve the SDK "Microsoft.NET.SDK.WorkloadManifestTargetsLocator".
                   Warnings: null
                   Errors: MSB4276: The default SDK resolver failed to resolve SDK "Microsoft.NET.SDK.WorkloadManifestTargetsLocator" because directory "C:\Program Files\dotnet\sdk\8.0.424\Sdks\Microsoft.NET.SDK.WorkloadManifestTargetsLocator\Sdk" did not exist.
                   The SDK "Microsoft.NET.SDK.WorkloadManifestTargetsLocator" was successfully resolved by the "Microsoft.DotNet.MSBuildWorkloadSdkResolver" resolver to location "C:\Program Files\dotnet\sdk-manifests\8.0.100\microsoft.net.sdk.android\34.0.43" and version "null".
                   Property reassignment: $(_FrameworkIdentifierForImplicitDefine)="NET" (previous value: "NETCOREAPP") at C:\Program Files\dotnet\sdk\8.0.424\Sdks\Microsoft.NET.Sdk\targets\Microsoft.NET.Sdk.BeforeCommon.targets (187,5)
                   Property reassignment: $(_FrameworkVersionForImplicitDefine)="8_0" (previous value: "8.0") at C:\Program Files\dotnet\sdk\8.0.424\Sdks\Microsoft.NET.Sdk\targets\Microsoft.NET.Sdk.BeforeCommon.targets (192,5)
                   Property reassignment: $(CommandLineArgsForDesignTimeEvaluation)="-langversion:12.0 -define:TRACE" (previous value: "-langversion:12.0") at C:\Program Files\dotnet\sdk\8.0.424\Roslyn\Microsoft.CSharp.Core.targets (200,5)
                   Assembly loaded during Evaluation: Microsoft.Build.Utilities.Core, Version=15.1.0.0, Culture=neutral, PublicKeyToken=b03f5f7f11d50a3a (location: C:\Program Files\dotnet\sdk\8.0.424\Microsoft.Build.Utilities.Core.dll, MVID: 3ef2c93a-1391-4e37-a4e3-a5d04b06a824, AssemblyLoadContext: Default)
                   Property reassignment: $(_DebugSymbolsProduced)="true" (previous value: "false") at C:\Program Files\dotnet\sdk\8.0.424\Microsoft.Common.CurrentVersion.targets (175,5)
                   Property reassignment: $(_DocumentationFileProduced)="false" (previous value: "true") at C:\Program Files\dotnet\sdk\8.0.424\Microsoft.Common.CurrentVersion.targets (185,5)
                   Property reassignment: $(MSBuildCopyMarkerName)="FastDele.73896384" (previous value: "FastDelete.Core.csproj") at C:\Program Files\dotnet\sdk\8.0.424\Microsoft.Common.CurrentVersion.targets (392,5)
                   Property reassignment: $(MSBuildCopyMarkerName)="FastDele.73896384.Up2Date" (previous value: "FastDele.73896384") at C:\Program Files\dotnet\sdk\8.0.424\Microsoft.Common.CurrentVersion.targets (393,5)
                   Property reassignment: $(ProcessorArchitecture)="msil" (previous value: "") at C:\Program Files\dotnet\sdk\8.0.424\Microsoft.Common.CurrentVersion.targets (541,5)
                   Property reassignment: $(DelaySign)="" (previous value: "false") at C:\Program Files\dotnet\sdk\8.0.424\Microsoft.Common.CurrentVersion.targets (580,5)
                   Property 'LOCALAPPDATA' with value 'C:\Users\OdinLocal\AppData\Local' expanded from the environment.
                   Property reassignment: $(_SGenGenerateSerializationAssembliesConfig)="Auto" (previous value: "") at C:\Program Files\dotnet\sdk\8.0.424\Microsoft.Common.CurrentVersion.targets (3896,5)
                   Property reassignment: $(_SGenGenerateSerializationAssembliesConfig)="Off" (previous value: "Auto") at C:\Program Files\dotnet\sdk\8.0.424\Microsoft.Common.CurrentVersion.targets (3897,5)
                   Property reassignment: $(_TargetsThatPrepareProjectReferences)="
                         AssignProjectConfiguration;
                         _SplitProjectReferencesByFileExistence
                       " (previous value: "_SplitProjectReferencesByFileExistence") at C:\Program Files\dotnet\sdk\8.0.424\Microsoft.Common.CurrentVersion.targets (5099,5)
                   Property 'MSBuildExtensionsPath32' with value 'C:\Program Files\dotnet\sdk\8.0.424' expanded from the environment.
                   Assembly loaded during Evaluation: System.Threading.Tasks.Parallel, Version=8.0.0.0, Culture=neutral, PublicKeyToken=b03f5f7f11d50a3a (location: C:\Program Files\dotnet\shared\Microsoft.NETCore.App\8.0.30\System.Threading.Tasks.Parallel.dll, MVID: fcec8a91-aa0d-4305-bfb1-87c2e1a45d85, AssemblyLoadContext: Default)
                   Property reassignment: $(ProjectAssetsFile)="C:\Users\OdinLocal\Documents\Kimi\Workspaces\MediaOrganizer\FastDelete\src\FastDelete.Core\obj\project.assets.json" (previous value: "C:\Users\OdinLocal\Documents\Kimi\Workspaces\MediaOrganizer\FastDelete\src\FastDelete.Core\obj\/project.assets.json") at C:\Program Files\dotnet\sdk\8.0.424\Sdks\Microsoft.NET.Sdk\targets\Microsoft.PackageDependencyResolution.targets (24,5)
                   Property reassignment: $(ProjectAssetsCacheFile)="C:\Users\OdinLocal\Documents\Kimi\Workspaces\MediaOrganizer\FastDelete\src\FastDelete.Core\obj\Debug\net8.0\FastDelete.Core.assets.cache" (previous value: "obj\Debug\net8.0\FastDelete.Core.assets.cache") at C:\Program Files\dotnet\sdk\8.0.424\Sdks\Microsoft.NET.Sdk\targets\Microsoft.PackageDependencyResolution.targets (29,5)
                   Property reassignment: $(ResolveAssemblyReferencesDependsOn)="
                         
                         ResolveProjectReferences;
                         FindInvalidProjectReferences;
                         GetFrameworkPaths;
                         GetReferenceAssemblyPaths;
                         PrepareForBuild;
                         ResolveSDKReferences;
                         ExpandSDKReferences;
                       ;
                         ResolvePackageDependenciesForBuild;
                         _HandlePackageFileConflicts;
                       " (previous value: "
                         ResolveProjectReferences;
                         FindInvalidProjectReferences;
                         GetFrameworkPaths;
                         GetReferenceAssemblyPaths;
                         PrepareForBuild;
                         ResolveSDKReferences;
                         ExpandSDKReferences;
                       ") at C:\Program Files\dotnet\sdk\8.0.424\Sdks\Microsoft.NET.Sdk\targets\Microsoft.PackageDependencyResolution.targets (80,5)
                   Property reassignment: $(PrepareResourcesDependsOn)="
                         ResolvePackageDependenciesForBuild;
                         _HandlePackageFileConflicts;
                         
                         ;
                         PrepareResourceNames;
                         ResGen;
                         CompileLicxFiles
                       
                       " (previous value: "
                         ;
                         PrepareResourceNames;
                         ResGen;
                         CompileLicxFiles
                       ") at C:\Program Files\dotnet\sdk\8.0.424\Sdks\Microsoft.NET.Sdk\targets\Microsoft.PackageDependencyResolution.targets (86,5)
                   Property reassignment: $(DefaultItemExcludes)=";bin\Debug\/**;obj\Debug\/**;bin\/**" (previous value: ";bin\Debug\/**;obj\Debug\/**") at C:\Program Files\dotnet\sdk\8.0.424\Sdks\Microsoft.NET.Sdk\targets\Microsoft.NET.Sdk.DefaultItems.targets (27,5)
                   Property reassignment: $(DefaultItemExcludes)=";bin\Debug\/**;obj\Debug\/**;bin\/**;obj\/**" (previous value: ";bin\Debug\/**;obj\Debug\/**;bin\/**") at C:\Program Files\dotnet\sdk\8.0.424\Sdks\Microsoft.NET.Sdk\targets\Microsoft.NET.Sdk.DefaultItems.targets (29,5)
                   Property reassignment: $(DefaultItemExcludes)=";bin\Debug\/**;obj\Debug\/**;bin\/**;obj\/**;**/*.user" (previous value: ";bin\Debug\/**;obj\Debug\/**;bin\/**;obj\/**") at C:\Program Files\dotnet\sdk\8.0.424\Sdks\Microsoft.NET.Sdk\targets\Microsoft.NET.Sdk.DefaultItems.targets (32,5)
                   Property reassignment: $(DefaultItemExcludes)=";bin\Debug\/**;obj\Debug\/**;bin\/**;obj\/**;**/*.user;**/*.*proj" (previous value: ";bin\Debug\/**;obj\Debug\/**;bin\/**;obj\/**;**/*.user") at C:\Program Files\dotnet\sdk\8.0.424\Sdks\Microsoft.NET.Sdk\targets\Microsoft.NET.Sdk.DefaultItems.targets (33,5)
                   Property reassignment: $(DefaultItemExcludes)=";bin\Debug\/**;obj\Debug\/**;bin\/**;obj\/**;**/*.user;**/*.*proj;**/*.sln" (previous value: ";bin\Debug\/**;obj\Debug\/**;bin\/**;obj\/**;**/*.user;**/*.*proj") at C:\Program Files\dotnet\sdk\8.0.424\Sdks\Microsoft.NET.Sdk\targets\Microsoft.NET.Sdk.DefaultItems.targets (34,5)
                   Property reassignment: $(DefaultItemExcludes)=";bin\Debug\/**;obj\Debug\/**;bin\/**;obj\/**;**/*.user;**/*.*proj;**/*.sln;**/*.vssscc" (previous value: ";bin\Debug\/**;obj\Debug\/**;bin\/**;obj\/**;**/*.user;**/*.*proj;**/*.sln") at C:\Program Files\dotnet\sdk\8.0.424\Sdks\Microsoft.NET.Sdk\targets\Microsoft.NET.Sdk.DefaultItems.targets (35,5)
                   Property reassignment: $(DefaultItemExcludes)=";bin\Debug\/**;obj\Debug\/**;bin\/**;obj\/**;**/*.user;**/*.*proj;**/*.sln;**/*.vssscc;**/.DS_Store" (previous value: ";bin\Debug\/**;obj\Debug\/**;bin\/**;obj\/**;**/*.user;**/*.*proj;**/*.sln;**/*.vssscc") at C:\Program Files\dotnet\sdk\8.0.424\Sdks\Microsoft.NET.Sdk\targets\Microsoft.NET.Sdk.DefaultItems.targets (36,5)
                   Property reassignment: $(ResolveAssemblyReferencesDependsOn)="
                         
                         
                         ResolveProjectReferences;
                         FindInvalidProjectReferences;
                         GetFrameworkPaths;
                         GetReferenceAssemblyPaths;
                         PrepareForBuild;
                         ResolveSDKReferences;
                         ExpandSDKReferences;
                       ;
                         ResolvePackageDependenciesForBuild;
                         _HandlePackageFileConflicts;
                       ;
                         ResolveTargetingPackAssets;
                       " (previous value: "
                         
                         ResolveProjectReferences;
                         FindInvalidProjectReferences;
                         GetFrameworkPaths;
                         GetReferenceAssemblyPaths;
                         PrepareForBuild;
                         ResolveSDKReferences;
                         ExpandSDKReferences;
                       ;
                         ResolvePackageDependenciesForBuild;
                         _HandlePackageFileConflicts;
                       ") at C:\Program Files\dotnet\sdk\8.0.424\Sdks\Microsoft.NET.Sdk\targets\Microsoft.NET.Sdk.FrameworkReferenceResolution.targets (14,5)
                   Property reassignment: $(_GenerateRuntimeConfigurationPropertyInputsCache)="C:\Users\OdinLocal\Documents\Kimi\Workspaces\MediaOrganizer\FastDelete\src\FastDelete.Core\obj\Debug\net8.0\FastDelete.Core.genruntimeconfig.cache" (previous value: "obj\Debug\net8.0\FastDelete.Core.genruntimeconfig.cache") at C:\Program Files\dotnet\sdk\8.0.424\Sdks\Microsoft.NET.Sdk\targets\Microsoft.NET.Sdk.targets (44,5)
                   Property reassignment: $(_GeneratePublishDependencyFilePropertyInputsCache)="C:\Users\OdinLocal\Documents\Kimi\Workspaces\MediaOrganizer\FastDelete\src\FastDelete.Core\obj\Debug\net8.0\FastDelete.Core.genpublishdeps.cache" (previous value: "obj\Debug\net8.0\FastDelete.Core.genpublishdeps.cache") at C:\Program Files\dotnet\sdk\8.0.424\Sdks\Microsoft.NET.Sdk\targets\Microsoft.NET.Sdk.targets (46,5)
                   Property reassignment: $(_GenerateSingleFileBundlePropertyInputsCache)="C:\Users\OdinLocal\Documents\Kimi\Workspaces\MediaOrganizer\FastDelete\src\FastDelete.Core\obj\Debug\net8.0\FastDelete.Core.genbundle.cache" (previous value: "obj\Debug\net8.0\FastDelete.Core.genbundle.cache") at C:\Program Files\dotnet\sdk\8.0.424\Sdks\Microsoft.NET.Sdk\targets\Microsoft.NET.Sdk.targets (48,5)
                   Property reassignment: $(GenerateRuntimeConfigDevFile)="false" (previous value: "true") at C:\Program Files\dotnet\sdk\8.0.424\Sdks\Microsoft.NET.Sdk\targets\Microsoft.NET.Sdk.targets (81,5)
                   Property 'HOME' with value 'C:\Users\OdinLocal' expanded from the environment.
                   Property 'USERPROFILE' with value 'C:\Users\OdinLocal' expanded from the environment.
                   Property reassignment: $(_DefaultUserProfileRuntimeStorePath)="C:\Users\OdinLocal\.dotnet\store" (previous value: "C:\Users\OdinLocal") at C:\Program Files\dotnet\sdk\8.0.424\Sdks\Microsoft.NET.Sdk\targets\Microsoft.NET.Sdk.targets (98,5)
                   Property reassignment: $(AvailablePlatforms)="Any CPU,x86,x64,ARM32" (previous value: "Any CPU,x86,x64") at C:\Program Files\dotnet\sdk\8.0.424\Sdks\Microsoft.NET.Sdk\targets\Microsoft.NET.Sdk.targets (136,5)
                   Property reassignment: $(AvailablePlatforms)="Any CPU,x86,x64,ARM32,ARM64" (previous value: "Any CPU,x86,x64,ARM32") at C:\Program Files\dotnet\sdk\8.0.424\Sdks\Microsoft.NET.Sdk\targets\Microsoft.NET.Sdk.targets (140,5)
                   Property reassignment: $(CoreBuildDependsOn)="
                         _CheckForBuildWithNoBuild;
                         
                         BuildOnlySettings;
                         PrepareForBuild;
                         PreBuildEvent;
                         ResolveReferences;
                         PrepareResources;
                         ResolveKeySource;
                         Compile;
                         ExportWindowsMDFile;
                         UnmanagedUnregistration;
                         GenerateSerializationAssemblies;
                         CreateSatelliteAssemblies;
                         GenerateManifests;
                         GetTargetPath;
                         PrepareForRun;
                         UnmanagedRegistration;
                         IncrementalClean;
                         PostBuildEvent
                       ;
                         GenerateBuildDependencyFile;
                         GenerateBuildRuntimeConfigurationFiles
                       " (previous value: "
                         BuildOnlySettings;
                         PrepareForBuild;
                         PreBuildEvent;
                         ResolveReferences;
                         PrepareResources;
                         ResolveKeySource;
                         Compile;
                         ExportWindowsMDFile;
                         UnmanagedUnregistration;
                         GenerateSerializationAssemblies;
                         CreateSatelliteAssemblies;
                         GenerateManifests;
                         GetTargetPath;
                         PrepareForRun;
                         UnmanagedRegistration;
                         IncrementalClean;
                         PostBuildEvent
                       ") at C:\Program Files\dotnet\sdk\8.0.424\Sdks\Microsoft.NET.Sdk\targets\Microsoft.NET.Sdk.targets (197,5)
                   Property reassignment: $(CoreCleanDependsOn)="
                         _SdkBeforeClean;
                         
                       " (previous value: "") at C:\Program Files\dotnet\sdk\8.0.424\Sdks\Microsoft.NET.Sdk\targets\Microsoft.NET.Sdk.targets (206,5)
                   Property reassignment: $(RebuildDependsOn)="
                         _SdkBeforeRebuild;
                         
                         BeforeRebuild;
                         Clean;
                         Build;
                         AfterRebuild;
                       
                       " (previous value: "
                         BeforeRebuild;
                         Clean;
                         Build;
                         AfterRebuild;
                       ") at C:\Program Files\dotnet\sdk\8.0.424\Sdks\Microsoft.NET.Sdk\targets\Microsoft.NET.Sdk.targets (213,5)
                   Property reassignment: $(CompileDependsOn)="
                         
                         ResolveReferences;
                         ResolveKeySource;
                         SetWin32ManifestProperties;
                         _SetPreferNativeArm64Win32ManifestProperties;
                         FindReferenceAssembliesForReferences;
                         _GenerateCompileInputs;
                         BeforeCompile;
                         _TimeStampBeforeCompile;
                         _GenerateCompileDependencyCache;
                         CoreCompile;
                         _TimeStampAfterCompile;
                         AfterCompile;
                       ;
                         _CreateAppHost;
                         _CreateComHost;
                         _GetIjwHostPaths;
                       " (previous value: "
                         ResolveReferences;
                         ResolveKeySource;
                         SetWin32ManifestProperties;
                         _SetPreferNativeArm64Win32ManifestProperties;
                         FindReferenceAssembliesForReferences;
                         _GenerateCompileInputs;
                         BeforeCompile;
                         _TimeStampBeforeCompile;
                         _GenerateCompileDependencyCache;
                         CoreCompile;
                         _TimeStampAfterCompile;
                         AfterCompile;
                       ") at C:\Program Files\dotnet\sdk\8.0.424\Sdks\Microsoft.NET.Sdk\targets\Microsoft.NET.Sdk.targets (679,5)
                   Property reassignment: $(CreateSatelliteAssembliesDependsOn)="
                         
                         ;
                         _GenerateSatelliteAssemblyInputs;
                         ComputeIntermediateSatelliteAssemblies;
                         GenerateSatelliteAssemblies
                       ;
                         CoreGenerateSatelliteAssemblies
                       " (previous value: "
                         ;
                         _GenerateSatelliteAssemblyInputs;
                         ComputeIntermediateSatelliteAssemblies;
                         GenerateSatelliteAssemblies
                       ") at C:\Program Files\dotnet\sdk\8.0.424\Sdks\Microsoft.NET.Sdk\targets\Microsoft.NET.Sdk.targets (1065,5)
                   Property reassignment: $(SourceLinkUrlInitializerTargets)=";_InitializeGitHubSourceLinkUrl;_InitializeGitLabSourceLinkUrl" (previous value: ";_InitializeGitHubSourceLinkUrl") at C:\Program Files\dotnet\sdk\8.0.424\Sdks\Microsoft.SourceLink.GitLab\build\Microsoft.SourceLink.GitLab.targets (12,5)
                   Property reassignment: $(SourceControlManagerUrlTranslationTargets)=";TranslateGitHubUrlsInSourceControlInformation;TranslateGitLabUrlsInSourceControlInformation" (previous value: ";TranslateGitHubUrlsInSourceControlInformation") at C:\Program Files\dotnet\sdk\8.0.424\Sdks\Microsoft.SourceLink.GitLab\build\Microsoft.SourceLink.GitLab.targets (13,5)
                   Property reassignment: $(SourceLinkUrlInitializerTargets)=";_InitializeGitHubSourceLinkUrl;_InitializeGitLabSourceLinkUrl;_InitializeAzureReposGitSourceLinkUrl" (previous value: ";_InitializeGitHubSourceLinkUrl;_InitializeGitLabSourceLinkUrl") at C:\Program Files\dotnet\sdk\8.0.424\Sdks\Microsoft.SourceLink.AzureRepos.Git\build\Microsoft.SourceLink.AzureRepos.Git.targets (12,5)
                   Property reassignment: $(SourceControlManagerUrlTranslationTargets)=";TranslateGitHubUrlsInSourceControlInformation;TranslateGitLabUrlsInSourceControlInformation;TranslateAzureReposGitUrlsInSourceControlInformation" (previous value: ";TranslateGitHubUrlsInSourceControlInformation;TranslateGitLabUrlsInSourceControlInformation") at C:\Program Files\dotnet\sdk\8.0.424\Sdks\Microsoft.SourceLink.AzureRepos.Git\build\Microsoft.SourceLink.AzureRepos.Git.targets (13,5)
                   Property reassignment: $(SourceLinkUrlInitializerTargets)=";_InitializeGitHubSourceLinkUrl;_InitializeGitLabSourceLinkUrl;_InitializeAzureReposGitSourceLinkUrl;_InitializeBitbucketGitSourceLinkUrl" (previous value: ";_InitializeGitHubSourceLinkUrl;_InitializeGitLabSourceLinkUrl;_InitializeAzureReposGitSourceLinkUrl") at C:\Program Files\dotnet\sdk\8.0.424\Sdks\Microsoft.SourceLink.Bitbucket.Git\build\Microsoft.SourceLink.Bitbucket.Git.targets (12,5)
                   Property reassignment: $(SourceControlManagerUrlTranslationTargets)=";TranslateGitHubUrlsInSourceControlInformation;TranslateGitLabUrlsInSourceControlInformation;TranslateAzureReposGitUrlsInSourceControlInformation;TranslateBitbucketGitUrlsInSourceControlInformation" (previous value: ";TranslateGitHubUrlsInSourceControlInformation;TranslateGitLabUrlsInSourceControlInformation;TranslateAzureReposGitUrlsInSourceControlInformation") at C:\Program Files\dotnet\sdk\8.0.424\Sdks\Microsoft.SourceLink.Bitbucket.Git\build\Microsoft.SourceLink.Bitbucket.Git.targets (13,5)
                   Property reassignment: $(DesignerRuntimeImplementationProjectOutputGroupDependsOn)="
                         
                         ;
                         
                         ;
                         BuildOnlySettings;
                         PrepareForBuild;
                         AssignTargetPaths;
                         ResolveReferences
                       
                       ;
                         _GenerateDesignerDepsFile;
                         _GenerateDesignerRuntimeConfigFile;
                         GetCopyToOutputDirectoryItems;
                         _GatherDesignerShadowCopyFiles;
                       " (previous value: "
                         ;
                         
                         ;
                         BuildOnlySettings;
                         PrepareForBuild;
                         AssignTargetPaths;
                         ResolveReferences
                       
                       ") at C:\Program Files\dotnet\sdk\8.0.424\Sdks\Microsoft.NET.Sdk\targets\Microsoft.NET.DesignerSupport.targets (21,5)
                   Property reassignment: $(_GenerateToolsSettingsFileCacheFile)="C:\Users\OdinLocal\Documents\Kimi\Workspaces\MediaOrganizer\FastDelete\src\FastDelete.Core\obj\Debug\net8.0\FastDelete.Core.toolssettingsinput.cache" (previous value: "obj\Debug\net8.0\FastDelete.Core.toolssettingsinput.cache") at C:\Program Files\dotnet\sdk\8.0.424\Sdks\Microsoft.NET.Sdk\targets\Microsoft.NET.PackTool.targets (68,5)
                   Property reassignment: $(_ShimInputCacheFile)="C:\Users\OdinLocal\Documents\Kimi\Workspaces\MediaOrganizer\FastDelete\src\FastDelete.Core\obj\Debug\net8.0\FastDelete.Core.shiminput.cache" (previous value: "obj\Debug\net8.0\FastDelete.Core.shiminput.cache") at C:\Program Files\dotnet\sdk\8.0.424\Sdks\Microsoft.NET.Sdk\targets\Microsoft.NET.PackTool.targets (137,5)
                   Property reassignment: $(_ShimCreatedSentinelFile)="C:\Users\OdinLocal\Documents\Kimi\Workspaces\MediaOrganizer\FastDelete\src\FastDelete.Core\obj\Debug\net8.0\FastDelete.Core.shimcreated.sentinel" (previous value: "obj\Debug\net8.0\FastDelete.Core.shimcreated.sentinel") at C:\Program Files\dotnet\sdk\8.0.424\Sdks\Microsoft.NET.Sdk\targets\Microsoft.NET.PackTool.targets (139,5)
                   Property reassignment: $(DefineConstants)="TRACE;DEBUG" (previous value: "TRACE") at C:\Program Files\dotnet\sdk\8.0.424\Sdks\Microsoft.NET.Sdk\targets\Microsoft.NET.Sdk.CSharp.targets (31,5)
                   Property reassignment: $(DefineConstants)="TRACE;DEBUG;NET;NET8_0;NETCOREAPP" (previous value: "TRACE;DEBUG") at C:\Program Files\dotnet\sdk\8.0.424\Sdks\Microsoft.NET.Sdk\targets\Microsoft.NET.Sdk.CSharp.targets (34,5)
                   Property reassignment: $(WarningsAsErrors)=";NU1605;SYSLIB0011" (previous value: ";NU1605") at C:\Program Files\dotnet\sdk\8.0.424\Sdks\Microsoft.NET.Sdk\targets\Microsoft.NET.Sdk.CSharp.targets (48,5)
                   Property reassignment: $(PackageDescription)="Package Description" (previous value: "") at C:\Program Files\dotnet\sdk\8.0.424\Sdks\NuGet.Build.Tasks.Pack\build\NuGet.Build.Tasks.Pack.targets (34,5)
                   Property reassignment: $(GenerateNuspecDependsOn)="Build;_LoadPackInputItems; _GetTargetFrameworksOutput; _WalkEachTargetPerFramework; _GetPackageFiles; " (previous value: "_LoadPackInputItems; _GetTargetFrameworksOutput; _WalkEachTargetPerFramework; _GetPackageFiles; ") at C:\Program Files\dotnet\sdk\8.0.424\Sdks\NuGet.Build.Tasks.Pack\build\NuGet.Build.Tasks.Pack.targets (59,5)
                   Property reassignment: $(_IsNotSetContainersTargetsDir)="true" (previous value: "false") at C:\Program Files\dotnet\sdk\8.0.424\Sdks\Microsoft.NET.Sdk\Sdk\Sdk.targets (59,5)
                   Property reassignment: $(_IsSDKContainerAllowedVersion)="true" (previous value: "false") at C:\Program Files\dotnet\sdk\8.0.424\Containers\build\Microsoft.NET.Build.Containers.targets (5,5)
                   Property reassignment: $(_ContainerIsTargetingNet8TFM)="true" (previous value: "false") at C:\Program Files\dotnet\sdk\8.0.424\Containers\build\Microsoft.NET.Build.Containers.targets (15,5)
                   Assembly loaded during Evaluation: System.Reflection.Emit.Lightweight, Version=8.0.0.0, Culture=neutral, PublicKeyToken=b03f5f7f11d50a3a (location: C:\Program Files\dotnet\shared\Microsoft.NETCore.App\8.0.30\System.Reflection.Emit.Lightweight.dll, MVID: 350e3956-a5ef-4d43-b7ae-90bf00066ae9, AssemblyLoadContext: Default)
                   Assembly loaded during Evaluation: System.Reflection.Emit.ILGeneration, Version=8.0.0.0, Culture=neutral, PublicKeyToken=b03f5f7f11d50a3a (location: C:\Program Files\dotnet\shared\Microsoft.NETCore.App\8.0.30\System.Reflection.Emit.ILGeneration.dll, MVID: 1725dafd-8e1d-4ce6-9a73-88b412629dba, AssemblyLoadContext: Default)
                   Assembly loaded during Evaluation: System.Reflection.Primitives, Version=8.0.0.0, Culture=neutral, PublicKeyToken=b03f5f7f11d50a3a (location: C:\Program Files\dotnet\shared\Microsoft.NETCore.App\8.0.30\System.Reflection.Primitives.dll, MVID: 433950f5-6d22-4719-83c9-ade1280a82b0, AssemblyLoadContext: Default)
                   Overriding target "ResolveFrameworkReferences" in project "C:\Program Files\dotnet\sdk\8.0.424\Microsoft.Common.CurrentVersion.targets" with target "ResolveFrameworkReferences" from project "C:\Program Files\dotnet\sdk\8.0.424\Sdks\Microsoft.NET.Sdk\targets\Microsoft.NET.Sdk.FrameworkReferenceResolution.targets".
                   Overriding target "Run" in project "C:\Program Files\dotnet\sdk\8.0.424\Microsoft.Common.CurrentVersion.targets" with target "Run" from project "C:\Program Files\dotnet\sdk\8.0.424\Sdks\Microsoft.NET.Sdk\targets\Microsoft.NET.Sdk.targets".
                   Overriding target "GenerateSupportedTargetFrameworkAlias" in project "C:\Program Files\dotnet\sdk\8.0.424\Microsoft.Common.CurrentVersion.targets" with target "GenerateSupportedTargetFrameworkAlias" from project "C:\Program Files\dotnet\sdk\8.0.424\Sdks\Microsoft.NET.Sdk\targets\Microsoft.NET.Sdk.targets".
                   Overriding target "GetReferenceAssemblyPaths" in project "C:\Program Files\dotnet\sdk\8.0.424\Microsoft.Common.CurrentVersion.targets" with target "GetReferenceAssemblyPaths" from project "C:\Program Files\dotnet\sdk\8.0.424\Sdks\Microsoft.NET.Sdk\targets\Microsoft.NET.DisableStandardFrameworkResolution.targets".
                   Overriding target "GetFrameworkPaths" in project "C:\Program Files\dotnet\sdk\8.0.424\Microsoft.Common.CurrentVersion.targets" with target "GetFrameworkPaths" from project "C:\Program Files\dotnet\sdk\8.0.424\Sdks\Microsoft.NET.Sdk\targets\Microsoft.NET.DisableStandardFrameworkResolution.targets".
                   Overriding target "DesignerRuntimeImplementationProjectOutputGroup" in project "C:\Program Files\dotnet\sdk\8.0.424\Microsoft.Common.CurrentVersion.targets" with target "DesignerRuntimeImplementationProjectOutputGroup" from project "C:\Program Files\dotnet\sdk\8.0.424\Sdks\Microsoft.NET.Sdk\targets\Microsoft.NET.DesignerSupport.targets".
                   Overriding target "Publish" in project "C:\Program Files\dotnet\sdk\8.0.424\Microsoft.Common.CurrentVersion.targets" with target "Publish" from project "C:\Program Files\dotnet\sdk\8.0.424\Sdks\Microsoft.NET.Sdk\targets\Microsoft.NET.Publish.targets".
                   Overriding target "ResolveReadyToRunCompilers" in project "C:\Program Files\dotnet\sdk\8.0.424\Sdks\Microsoft.NET.Sdk\targets\Microsoft.NET.CrossGen.targets" with target "ResolveReadyToRunCompilers" from project "C:\Program Files\dotnet\sdk\8.0.424\Sdks\Microsoft.NET.Sdk\targets\Microsoft.NET.Publish.targets".
                   Overriding target "GetCopyToPublishDirectoryItems" in project "C:\Program Files\dotnet\sdk\8.0.424\Microsoft.Common.CurrentVersion.targets" with target "GetCopyToPublishDirectoryItems" from project "C:\Program Files\dotnet\sdk\8.0.424\Sdks\Microsoft.NET.Sdk\targets\Microsoft.NET.Publish.targets".
23:01:22.491     0>Initial Properties:
                   __DisableWorkloadResolverSentinelPath = C:\Program Files\dotnet\sdk\8.0.424\DisableWorkloadResolver.sentinel
                   __WindowsAppSdkDefaultImageIncludes = **/*.png;**/*.bmp;**/*.jpg;**/*.dds;**/*.tif;**/*.tga;**/*.gif
                   _AfterSdkPublishDependsOn = Publish
                   _BeforePublishNoBuildTargets = 
                         BuildOnlySettings;
                         _PreventProjectReferencesFromBuilding;
                         ResolveReferences;
                         PrepareResourceNames;
                         ComputeIntermediateSatelliteAssemblies;
                         ComputeEmbeddedApphostPaths;
                       
                   _BinaryFormatterObsoleteAsError = true
                   _ContainerIsSelfContained = false
                   _ContainerIsTargetingNet8TFM = true
                   _ContainersTargetsDir = C:\Program Files\dotnet\sdk\8.0.424\Sdks\Microsoft.NET.Sdk\Sdk\..\..\..\Containers\build\
                   _CorePublishTargets = 
                         PrepareForPublish;
                         ComputeAndCopyFilesToPublishDirectory;
                         ;
                         PublishItemsOutputGroup;
                       
                   _DebugSymbolsProduced = true
                   _DefaultArtifactsPathPropsImported = true
                   _DefaultUserProfileRuntimeStorePath = C:\Users\OdinLocal\.dotnet\store
                   _DeploymentApplicationManifestIdentity = Native.FastDelete.Core
                   _DeploymentBuiltUpdateInterval = 0
                   _DeploymentBuiltUpdateIntervalUnits = Days
                   _DeploymentDeployManifestIdentity = FastDelete.Core.application
                   _DeploymentFileMappingExtension = 
                   _DeploymentLauncherBased = true
                   _DeploymentTargetApplicationManifestFileName = Native.FastDelete.Core.manifest
                   _DeploymentUrl = 
                   _DesignerDepsFileName = FastDelete.Core.designer.deps.json
                   _DesignerDepsFilePath = obj\Debug\net8.0\FastDelete.Core.designer.deps.json
                   _DesignerRuntimeConfigFileName = FastDelete.Core.designer.runtimeconfig.json
                   _DesignerRuntimeConfigFilePath = obj\Debug\net8.0\FastDelete.Core.designer.runtimeconfig.json
                   _DirectoryBuildPropsBasePath = 
                   _DirectoryBuildPropsFile = Directory.Build.props
                   _DirectoryBuildTargetsBasePath = 
                   _DirectoryBuildTargetsFile = Directory.Build.targets
                   _DirectoryPackagesPropsBasePath = 
                   _DirectoryPackagesPropsFile = Directory.Packages.props
                   _DocumentationFileProduced = false
                   _DotNetAppHostExecutableName = apphost
                   _DotNetAppHostExecutableNameWithoutExtension = apphost
                   _DotNetComHostLibraryName = comhost
                   _DotNetComHostLibraryNameWithoutExtension = comhost
                   _DotNetHostExecutableName = dotnet
                   _DotNetHostFxrLibraryName = libhostfxr.so
                   _DotNetHostPolicyLibraryName = libhostpolicy.so
                   _DotNetIjwHostLibraryName = Ijwhost
                   _DotNetIjwHostLibraryNameWithoutExtension = Ijwhost
                   _DotNetSingleFileHostExecutableNameWithoutExtension = singlefilehost
                   _EnableDefaultWindowsPlatform = false
                   _FrameworkIdentifierForImplicitDefine = NET
                   _FrameworkVersionForImplicitDefine = 8_0
                   _GenerateBindingRedirectsIntermediateAppConfig = obj\Debug\net8.0\FastDelete.Core.dll.config
                   _GeneratePublishDependencyFilePropertyInputsCache = C:\Users\OdinLocal\Documents\Kimi\Workspaces\MediaOrganizer\FastDelete\src\FastDelete.Core\obj\Debug\net8.0\FastDelete.Core.genpublishdeps.cache
                   _GenerateRestoreGraphProjectEntryInputProperties = ExcludeRestorePackageImports=true
                   _GenerateRuntimeConfigurationPropertyInputsCache = C:\Users\OdinLocal\Documents\Kimi\Workspaces\MediaOrganizer\FastDelete\src\FastDelete.Core\obj\Debug\net8.0\FastDelete.Core.genruntimeconfig.cache
                   _GenerateSingleFileBundlePropertyInputsCache = C:\Users\OdinLocal\Documents\Kimi\Workspaces\MediaOrganizer\FastDelete\src\FastDelete.Core\obj\Debug\net8.0\FastDelete.Core.genbundle.cache
                   _GenerateSourceLinkFileBeforeTargets = CoreCompile
                   _GenerateSourceLinkFileDependsOnTargets = 
                   _GenerateSupportedRuntimeIntermediateAppConfig = obj\Debug\net8.0\FastDelete.Core.dll.withSupportedRuntime.config
                   _GenerateToolsSettingsFileCacheFile = C:\Users\OdinLocal\Documents\Kimi\Workspaces\MediaOrganizer\FastDelete\src\FastDelete.Core\obj\Debug\net8.0\FastDelete.Core.toolssettingsinput.cache
                   _GetChildProjectCopyToOutputDirectoryItems = true
                   _GetChildProjectCopyToPublishDirectoryItems = true
                   _InitialBaseIntermediateOutputPath = obj\
                   _IsNETCoreOrNETStandard = true
                   _IsNotSetContainersTargetsDir = true
                   _IsSDKContainerAllowedVersion = true
                   _LatestAnalysisLevel = 8.0
                   _MaxSupportedLangVersion = 12.0
                   _MicrosoftSourceLinkCommonAssemblyFile = C:\Program Files\dotnet\sdk\8.0.424\Sdks\Microsoft.SourceLink.Common\build\..\tools\core\Microsoft.SourceLink.Common.dll
                   _MinimumNonEolSupportedNetCoreTargetFramework = net8.0
                   _NativeLibraryExtension = .so
                   _NativeLibraryPrefix = lib
                   _NETAnalyzersSDKAssemblyVersion = 8.0.0
                   _NETCoreSdkIsPreview = false
                   _NetFrameworkHostedCompilersVersion = 4.11.0-3.25569.22
                   _NoneAnalysisLevel = 4.0
                   _NugetFallbackFolder = C:\Program Files\dotnet\sdk\8.0.424\Sdks\Microsoft.NET.Sdk\targets\..\..\..\..\NuGetFallbackFolder
                   _NugetTargetMonikerAndRID = .NETCoreApp,Version=v8.0
                   _OriginalConfiguration = Debug
                   _OriginalPlatform = AnyCPU
                   _PackToolPublishDependency = _PublishBuildAlternative
                   _PlatformWithoutConfigurationInference = AnyCPU
                   _PreviewAnalysisLevel = 9.0
                   _ProjectDefaultTargets = Build
                   _PublishNoBuildAlternativeDependsOn = 
                         BuildOnlySettings;
                         _PreventProjectReferencesFromBuilding;
                         ResolveReferences;
                         PrepareResourceNames;
                         ComputeIntermediateSatelliteAssemblies;
                         ComputeEmbeddedApphostPaths;
                       ;
                         PrepareForPublish;
                         ComputeAndCopyFilesToPublishDirectory;
                         ;
                         PublishItemsOutputGroup;
                       
                   _PublishProfileDesignerFolder = Properties
                   _PublishProfileRootFolder = C:\Users\OdinLocal\Documents\Kimi\Workspaces\MediaOrganizer\FastDelete\src\FastDelete.Core\Properties\PublishProfiles\
                   _RecursiveTargetForContentCopying = GetCopyToOutputDirectoryItems
                   _ResolveReferenceDependencies = false
                   _RuntimePackInWorkloadVersion6 = 6.0.36
                   _RuntimePackInWorkloadVersion7 = 7.0.20
                   _RuntimePackInWorkloadVersionCurrent = 8.0.30
                   _SGenDllCreated = false
                   _SGenDllName = FastDelete.Core.XmlSerializers.dll
                   _SGenGenerateSerializationAssembliesConfig = Off
                   _ShimCreatedSentinelFile = C:\Users\OdinLocal\Documents\Kimi\Workspaces\MediaOrganizer\FastDelete\src\FastDelete.Core\obj\Debug\net8.0\FastDelete.Core.shimcreated.sentinel
                   _ShimInputCacheFile = C:\Users\OdinLocal\Documents\Kimi\Workspaces\MediaOrganizer\FastDelete\src\FastDelete.Core\obj\Debug\net8.0\FastDelete.Core.shiminput.cache
                   _SourceLinkAzureReposGitAssemblyFile = C:\Program Files\dotnet\sdk\8.0.424\Sdks\Microsoft.SourceLink.AzureRepos.Git\build\..\tools\core\Microsoft.SourceLink.AzureRepos.Git.dll
                   _SourceLinkBitbucketAssemblyFile = C:\Program Files\dotnet\sdk\8.0.424\Sdks\Microsoft.SourceLink.Bitbucket.Git\build\..\tools\core\Microsoft.SourceLink.Bitbucket.Git.dll
                   _SourceLinkGitHubAssemblyFile = C:\Program Files\dotnet\sdk\8.0.424\Sdks\Microsoft.SourceLink.GitHub\build\..\tools\core\Microsoft.SourceLink.GitHub.dll
                   _SourceLinkGitLabAssemblyFile = C:\Program Files\dotnet\sdk\8.0.424\Sdks\Microsoft.SourceLink.GitLab\build\..\tools\core\Microsoft.SourceLink.GitLab.dll
                   _SourceLinkPropsImported = true
                   _SourceLinkSdkSubDir = build
                   _SupportedArchitectures = amd64 arm64
                   _SupportedPlatformList = @(SupportedPlatform, ',')
                   _TargetFrameworkDirectories = 
                   _TargetFrameworkVersionValue = 0.0
                   _TargetFrameworkVersionWithoutV = 8.0
                   _TargetLatestRuntimePatchIsDefault = true
                   _TargetsThatPrepareProjectReferences = 
                         AssignProjectConfiguration;
                         _SplitProjectReferencesByFileExistence
                       
                   _ToolsSettingsFilePath = obj\DotnetToolSettings.xml
                   _UseAttributeForTargetFrameworkInfoPropertyNames = true
                   _UsingDefaultForHasRuntimeOutput = true
                   _UsingDefaultPlatformTarget = true
                   _WindowsDesktopSdkTargetFrameworkVersionFloor = 3.0
                   _WorkloadLibraryPacksFolder = C:\Program Files\dotnet\library-packs
                   AddAdditionalExplicitAssemblyReferences = false
                   AllowedOutputExtensionsInPackageBuildOutputFolder = .dll; .exe; .winmd; .json; .pri; .xml ;
                   AllowedOutputExtensionsInSymbolsPackageBuildOutputFolder = .pdb; .mdb; .dll; .exe; .winmd; .json; .pri; .xml ;; 
                   AllowedReferenceAssemblyFileExtensions = 
                         .winmd;
                         .dll;
                         .exe
                       
                   AllowedReferenceRelatedFileExtensions = 
                         .pdb;
                         .xml;
                         .pri;
                         .dll.config;
                         .exe.config
                       
                   AllowUnsafeBlocks = false
                   AlwaysIncludeCoreFrameworkInRuntimeConfig = true
                   AlwaysUseNumericalSuffixInItemNames = true
                   AnalysisLevel = latest
                   ApiCompatValidatePackageSemaphoreFile = obj\Debug\net8.0\Microsoft.NET.ApiCompat.ValidatePackage.semaphore
                   AppDesignerFolder = Properties
                   AppendPlatformToOutputPath = false
                   AppendRuntimeIdentifierToOutputPath = true
                   AppendTargetFrameworkToOutputPath = true
                   AssemblyFoldersConfigFile = C:\Program Files\dotnet\sdk\8.0.424\AssemblyFolders.config
                   AssemblyFoldersSuffix = AssemblyFoldersEx
                   AssemblyName = FastDelete.Core
                   AssemblySearchPaths = {CandidateAssemblyFiles};{HintPathFromItem};{TargetFrameworkDirectory};{RawFileName}
                   AssemblyTitle = FastDelete.Core
                   AssetTargetFallback = ;net461;net462;net47;net471;net472;net48;net481
                   AssignTargetPathsDependsOn = 
                   Authors = FastDelete.Core
                   AutomaticallyUseReferenceAssemblyPackages = true
                   AutoUnifyAssemblyReferences = true
                   AvailablePlatforms = Any CPU,x86,x64,ARM32,ARM64
                   BackwardsCompatFrameworkDefine = NETCOREAPP
                   BaseIntermediateOutputPath = obj\
                   BaseOutputPath = bin\
                   BaseOutputPathWasSpecified = true
                   BuildCompileAction = Build
                   BuildDependsOn = 
                         BeforeBuild;
                         CoreBuild;
                         AfterBuild
                       
                   BuildGenerateSourcesAction = Build
                   BuildingProject = false
                   BuildInParallel = true
                   BuildLinkAction = Build
                   BuildOutputTargetFolder = lib
                   BuildProjectReferences = true
                   BuiltProjectOutputGroupDependenciesDependsOn = 
                         ;
                         
                         ;
                         BuildOnlySettings;
                         PrepareForBuild;
                         AssignTargetPaths;
                         ResolveReferences
                       
                       
                   BuiltProjectOutputGroupDependsOn = PrepareForBuild
                   BundledNETCoreAppPackageVersion = 8.0.30
                   BundledNETCoreAppTargetFrameworkVersion = 8.0
                   BundledNETCorePlatformsPackageVersion = 8.0.30-servicing.26367.20
                   BundledNETStandardPackageVersion = 2.1.0
                   BundledNETStandardTargetFrameworkVersion = 2.1
                   BundledRuntimeIdentifierGraphFile = C:\Program Files\dotnet\sdk\8.0.424\RuntimeIdentifierGraph.json
                   CheckEolWorkloads = true
                   CheckForOverflowUnderflow = false
                   CleanDependsOn = 
                         BeforeClean;
                         UnmanagedUnregistration;
                         CoreClean;
                         CleanReferencedProjects;
                         CleanPublishFolder;
                         AfterClean
                       
                   CleanFile = FastDelete.Core.csproj.FileListAbsolute.txt
                   ClickOncePublishDir = bin\Debug\net8.0\publish\
                   CodeAnalysisRuleIds = CA1000;CA1001;CA1002;CA1003;CA1005;CA1008;CA1010;CA1012;CA1014;CA1016;CA1017;CA1018;CA1019;CA1021;CA1024;CA1027;CA1028;CA1030;CA1031;CA1032;CA1033;CA1034;CA1036;CA1040;CA1041;CA1043;CA1044;CA1045;CA1046;CA1047;CA1050;CA1051;CA1052;CA1054;CA1055;CA1056;CA1058;CA1060;CA1061;CA1062;CA1063;CA1064;CA1065;CA1066;CA1067;CA1068;CA1069;CA1070;CA1200;CA1303;CA1304;CA1305;CA1307;CA1308;CA1309;CA1310;CA1311;CA1401;CA1416;CA1417;CA1418;CA1419;CA1420;CA1421;CA1422;CA1501;CA1502;CA1505;CA1506;CA1507;CA1508;CA1509;CA1510;CA1511;CA1512;CA1513;CA1700;CA1707;CA1708;CA1710;CA1711;CA1712;CA1713;CA1715;CA1716;CA1720;CA1721;CA1724;CA1725;CA1727;CA1802;CA1805;CA1806;CA1810;CA1812;CA1813;CA1814;CA1815;CA1816;CA1819;CA1820;CA1821;CA1822;CA1823;CA1824;CA1825;CA1826;CA1827;CA1828;CA1829;CA1830;CA1831;CA1832;CA1833;CA1834;CA1835;CA1836;CA1837;CA1838;CA1839;CA1840;CA1841;CA1842;CA1843;CA1844;CA1845;CA1846;CA1847;CA1848;CA1849;CA1850;CA1851;CA1852;CA1853;CA1854;CA1855;CA1856;CA1857;CA1858;CA1859;CA1860;CA1861;CA1862;CA1863;CA1864;CA1865;CA1866;CA1867;CA1868;CA1869;CA1870;CA2000;CA2002;CA2007;CA2008;CA2009;CA2011;CA2012;CA2013;CA2014;CA2015;CA2016;CA2017;CA2018;CA2019;CA2020;CA2021;CA2100;CA2101;CA2119;CA2153;CA2200;CA2201;CA2207;CA2208;CA2211;CA2213;CA2214;CA2215;CA2216;CA2217;CA2218;CA2219;CA2224;CA2225;CA2226;CA2227;CA2231;CA2234;CA2235;CA2237;CA2241;CA2242;CA2243;CA2244;CA2245;CA2246;CA2247;CA2248;CA2249;CA2250;CA2251;CA2252;CA2253;CA2254;CA2255;CA2256;CA2257;CA2258;CA2259;CA2260;CA2261;CA2300;CA2301;CA2302;CA2305;CA2310;CA2311;CA2312;CA2315;CA2321;CA2322;CA2326;CA2327;CA2328;CA2329;CA2330;CA2350;CA2351;CA2352;CA2353;CA2354;CA2355;CA2356;CA2361;CA2362;CA3001;CA3002;CA3003;CA3004;CA3005;CA3006;CA3007;CA3008;CA3009;CA3010;CA3011;CA3012;CA3061;CA3075;CA3076;CA3077;CA3147;CA5350;CA5351;CA5358;CA5359;CA5360;CA5361;CA5362;CA5363;CA5364;CA5365;CA5366;CA5367;CA5368;CA5369;CA5370;CA5371;CA5372;CA5373;CA5374;CA5375;CA5376;CA5377;CA5378;CA5379;CA5380;CA5381;CA5382;CA5383;CA5384;CA5385;CA5386;CA5387;CA5388;CA5389;CA5390;CA5391;CA5392;CA5393;CA5394;CA5395;CA5396;CA5397;CA5398;CA5399;CA5400;CA5401;CA5402;CA5403;CA5404;CA5405
                   CodeAnalysisTargets = C:\Program Files\dotnet\sdk\8.0.424\Microsoft\VisualStudio\v17.0\CodeAnalysis\Microsoft.CodeAnalysis.targets
                   CommandLineArgsForDesignTimeEvaluation = -langversion:12.0 -define:TRACE
                   CommonOutputGroupsDependsOn = 
                         ;
                         BuildOnlySettings;
                         PrepareForBuild;
                         AssignTargetPaths;
                         ResolveReferences
                       
                   CommonTargetsPath = C:\Program Files\dotnet\sdk\8.0.424\Microsoft.Common.CurrentVersion.targets
                   CommonXamlResourcesDirectory = C:\Program Files\dotnet\sdk\8.0.424\\
                   Company = FastDelete.Core
                   CompileDependsOn = 
                         
                         ResolveReferences;
                         ResolveKeySource;
                         SetWin32ManifestProperties;
                         _SetPreferNativeArm64Win32ManifestProperties;
                         FindReferenceAssembliesForReferences;
                         _GenerateCompileInputs;
                         BeforeCompile;
                         _TimeStampBeforeCompile;
                         _GenerateCompileDependencyCache;
                         CoreCompile;
                         _TimeStampAfterCompile;
                         AfterCompile;
                       ;
                         _CreateAppHost;
                         _CreateComHost;
                         _GetIjwHostPaths;
                       
                   CompileLicxFilesDependsOn = 
                   CompilerApiVersion = roslyn4.11
                   CompilerGeneratedFilesOutputPath = 
                   ComputeIntermediateSatelliteAssembliesDependsOn = 
                         CreateManifestResourceNames
                       
                   ComputeNETCoreBuildOutputFiles = true
                   ComReferenceExecuteAsTool = false
                   ComReferenceNoClassMembers = false
                   Configuration = Debug
                   ConfigurationName = Debug
                   Configurations = Debug;Release
                   ConsiderPlatformAsProcessorArchitecture = true
                   ContainerCustomTasksAssembly = C:\Program Files\dotnet\sdk\8.0.424\Containers\build\..\tasks\net8.0\Microsoft.NET.Build.Containers.dll
                   ContainerCustomTasksFolder = C:\Program Files\dotnet\sdk\8.0.424\Containers\build\..\tasks\net8.0\
                   ContainerizeFolder = C:\Program Files\dotnet\sdk\8.0.424\Containers\build\..\containerize\
                   ContainerizeFolderName = containerize
                   ContainerTaskFolderName = tasks
                   ContainerTaskFramework = net8.0
                   ContentFilesProjectOutputGroupDependsOn = PrepareForBuild;AssignTargetPaths
                   ContentPreprocessorOutputDirectory = obj\Debug\net8.0\NuGet\
                   ContentTargetFolders = content;contentFiles
                   ContinueOnError = false
                   CopyBuildOutputToPublishDirectory = true
                   CopyConflictingTransitiveContent = false
                   CopyLocalLockFileAssemblies = false
                   CopyOutputSymbolsToPublishDirectory = true
                   CoreBuildDependsOn = 
                         _CheckForBuildWithNoBuild;
                         
                         BuildOnlySettings;
                         PrepareForBuild;
                         PreBuildEvent;
                         ResolveReferences;
                         PrepareResources;
                         ResolveKeySource;
                         Compile;
                         ExportWindowsMDFile;
                         UnmanagedUnregistration;
                         GenerateSerializationAssemblies;
                         CreateSatelliteAssemblies;
                         GenerateManifests;
                         GetTargetPath;
                         PrepareForRun;
                         UnmanagedRegistration;
                         IncrementalClean;
                         PostBuildEvent
                       ;
                         GenerateBuildDependencyFile;
                         GenerateBuildRuntimeConfigurationFiles
                       
                   CoreCleanDependsOn = 
                         _SdkBeforeClean;
                         
                       
                   CoreCompileDependsOn = ;_ComputeNonExistentFileProperty;ResolveCodeAnalysisRuleSet
                   CoreResGenDependsOn = FindReferenceAssembliesForReferences
                   CreateCustomManifestResourceNamesDependsOn = 
                   CreateHardLinksForCopyAdditionalFilesIfPossible = false
                   CreateManifestResourceNamesDependsOn = 
                   CreateSatelliteAssembliesDependsOn = 
                         
                         ;
                         _GenerateSatelliteAssemblyInputs;
                         ComputeIntermediateSatelliteAssemblies;
                         GenerateSatelliteAssemblies
                       ;
                         CoreGenerateSatelliteAssemblies
                       
                   CreateSymbolicLinksForCopyAdditionalFilesIfPossible = false
                   CSharpCoreTargetsPath = C:\Program Files\dotnet\sdk\8.0.424\Roslyn\Microsoft.CSharp.Core.targets
                   CSharpDesignTimeTargetsPath = C:\Program Files\dotnet\sdk\8.0.424\\Microsoft\VisualStudio\Managed\Microsoft.CSharp.DesignTime.targets
                   CSharpTargetsPath = C:\Program Files\dotnet\sdk\8.0.424\Microsoft.CSharp.CurrentVersion.targets
                   CustomAfterDirectoryBuildProps = ;C:\Program Files\dotnet\sdk\8.0.424\Sdks\Microsoft.NET.Sdk\Sdk\UseArtifactsOutputPath.props
                   CustomAfterMicrosoftCommonProps = C:\Program Files\dotnet\sdk\8.0.424\\vCurrent\Custom.After.Microsoft.Common.props
                   CustomAfterMicrosoftCommonTargets = C:\Program Files\dotnet\sdk\8.0.424\\vCurrent\Custom.After.Microsoft.Common.targets
                   CustomAfterMicrosoftCSharpTargets = C:\Program Files\dotnet\sdk\8.0.424\\vCurrent\Custom.After.Microsoft.CSharp.targets
                   CustomBeforeMicrosoftCommonProps = C:\Program Files\dotnet\sdk\8.0.424\\vCurrent\Custom.Before.Microsoft.Common.props
                   CustomBeforeMicrosoftCommonTargets = C:\Program Files\dotnet\sdk\8.0.424\\vCurrent\Custom.Before.Microsoft.Common.targets
                   CustomBeforeMicrosoftCSharpTargets = C:\Program Files\dotnet\sdk\8.0.424\\vCurrent\Custom.Before.Microsoft.CSharp.targets
                   DebugSymbols = true
                   DebugSymbolsProjectOutputGroupDependenciesDependsOn = 
                         ;
                         
                         ;
                         BuildOnlySettings;
                         PrepareForBuild;
                         AssignTargetPaths;
                         ResolveReferences
                       
                       
                   DebugSymbolsProjectOutputGroupDependsOn = 
                   DebugType = portable
                   DefaultAllowedOutputExtensionsInPackageBuildOutputFolder = .dll; .exe; .winmd; .json; .pri; .xml
                   DefaultCopyToPublishDirectoryMetadata = true
                   DefaultExcludesInProjectFolder = ;;**/.*/**
                   DefaultImplicitPackages = Microsoft.NETCore.App;NETStandard.Library
                   DefaultItemExcludes = ;bin\Debug\/**;obj\Debug\/**;bin\/**;obj\/**;**/*.user;**/*.*proj;**/*.sln;**/*.vssscc;**/.DS_Store
                   DefaultLanguageSourceExtension = .cs
                   DefaultProjectTypeGuid = {FAE04EC0-301F-11D3-BF4B-00C04F79EFBC}
                   DefineCommonCapabilities = true
                   DefineCommonItemSchemas = true
                   DefineCommonReferenceSchemas = true
                   DefineConstants = TRACE;DEBUG;NET;NET8_0;NETCOREAPP
                   DelaySign = 
                   DeploymentComputeClickOnceManifestInfoDependsOn = 
                         CleanPublishFolder;
                         GetCopyToOutputDirectoryItems;
                         _DeploymentGenerateTrustInfo
                         
                       
                   DesignerRuntimeImplementationProjectOutputGroupDependsOn = 
                         
                         ;
                         
                         ;
                         BuildOnlySettings;
                         PrepareForBuild;
                         AssignTargetPaths;
                         ResolveReferences
                       
                       ;
                         _GenerateDesignerDepsFile;
                         _GenerateDesignerRuntimeConfigFile;
                         GetCopyToOutputDirectoryItems;
                         _GatherDesignerShadowCopyFiles;
                       
                   DesignTimeAssemblySearchPaths = {CandidateAssemblyFiles};{HintPathFromItem};{TargetFrameworkDirectory};{RawFileName}
                   DesignTimeAutoUnify = true
                   DesignTimeResolveAssemblyReferencesDependsOn = 
                         GetFrameworkPaths;
                         GetReferenceAssemblyPaths;
                         ResolveReferences
                       
                   Deterministic = true
                   DevEnvDir = *Undefined*
                   DisableHandlePackageFileConflicts = true
                   DisableLogTaskParameter_ConvertToAbsolutePath_Path = true
                   DisableLogTaskParameter_FindUnderPath_OutOfPath = true
                   DisableLogTaskParameter_RemoveDuplicates_Inputs = true
                   DisableLogTaskParameterItemMetadata_ConvertToAbsolutePath_AbsolutePaths = true
                   DisableLogTaskParameterItemMetadata_Copy_CopiedFiles = true
                   DisableLogTaskParameterItemMetadata_Copy_DestinationFiles = true
                   DisableLogTaskParameterItemMetadata_Copy_SourceFiles = true
                   DisableLogTaskParameterItemMetadata_FindUnderPath_Files = true
                   DisableLogTaskParameterItemMetadata_FindUnderPath_InPath = true
                   DisableLogTaskParameterItemMetadata_GenerateResource_FilesWritten = true
                   DisableLogTaskParameterItemMetadata_Hash_ItemsToHash = true
                   DisableLogTaskParameterItemMetadata_RemoveDuplicates_Filtered = true
                   DisableLogTaskParameterItemMetadata_WriteLinesToFile_Lines = true
                   DisableStandardFrameworkResolution = true
                   DocumentationFile = 
                   DocumentationProjectOutputGroupDependenciesDependsOn = 
                         ;
                         
                         ;
                         BuildOnlySettings;
                         PrepareForBuild;
                         AssignTargetPaths;
                         ResolveReferences
                       
                       
                   DocumentationProjectOutputGroupDependsOn = 
                   DOTNET_CLI_TELEMETRY_SESSIONID = 1033ee2d-bbea-4b62-8be0-1aebdee38dfd
                   DOTNET_HOST_PATH = C:\Program Files\dotnet\dotnet.exe
                   DotNetApiCompatTaskAssembly = C:\Program Files\dotnet\sdk\8.0.424\Sdks\Microsoft.NET.Sdk\targets\..\tools\net8.0\Microsoft.DotNet.ApiCompat.Task.dll
                   DotnetCliToolTargetFramework = netcoreapp2.2
                   EffectiveAnalysisLevel = 8.0
                   EffectiveCodeAnalysisTreatWarningsAsErrors = 
                   EmbeddedResourceUseDependentUponConvention = true
                   EmbeddedWin32Manifest = 
                   EmbedUntrackedSources = true
                   EmitAssetsLogMessages = true
                   EmitCompilerGeneratedFiles = false
                   EmitLegacyAssetsFileItems = false
                   EnableDefaultCompileItems = true
                   EnableDefaultEmbeddedResourceItems = true
                   EnableDefaultItems = true
                   EnableDefaultNoneItems = true
                   EnableFrameworkPathOverride = false
                   EnableNETAnalyzers = true
                   EnableSourceControlManagerQueries = true
                   EnableSourceLink = true
                   EnableUnsafeBinaryFormatterSerialization = false
                   EnableWebSdkImplicitPackageVersions = false
                   EnforceCodeStyleInBuild = false
                   ErrorReport = prompt
                   ExpandSDKAllowedReferenceExtensions = 
                         .winmd;
                         .dll
                       
                   ExpandSDKReferencesDependsOn = 
                         ResolveSDKReferences
                       
                   FileAlignment = 512
                   FindInvalidProjectReferencesDependsOn = 
                         GetReferenceTargetPlatformMonikers
                       
                   Framework20Dir = @(_TargetFramework20DirectoryItem)
                   Framework30Dir = @(_TargetFramework30DirectoryItem)
                   Framework35Dir = @(_TargetFramework35DirectoryItem)
                   Framework40Dir = @(_TargetFramework40DirectoryItem)
                   FrameworkDir = @(_TargetFramework40DirectoryItem)
                   FrameworkPathOverride = 
                   FrameworkRegistryBase = Software\Microsoft\.NETCoreApp
                   FrameworkSDKDir = @(_TargetFrameworkSDKDirectoryItem)
                   FullReferenceAssemblyNames = Full
                   GenerateAssemblyCompanyAttribute = true
                   GenerateAssemblyConfigurationAttribute = true
                   GenerateAssemblyCopyrightAttribute = true
                   GenerateAssemblyDescriptionAttribute = true
                   GenerateAssemblyFileVersionAttribute = true
                   GenerateAssemblyInfo = true
                   GenerateAssemblyInformationalVersionAttribute = true
                   GenerateAssemblyMetadataAttributes = true
                   GenerateAssemblyProductAttribute = true
                   GenerateAssemblyTitleAttribute = true
                   GenerateAssemblyTrademarkAttribute = true
                   GenerateAssemblyVersionAttribute = true
                   GeneratedAssemblyInfoFile = obj\Debug\net8.0\FastDelete.Core.AssemblyInfo.cs
                   GenerateDependencyFile = true
                   GeneratedGlobalUsingsFile = obj\Debug\net8.0\FastDelete.Core.GlobalUsings.g.cs
                   GenerateDisableRuntimeMarshallingAttribute = true
                   GenerateDocumentationFile = false
                   GenerateFullPaths = true
                   GenerateInternalsVisibleToAttributes = true
                   GenerateManifestsDependsOn = 
                         SetWin32ManifestProperties;
                         GenerateApplicationManifest;
                         GenerateDeploymentManifest
                       
                   GenerateNeutralResourcesLanguageAttribute = true
                   GenerateNuspecDependsOn = Build;_LoadPackInputItems; _GetTargetFrameworksOutput; _WalkEachTargetPerFramework; _GetPackageFiles; 
                   GeneratePackageOnBuild = false
                   GenerateRepositoryUrlAttribute = true
                   GenerateRequiresPreviewFeaturesAttribute = true
                   GenerateResourceMSBuildArchitecture = CurrentArchitecture
                   GenerateResourceMSBuildRuntime = CurrentRuntime
                   GenerateResourceUsePreserializedResources = true
                   GenerateResourceWarnOnBinaryFormatterUse = true
                   GenerateRuntimeConfigDevFile = false
                   GenerateSatelliteAssembliesForCore = true
                   GenerateSupportedOSPlatformAttribute = true
                   GenerateTargetFrameworkAttribute = true
                   GenerateTargetPlatformAttribute = true
                   GetCopyToOutputDirectoryItemsDependsOn = 
                         AssignTargetPaths;
                         
                         AssignProjectConfiguration;
                         _SplitProjectReferencesByFileExistence
                       ;
                         _GetProjectReferenceTargetFrameworkProperties;
                         _PopulateCommonStateForGetCopyToOutputDirectoryItems
                       
                   GetFrameworkPathsDependsOn = 
                   GetReferenceNearestTargetFrameworkTaskSupportsTargetPlatformParameter = true
                   GetTargetPathDependsOn = 
                   GetTargetPathWithTargetPlatformMonikerDependsOn = 
                   HasRuntimeOutput = 
                   HideWarningsAndErrors = false
                   HighEntropyVA = true
                   ImplicitConfigurationDefine = DEBUG
                   ImplicitFrameworkDefine = NET8_0
                   ImplicitUsings = enable
                   ImportByWildcardAfterMicrosoftCommonProps = true
                   ImportByWildcardAfterMicrosoftCommonTargets = true
                   ImportByWildcardAfterMicrosoftCSharpTargets = true
                   ImportByWildcardBeforeMicrosoftCommonProps = true
                   ImportByWildcardBeforeMicrosoftCommonTargets = true
                   ImportByWildcardBeforeMicrosoftCSharpTargets = true
                   ImportDirectoryBuildProps = true
                   ImportDirectoryBuildTargets = true
                   ImportDirectoryPackagesProps = true
                   ImportFrameworkWinFXTargets = false
                   ImportNuGetBuildTasksPackTargetsFromSdk = true
                   ImportProjectExtensionProps = false
                   ImportProjectExtensionTargets = false
                   ImportUserLocationsByWildcardAfterMicrosoftCommonProps = true
                   ImportUserLocationsByWildcardAfterMicrosoftCommonTargets = true
                   ImportUserLocationsByWildcardAfterMicrosoftCSharpTargets = true
                   ImportUserLocationsByWildcardBeforeMicrosoftCommonProps = true
                   ImportUserLocationsByWildcardBeforeMicrosoftCommonTargets = true
                   ImportUserLocationsByWildcardBeforeMicrosoftCSharpTargets = true
                   IncludeBuildOutput = true
                   IncludeContentInPack = true
                   IncludeFileVersionsInDependencyFile = true
                   IncludeMainProjectInDepsFile = true
                   IncludeProjectsNotInAssetsFileInDepsFile = true
                   IncludeSourceRevisionInInformationalVersion = true
                   IncludeSymbolsInSingleFile = false
                   InnerBuildProperty = TargetFramework
                   InnerBuildPropertyValues = TargetFrameworks
                   IntermediateOutputPath = obj\Debug\net8.0\
                   IsNetCoreAppTargetingLatestTFM = true
                   IsPackable = true
                   IsPublishable = true
                   IsRestoreTargetsFileLoaded = true
                   IsRidAgnostic = true
                   Language = C#
                   LanguageTargets = C:\Program Files\dotnet\sdk\8.0.424\Microsoft.CSharp.targets
                   LangVersion = 12.0
                   MarkPackageReferencesAsExternallyResolved = true
                   MaxSupportedLangVersion = 12.0
                   MaxTargetPath = 100
                   MicrosoftBuildTasksGitAssemblyFile = C:\Program Files\dotnet\sdk\8.0.424\Sdks\Microsoft.Build.Tasks.Git\build\..\tools\core\Microsoft.Build.Tasks.Git.dll
                   MicrosoftCommonPropsHasBeenImported = true
                   MicrosoftNETBuildExtensionsTargets = C:\Program Files\dotnet\sdk\8.0.424\\Microsoft\Microsoft.NET.Build.Extensions\Microsoft.NET.Build.Extensions.targets
                   MicrosoftNETBuildExtensionsTasksAssembly = C:\Program Files\dotnet\sdk\8.0.424\Microsoft\Microsoft.NET.Build.Extensions\\tools\net8.0\Microsoft.NET.Build.Extensions.Tasks.dll
                   MicrosoftNETBuildTasksAssembly = C:\Program Files\dotnet\sdk\8.0.424\Sdks\Microsoft.NET.Sdk\targets\..\tools\net8.0\Microsoft.NET.Build.Tasks.dll
                   MicrosoftNETBuildTasksDirectory = C:\Program Files\dotnet\sdk\8.0.424\Sdks\Microsoft.NET.Sdk\targets\..\tools\net8.0\
                   MicrosoftNETBuildTasksDirectoryRoot = C:\Program Files\dotnet\sdk\8.0.424\Sdks\Microsoft.NET.Sdk\targets\..\tools\
                   MicrosoftNETBuildTasksTFM = net8.0
                   MicrosoftNETCrossgenBuildTasksAssembly = C:\Program Files\dotnet\sdk\8.0.424\Sdks\Microsoft.NET.Sdk\targets\..\tasks\net7.0\Microsoft.NET.Sdk.Crossgen.dll
                   MicrosoftNETFrameworkReferenceAssembliesLatestPackageVersion = 1.0.3
                   MicrosoftNETWindowsWorkloadInstalled = true
                   MinimumVisualStudioVersionForUnsupportedTargetFrameworkVersion = 17.12
                   MsAppxPackageTargets = C:\Program Files\dotnet\sdk\8.0.424\Microsoft\VisualStudio\v17.0\AppxPackage\Microsoft.AppXPackage.Targets
                   MSBuildAllProjects = C:\Users\OdinLocal\Documents\Kimi\Workspaces\MediaOrganizer\FastDelete\src\FastDelete.Core\FastDelete.Core.csproj;;C:\Program Files\dotnet\sdk\8.0.424\Current\Microsoft.Common.targets\ImportAfter\Microsoft.TestPlatform.ImportAfter.targets
                   MSBuildAssemblyVersion = 17.0
                   MSBuildBinPath = C:\Program Files\dotnet\sdk\8.0.424
                   MSBuildCopyContentTransitively = true
                   MSBuildCopyMarkerName = FastDele.73896384.Up2Date
                   MSBuildDisableFeaturesFromVersion = 999.999
                   MSBuildEnableWorkloadResolver = true
                   MSBuildExtensionsPath = C:\Program Files\dotnet\sdk\8.0.424\
                   MSBuildExtensionsPath32 = C:\Program Files\dotnet\sdk\8.0.424
                   MSBuildExtensionsPath64 = C:\Program Files\dotnet\sdk\8.0.424
                   MSBUILDFAILONDRIVEENUMERATINGWILDCARD = 1
                   MSBuildFileVersion = 17.11.48.46605
                   MSBuildIsRestoring = True
                   MSBuildLoadMicrosoftTargetsReadOnly = true
                   MSBuildNodeCount = 20
                   MSBuildProgramFiles32 = C:\Program Files (x86)
                   MSBuildProjectDefaultTargets = Build
                   MSBuildProjectDirectory = C:\Users\OdinLocal\Documents\Kimi\Workspaces\MediaOrganizer\FastDelete\src\FastDelete.Core
                   MSBuildProjectDirectoryNoRoot = Users\OdinLocal\Documents\Kimi\Workspaces\MediaOrganizer\FastDelete\src\FastDelete.Core
                   MSBuildProjectExtension = .csproj
                   MSBuildProjectExtensionsPath = C:\Users\OdinLocal\Documents\Kimi\Workspaces\MediaOrganizer\FastDelete\src\FastDelete.Core\obj\
                   MSBuildProjectFile = FastDelete.Core.csproj
                   MSBuildProjectFullPath = C:\Users\OdinLocal\Documents\Kimi\Workspaces\MediaOrganizer\FastDelete\src\FastDelete.Core\FastDelete.Core.csproj
                   MSBuildProjectName = FastDelete.Core
                   MSBuildRestoreSessionId = 1c7fd44c-8ccd-4238-8334-cd8e4cc1126e
                   MSBuildRuntimeType = Core
                   MSBuildSDKsPath = C:\Program Files\dotnet\sdk\8.0.424\Sdks
                   MSBuildSemanticVersion = 17.11.48+02bf66295
                   MSBuildStartupDirectory = C:\Users\OdinLocal\Documents\kimi\Workspaces\MediaOrganizer\FastDelete
                   MSBuildToolsPath = C:\Program Files\dotnet\sdk\8.0.424
                   MSBuildToolsVersion = Current
                   MSBuildUserExtensionsPath = C:\Users\OdinLocal\AppData\Local\Microsoft\MSBuild
                   MSBUILDUSESERVER = 0
                   MSBuildUseVisualStudioDirectoryLayout = False
                   MSBuildVersion = 17.11.48
                   MSBuildWarningsAsErrors = ;NU1605
                   MSBuildWarningsAsMessages = 1701;1702
                   MSBuildWarningsNotAsErrors = 
                   MsTestToolsTargets = C:\Program Files\dotnet\sdk\8.0.424\Microsoft\VisualStudio\v17.0\TeamTest\Microsoft.TeamTest.targets
                   NETCoreAppMaximumVersion = 8.0
                   NetCoreRoot = C:\Program Files\dotnet\
                   NETCoreSdkBundledCliToolsProps = C:\Program Files\dotnet\sdk\8.0.424\Sdks\Microsoft.NET.Sdk\targets\..\..\..\Microsoft.NETCoreSdk.BundledCliTools.props
                   NETCoreSdkBundledVersionsProps = C:\Program Files\dotnet\sdk\8.0.424\Sdks\Microsoft.NET.Sdk\targets\..\..\..\Microsoft.NETCoreSdk.BundledVersions.props
                   NETCoreSdkPortableRuntimeIdentifier = win-x64
                   NETCoreSdkRuntimeIdentifier = win-x64
                   NETCoreSdkVersion = 8.0.424
                   NetCoreTargetingPackRoot = C:\Program Files\dotnet\packs
                   NoCompilerStandardLib = true
                   NoStdLib = true
                   NoWarn = 1701;1702
                   NuGetAudit = true
                   NuGetAuditLevel = low
                   NuGetAuditMode = direct
                   NuGetBuildTasksPackTargets = C:\Program Files\dotnet\sdk\8.0.424\Sdks\Microsoft.NET.Sdk\Sdk\..\..\NuGet.Build.Tasks.Pack\build\NuGet.Build.Tasks.Pack.targets
                   NuGetInteractive = 
                   NuGetPackTaskAssemblyFile = ..\CoreCLR\NuGet.Build.Tasks.Pack.dll
                   NuGetPropsFile = C:\Program Files\dotnet\sdk\8.0.424\NuGet.props
                   NuGetRestoreTargets = C:\Program Files\dotnet\sdk\8.0.424\NuGet.targets
                   NuGetTargetMoniker = .NETCoreApp,Version=v8.0
                   Nullable = enable
                   NuspecOutputPath = obj\Debug\
                   Optimize = false
                   OutDir = bin\Debug\net8.0\
                   OutputPath = bin\Debug\net8.0\
                   OutputType = Library
                   OverwriteReadOnlyFiles = false
                   PackageDescription = Package Description
                   PackageDownloadSupported = true
                   PackagedShimOutputRootDirectory = bin\Debug\net8.0\
                   PackageId = FastDelete.Core
                   PackageOutputPath = bin\Debug\
                   PackageRequireLicenseAcceptance = false
                   PackageVersion = 1.0.0
                   PackDependsOn = ; _IntermediatePack; GenerateNuspec; 
                   PackRelease = true
                   Platform = AnyCPU
                   PlatformName = AnyCPU
                   Platforms = AnyCPU
                   PostBuildEventDependsOn = 
                   PreBuildEventDependsOn = 
                   Prefer32Bit = false
                   PrepareForBuildDependsOn = ;GetFrameworkPaths;GetReferenceAssemblyPaths;AssignLinkMetadata
                   PrepareForRunDependsOn = 
                         CopyFilesToOutputDirectory
                       
                   PrepareProjectReferencesDependsOn = 
                         AssignProjectConfiguration;
                         _SplitProjectReferencesByFileExistence;
                         _GetProjectReferenceTargetFrameworkProperties;
                         _GetProjectReferencePlatformProperties
                       
                   PrepareResourceNamesDependsOn = 
                         AssignTargetPaths;
                         SplitResourcesByCulture;
                         CreateManifestResourceNames;
                         CreateCustomManifestResourceNames
                       
                   PrepareResourcesDependsOn = 
                         ResolvePackageDependenciesForBuild;
                         _HandlePackageFileConflicts;
                         
                         ;
                         PrepareResourceNames;
                         ResGen;
                         CompileLicxFiles
                       
                       
                   PreserveCompilationReferences = 
                   ProcessorArchitecture = msil
                   ProcessorArchitectureAsPlatform = AnyCPU
                   ProduceReferenceAssembly = true
                   Product = FastDelete.Core
                   ProjectAssetsCacheFile = C:\Users\OdinLocal\Documents\Kimi\Workspaces\MediaOrganizer\FastDelete\src\FastDelete.Core\obj\Debug\net8.0\FastDelete.Core.assets.cache
                   ProjectAssetsFile = C:\Users\OdinLocal\Documents\Kimi\Workspaces\MediaOrganizer\FastDelete\src\FastDelete.Core\obj\project.assets.json
                   ProjectDepsFileName = FastDelete.Core.deps.json
                   ProjectDepsFilePath = C:\Users\OdinLocal\Documents\Kimi\Workspaces\MediaOrganizer\FastDelete\src\FastDelete.Core\bin\Debug\net8.0\FastDelete.Core.deps.json
                   ProjectDesignTimeAssemblyResolutionSearchPaths = 
                         {CandidateAssemblyFiles};
                         ;
                         {HintPathFromItem};
                         {TargetFrameworkDirectory};
                         {Registry:Software\Microsoft\.NETCoreApp,v8.0,AssemblyFoldersEx};
                         {RawFileName};
                         C:\Users\OdinLocal\Documents\Kimi\Workspaces\MediaOrganizer\FastDelete\src\FastDelete.Core\bin\Debug\net8.0\
                       
                   ProjectDir = C:\Users\OdinLocal\Documents\Kimi\Workspaces\MediaOrganizer\FastDelete\src\FastDelete.Core\
                   ProjectExt = .csproj
                   ProjectFileName = FastDelete.Core.csproj
                   ProjectFlavor = Client
                   ProjectName = FastDelete.Core
                   ProjectPath = C:\Users\OdinLocal\Documents\Kimi\Workspaces\MediaOrganizer\FastDelete\src\FastDelete.Core\FastDelete.Core.csproj
                   ProjectRuntimeConfigFileName = FastDelete.Core.runtimeconfig.json
                   ProjectRuntimeConfigFilePath = C:\Users\OdinLocal\Documents\Kimi\Workspaces\MediaOrganizer\FastDelete\src\FastDelete.Core\bin\Debug\net8.0\FastDelete.Core.runtimeconfig.json
                   PublishableProject = 
                   PublishBuildDependsOn = 
                         BuildOnlySettings;
                         PrepareForBuild;
                         ResolveReferences;
                         PrepareResources;
                         ResolveKeySource;
                         GenerateSerializationAssemblies;
                         CreateSatelliteAssemblies;
                       
                   PublishContainerDependsOn = 
                         _ContainerVerifySDKVersion;
                         ComputeContainerConfig;
                         _CheckContainersPackage
                       
                   PublishDependsOn = 
                         _DeploymentUnpublishable
                       
                   PublishDir = bin\Debug\net8.0\publish\
                   PublishDirName = publish
                   PublishDocumentationFile = true
                   PublishDocumentationFiles = true
                   PublishItemsOutputGroupDependsOn = 
                         ;
                         ResolveReferences;
                         ComputeResolvedFilesToPublishList;
                         _ComputeFilesToBundle;
                       
                   PublishOnlyDependsOn = 
                         SetGenerateManifests;
                         PublishBuild;
                         BeforePublish;
                         GenerateManifests;
                         CopyFilesToOutputDirectory;
                         _CopyFilesToPublishFolder;
                         _DeploymentGenerateBootstrapper;
                         ResolveKeySource;
                         _DeploymentSignClickOnceDeployment;
                         AfterPublish
                       
                   PublishProfileImported = false
                   PublishReadyToRunComposite = false
                   PublishReadyToRunPerfmapFormatVersion = 1
                   PublishReadyToRunUseCrossgen2 = true
                   PublishReadyToRunUseRuntimePackOptimizationData = true
                   PublishReferencesDocumentationFiles = true
                   PublishRelease = true
                   RebuildDependsOn = 
                         _SdkBeforeRebuild;
                         
                         BeforeRebuild;
                         Clean;
                         Build;
                         AfterRebuild;
                       
                       
                   RefAssembliesFolderName = refs
                   ReferenceCopyLocalPathsOutputGroupDependsOn = 
                         ;
                         
                         ;
                         BuildOnlySettings;
                         PrepareForBuild;
                         AssignTargetPaths;
                         ResolveReferences
                       
                       
                   ReportingServicesTargets = C:\Program Files\dotnet\sdk\8.0.424\\Microsoft\VisualStudio\v17.0\ReportingServices\Microsoft.ReportingServices.targets
                   ResGenDependsOn = ResolveAssemblyReferences;SplitResourcesByCulture;BeforeResGen;CoreResGen;AfterResGen
                   ResGenExecuteAsTool = false
                   ResolveAssemblyReferenceOutputUnresolvedAssemblyConflicts = true
                   ResolveAssemblyReferencesDependsOn = 
                         
                         
                         ResolveProjectReferences;
                         FindInvalidProjectReferences;
                         GetFrameworkPaths;
                         GetReferenceAssemblyPaths;
                         PrepareForBuild;
                         ResolveSDKReferences;
                         ExpandSDKReferences;
                       ;
                         ResolvePackageDependenciesForBuild;
                         _HandlePackageFileConflicts;
                       ;
                         ResolveTargetingPackAssets;
                       
                   ResolveNuGetPackages = false
                   ResolvePackageDependenciesForBuildDependsOn = 
                         ResolveLockFileReferences;
                         ResolveLockFileAnalyzers;
                         ResolveLockFileCopyLocalFiles;
                         ResolveRuntimePackAssets;
                         RunProduceContentAssets;
                         IncludeTransitiveProjectReferences
                       
                   ResolveReferencesDependsOn = 
                         BeforeResolveReferences;
                         AssignProjectConfiguration;
                         ResolveProjectReferences;
                         FindInvalidProjectReferences;
                         ResolveNativeReferences;
                         ResolveAssemblyReferences;
                         GenerateBindingRedirects;
                         GenerateBindingRedirectsUpdateAppConfig;
                         ResolveComReferences;
                         AfterResolveReferences
                       
                   ResolveSDKReferencesDependsOn = 
                         GetInstalledSDKLocations
                       
                   RestoreBuildInParallel = true
                   RestoreContinueOnError = WarnAndContinue
                   RestoreOutputPath = C:\Users\OdinLocal\Documents\Kimi\Workspaces\MediaOrganizer\FastDelete\src\FastDelete.Core\obj\
                   RestorePackagesPath = C:\Users\OdinLocal\Documents\Kimi\Workspaces\MediaOrganizer\FastDelete\.nuget\packages
                   RestoreProjectStyle = PackageReference
                   RestoreRecursive = true
                   RestoreTaskAssemblyFile = NuGet.Build.Tasks.dll
                   RestoreUseSkipNonexistentTargets = true
                   RootNamespace = FastDelete.Core
                   RoslynTargetsPath = C:\Program Files\dotnet\sdk\8.0.424\Roslyn
                   RunDependsOn = 
                   RunPackageValidationDependsOn = CollectApiCompatInputs;_GetReferencePathFromInnerProjects;
                   RuntimeIdentifierGraphPath = C:\Program Files\dotnet\sdk\8.0.424/PortableRuntimeIdentifierGraph.json
                   RunWorkingDirectory = 
                   SatelliteDllsProjectOutputGroupDependenciesDependsOn = 
                         ;
                         
                         ;
                         BuildOnlySettings;
                         PrepareForBuild;
                         AssignTargetPaths;
                         ResolveReferences
                       
                       
                   SatelliteDllsProjectOutputGroupDependsOn = ;PrepareForBuild;PrepareResourceNames
                   SDKContainerSupportEnabled = true
                   SDKRedistOutputGroupDependsOn = ResolveSDKReferences;ExpandSDKReferences
                   SDKReferenceDirectoryRoot = C:\Users\OdinLocal\AppData\Local\Microsoft SDKs;C:\Program Files (x86)\Microsoft SDKs
                   SDKReferenceRegistryRoot = Software\Microsoft\Microsoft SDKs
                   SGenFilesOutputGroupDependenciesDependsOn = 
                         ;
                         
                         ;
                         BuildOnlySettings;
                         PrepareForBuild;
                         AssignTargetPaths;
                         ResolveReferences
                       
                       
                   SGenFilesOutputGroupDependsOn = 
                   SGenShouldGenerateSerializer = true
                   SGenUseKeep = false
                   SGenUseProxyTypes = true
                   ShouldMarkCertainSDKReferencesAsRuntimeOnly = true
                   SignAssembly = false
                   SkipCopyUnchangedFiles = true
                   SkipImportNuGetBuildTargets = true
                   SkipImportNuGetProps = true
                   SolutionDir = *Undefined*
                   SolutionExt = *Undefined*
                   SolutionFileName = *Undefined*
                   SolutionName = *Undefined*
                   SolutionPath = *Undefined*
                   SourceControlInformationFeatureSupported = true
                   SourceControlManagerUrlTranslationTargets = ;TranslateGitHubUrlsInSourceControlInformation;TranslateGitLabUrlsInSourceControlInformation;TranslateAzureReposGitUrlsInSourceControlInformation;TranslateBitbucketGitUrlsInSourceControlInformation
                   SourceFilesProjectOutputGroupDependsOn = PrepareForBuild;AssignTargetPaths
                   SourceLinkUrlInitializerTargets = ;_InitializeGitHubSourceLinkUrl;_InitializeGitLabSourceLinkUrl;_InitializeAzureReposGitSourceLinkUrl;_InitializeBitbucketGitSourceLinkUrl
                   SourceRootMappedPathsFeatureSupported = true
                   SupportedOSPlatformVersion = 
                   SupportsRoslynComponentVersioning = true
                   SuppressDependenciesWhenPacking = false
                   SymbolPackageFormat = symbols.nupkg
                   TargetCulture = *
                   TargetDeployManifestFileName = FastDelete.Core.application
                   TargetDir = C:\Users\OdinLocal\Documents\Kimi\Workspaces\MediaOrganizer\FastDelete\src\FastDelete.Core\bin\Debug\net8.0\
                   TargetedFrameworkDir = @(_TargetedFrameworkDirectoryItem)
                   TargetedSDKArchitecture = msil
                   TargetedSDKConfiguration = Debug
                   TargetExt = .dll
                   TargetFileName = FastDelete.Core.dll
                   TargetFramework = net8.0
                   TargetFrameworkDirectory = 
                   TargetFrameworkIdentifier = .NETCoreApp
                   TargetFrameworkMoniker = .NETCoreApp,Version=v8.0
                   TargetFrameworkMonikerAssemblyAttributesPath = obj\Debug\net8.0\.NETCoreApp,Version=v8.0.AssemblyAttributes.cs
                   TargetFrameworkMonikerDisplayName = .NET 8.0
                   TargetFrameworkSDKToolsDirectory = 
                   TargetFrameworkVersion = v8.0
                   TargetLatestRuntimePatch = false
                   TargetName = FastDelete.Core
                   TargetPath = C:\Users\OdinLocal\Documents\Kimi\Workspaces\MediaOrganizer\FastDelete\src\FastDelete.Core\bin\Debug\net8.0\FastDelete.Core.dll
                   TargetPlatformDisplayName =  
                   TargetPlatformIdentifier = 
                   TargetPlatformRegistryBase = Software\Microsoft\Microsoft SDKs\
                   TargetPlatformSdkPath = 
                   TargetPlatformVersion = 
                   TargetRefPath = C:\Users\OdinLocal\Documents\Kimi\Workspaces\MediaOrganizer\FastDelete\src\FastDelete.Core\obj\Debug\net8.0\ref\FastDelete.Core.dll
                   TargetRuntime = Managed
                   TargetsCurrent = true
                   TargetsForTfmSpecificContentInPackage = ;PackTool;_PackProjectToolValidation
                   TargetsNet8 = true
                   ToolCommandName = FastDelete.Core
                   ToolDepsJsonGeneratorProject = C:\Program Files\dotnet\sdk\8.0.424\Sdks\Microsoft.NET.Sdk\targets\GenerateDeps\GenerateDeps.proj
                   ToolEntryPoint = FastDelete.Core.dll
                   TreatWarningsAsErrors = false
                   UnmanagedRegistrationDependsOn = 
                   UnmanagedUnregistrationDependsOn = 
                   UnsupportedTargetFrameworkVersion = 9.0
                   UseCommonOutputDirectory = false
                   UseDefaultPlatformLookupTables = true
                   UseHostCompilerIfAvailable = true
                   UseMSBuildTestInfrastructure = false
                   UseOSWinMdReferences = false
                   UseRidGraph = false
                   UserProfileRuntimeStorePath = C:\Users\OdinLocal\.dotnet\store
                   UserRuntimeConfig = C:\Users\OdinLocal\Documents\Kimi\Workspaces\MediaOrganizer\FastDelete\src\FastDelete.Core/runtimeconfig.template.json
                   UseSourcePath = true
                   UsingMicrosoftNETSdk = true
                   UsingNETSdkDefaults = true
                   Utf8Output = true
                   ValidateRuntimeIdentifierCompatibility = false
                   VerifyMatchingImplicitPackageVersion = true
                   Version = 1.0.0
                   VersionlessImplicitFrameworkDefine = NET
                   VersionPrefix = 1.0.0
                   VisualStudioVersion = 17.0
                   VSTestConsolePath = C:\Program Files\dotnet\sdk\8.0.424\vstest.console.dll
                   VSTestNoBuild = False
                   VSTestTargets = C:\Program Files\dotnet\sdk\8.0.424\\Microsoft.TestPlatform.targets
                   VSTestTaskAssemblyFile = Microsoft.TestPlatform.Build.dll
                   VsTestUseMSBuildOutput = False
                   WarningLevel = 8
                   WarningsAsErrors = ;NU1605;SYSLIB0011
                   WarnOnPackingNonPackableProject = false
                   WebReference_EnableLegacyEventingModel = false
                   WebReference_EnableProperties = true
                   WebReference_EnableSQLTypes = true
                   WMSJSProject = WJProject
                   WMSJSProjectDirectory = JavaScript
                   YieldDuringToolExecution = true

23:01:22.491     0>Initial Items:
                   _AllDirectoriesAbove
                       C:\
                       C:\Users
                       C:\Users\OdinLocal
                       C:\Users\OdinLocal\Documents
                       C:\Users\OdinLocal\Documents\Kimi
                       C:\Users\OdinLocal\Documents\Kimi\Workspaces
                       C:\Users\OdinLocal\Documents\Kimi\Workspaces\MediaOrganizer
                       C:\Users\OdinLocal\Documents\Kimi\Workspaces\MediaOrganizer\FastDelete
                       C:\Users\OdinLocal\Documents\Kimi\Workspaces\MediaOrganizer\FastDelete\src
                       C:\Users\OdinLocal\Documents\Kimi\Workspaces\MediaOrganizer\FastDelete\src\FastDelete.Core
                   _ApplicationManifestFinal
                       bin\Debug\net8.0\Native.FastDelete.Core.manifest
                           TargetPath = Native.FastDelete.Core.manifest
                   _DebugSymbolsIntermediatePath
                       obj\Debug\net8.0\FastDelete.Core.pdb
                   _DebugSymbolsOutputPath
                       bin\Debug\net8.0\FastDelete.Core.pdb
                   _DeploymentManifestEntryPoint
                       obj\Debug\net8.0\FastDelete.Core.dll
                           TargetPath = FastDelete.Core.dll
                   _EolNetCoreTargetFrameworkVersions
                       1.0
                       1.1
                       2.0
                       2.1
                       2.2
                       3.0
                       3.1
                       5.0
                       6.0
                       7.0
                   _ExcludedKnownRuntimeIdentiferPlatforms
                       rhel.6
                       rhel.6
                       rhel.6
                       rhel.6
                       rhel.6
                       rhel.6
                       rhel.6
                       rhel.6
                       rhel.6
                       rhel.6
                       rhel.6
                       rhel.6
                       rhel.6
                       rhel.6
                       rhel.6
                       rhel.6
                       rhel.6
                       rhel.6
                       rhel.6
                       rhel.6
                       tizen.4.0.0
                       tizen.4.0.0
                       tizen.4.0.0
                       tizen.4.0.0
                       tizen.4.0.0
                       tizen.4.0.0
                       tizen.4.0.0
                       tizen.4.0.0
                       tizen.4.0.0
                       tizen.4.0.0
                       tizen.4.0.0
                       tizen.4.0.0
                       tizen.4.0.0
                       tizen.4.0.0
                       tizen.4.0.0
                       tizen.4.0.0
                       tizen.4.0.0
                       tizen.4.0.0
                       tizen.4.0.0
                       tizen.4.0.0
                       tizen.5.0.0
                       tizen.5.0.0
                       tizen.5.0.0
                       tizen.5.0.0
                       tizen.5.0.0
                       tizen.5.0.0
                       tizen.5.0.0
                       tizen.5.0.0
                       tizen.5.0.0
                       tizen.5.0.0
                       tizen.5.0.0
                       tizen.5.0.0
                       tizen.5.0.0
                       tizen.5.0.0
                       tizen.5.0.0
                       tizen.5.0.0
                       tizen.5.0.0
                       tizen.5.0.0
                       tizen.5.0.0
                       tizen.5.0.0
                   _KnownRuntimeIdentiferPlatforms
                       any
                       any
                       any
                       any
                       any
                       any
                       any
                       any
                       any
                       any
                       any
                       any
                       any
                       any
                       any
                       any
                       any
                       any
                       any
                       any
                       aot
                       aot
                       aot
                       aot
                       aot
                       aot
                       aot
                       aot
                       aot
                       aot
                       aot
                       aot
                       aot
                       aot
                       aot
                       aot
                       aot
                       aot
                       aot
                       aot
                       freebsd
                       freebsd
                       freebsd
                       freebsd
                       freebsd
                       freebsd
                       freebsd
                       freebsd
                       freebsd
                       freebsd
                       freebsd
                       freebsd
                       freebsd
                       freebsd
                       freebsd
                       freebsd
                       freebsd
                       freebsd
                       freebsd
                       freebsd
                       illumos
                       illumos
                       illumos
                       illumos
                       illumos
                       illumos
                       illumos
                       illumos
                       illumos
                       illumos
                       illumos
                       illumos
                       illumos
                       illumos
                       illumos
                       illumos
                       illumos
                       illumos
                       illumos
                       illumos
                       solaris
                       solaris
                       solaris
                       solaris
                       solaris
                       solaris
                       solaris
                       solaris
                       solaris
                       solaris
                       solaris
                       solaris
                       solaris
                       solaris
                       solaris
                       solaris
                       solaris
                       solaris
                       solaris
                       solaris
                       unix
                       unix
                       unix
                       unix
                       unix
                       unix
                       unix
                       unix
                       unix
                       unix
                       unix
                       unix
                       unix
                       unix
                       unix
                       unix
                       unix
                       unix
                       unix
                       unix
                   _OutputPathItem
                       bin\Debug\net8.0\
                   _ResolveComReferenceCache
                       obj\Debug\net8.0\FastDelete.Core.csproj.ResolveComReference.cache
                   _UnmanagedRegistrationCache
                       obj\FastDelete.Core.csproj.UnmanagedRegistration.cache
                   AdditionalTargetFrameworkInfoProperty
                       _IsExecutable
                       _SelfContainedWasSpecified
                       IsRidAgnostic
                       SelfContained
                       ShouldBeValidatedAsExecutableReference
                   Analyzer
                       C:\Program Files\dotnet\sdk\8.0.424\Sdks\Microsoft.NET.Sdk\targets\..\analyzers\Microsoft.CodeAnalysis.CSharp.NetAnalyzers.dll
                           IsImplicitlyDefined = true
                       C:\Program Files\dotnet\sdk\8.0.424\Sdks\Microsoft.NET.Sdk\targets\..\analyzers\Microsoft.CodeAnalysis.NetAnalyzers.dll
                           IsImplicitlyDefined = true
                   AppConfigFileDestination
                       bin\Debug\net8.0\FastDelete.Core.dll.config
                   ApplicationManifest
                       obj\Debug\net8.0\Native.FastDelete.Core.manifest
                           TargetPath = Native.FastDelete.Core.manifest
                   BuiltProjectOutputGroupKeyOutput
                       C:\Users\OdinLocal\Documents\Kimi\Workspaces\MediaOrganizer\FastDelete\src\FastDelete.Core\obj\Debug\net8.0\FastDelete.Core.dll
                           IsKeyOutput = true
                           FinalOutputPath = C:\Users\OdinLocal\Documents\Kimi\Workspaces\MediaOrganizer\FastDelete\src\FastDelete.Core\bin\Debug\net8.0\FastDelete.Core.dll
                           TargetPath = FastDelete.Core.dll
                   ClsidMap
                       obj\Debug\net8.0\FastDelete.Core.clsidmap
                   Compile
                       Class1.cs
                   CompilerVisibleProperty
                       _SupportedPlatformList
                       EnableComHosting
                       EnableGeneratedComInterfaceComImportInterop
                       EnforceExtendedAnalyzerRules
                       InvariantGlobalization
                       PlatformNeutralAssembly
                       ProjectDir
                       ProjectTypeGuids
                       RootNamespace
                       TargetFramework
                       TargetPlatformMinVersion
                       UsingMicrosoftNETSdkWeb
                   CopyUpToDateMarker
                       C:\Users\OdinLocal\Documents\Kimi\Workspaces\MediaOrganizer\FastDelete\src\FastDelete.Core\obj\Debug\net8.0\FastDele.73896384.Up2Date
                   CreateDirectory
                       C:\Users\OdinLocal\Documents\Kimi\Workspaces\MediaOrganizer\FastDelete\src\FastDelete.Core\obj\Debug\net8.0\refint\
                       obj\Debug\net8.0\ref
                   DebugSymbolsProjectOutputGroupOutput
                       C:\Users\OdinLocal\Documents\Kimi\Workspaces\MediaOrganizer\FastDelete\src\FastDelete.Core\obj\Debug\net8.0\FastDelete.Core.pdb
                           FinalOutputPath = C:\Users\OdinLocal\Documents\Kimi\Workspaces\MediaOrganizer\FastDelete\src\FastDelete.Core\bin\Debug\net8.0\FastDelete.Core.pdb
                           TargetPath = FastDelete.Core.pdb
                   DeployManifest
                       obj\Debug\net8.0\FastDelete.Core.application
                           TargetPath = FastDelete.Core.application
                   FrameworkReference
                       Microsoft.NETCore.App
                           IsImplicitlyDefined = true
                           PrivateAssets = All
                           Pack = false
                   GenerateRuntimeConfigurationFilesInputs
                       C:\Users\OdinLocal\Documents\Kimi\Workspaces\MediaOrganizer\FastDelete\src\FastDelete.Core\obj\Debug\net8.0\FastDelete.Core.assets.cache
                       C:\Users\OdinLocal\Documents\Kimi\Workspaces\MediaOrganizer\FastDelete\src\FastDelete.Core\obj\project.assets.json
                   GlobalAnalyzerConfigFiles
                       C:\.globalconfig
                       C:\Users\.globalconfig
                       C:\Users\OdinLocal\.globalconfig
                       C:\Users\OdinLocal\Documents\.globalconfig
                       C:\Users\OdinLocal\Documents\Kimi\.globalconfig
                       C:\Users\OdinLocal\Documents\Kimi\Workspaces\.globalconfig
                       C:\Users\OdinLocal\Documents\Kimi\Workspaces\MediaOrganizer\.globalconfig
                       C:\Users\OdinLocal\Documents\Kimi\Workspaces\MediaOrganizer\FastDelete\.globalconfig
                       C:\Users\OdinLocal\Documents\Kimi\Workspaces\MediaOrganizer\FastDelete\src\.globalconfig
                       C:\Users\OdinLocal\Documents\Kimi\Workspaces\MediaOrganizer\FastDelete\src\FastDelete.Core\.globalconfig
                   ImplicitPackageReferenceVersion
                       Microsoft.AspNetCore.All
                           LatestVersion = 2.1.30
                           DefaultVersion = 2.1.1
                           TargetFrameworkVersion = 2.1
                       Microsoft.AspNetCore.All
                           LatestVersion = 2.2.8
                           DefaultVersion = 2.2.0
                           TargetFrameworkVersion = 2.2
                       Microsoft.AspNetCore.App
                           LatestVersion = 2.1.30
                           DefaultVersion = 2.1.1
                           TargetFrameworkVersion = 2.1
                       Microsoft.AspNetCore.App
                           LatestVersion = 2.2.8
                           DefaultVersion = 2.2.0
                           TargetFrameworkVersion = 2.2
                       Microsoft.NETCore.App
                           LatestVersion = 1.0.16
                           DefaultVersion = 1.0.5
                           TargetFrameworkVersion = 1.0
                       Microsoft.NETCore.App
                           LatestVersion = 1.1.13
                           DefaultVersion = 1.1.2
                           TargetFrameworkVersion = 1.1
                       Microsoft.NETCore.App
                           LatestVersion = 2.0.9
                           DefaultVersion = 2.0.0
                           TargetFrameworkVersion = 2.0
                       Microsoft.NETCore.App
                           LatestVersion = 2.1.30
                           DefaultVersion = 2.1.0
                           TargetFrameworkVersion = 2.1
                       Microsoft.NETCore.App
                           LatestVersion = 2.2.8
                           DefaultVersion = 2.2.0
                           TargetFrameworkVersion = 2.2
                   IntermediateAssembly
                       obj\Debug\net8.0\FastDelete.Core.dll
                   IntermediateRefAssembly
                       obj\Debug\net8.0\refint\FastDelete.Core.dll
                   KnownAppHostPack
                       Microsoft.NETCore.App
                           ExcludedRuntimeIdentifiers = android
                           AppHostRuntimeIdentifiers = linux-arm;linux-arm64;linux-musl-arm64;linux-musl-x64;linux-x64;osx-x64;rhel.6-x64;tizen.4.0.0-armel;tizen.5.0.0-armel;win-arm64;win-x64;win-x86;linux-musl-arm;osx-arm64;linux-s390x;linux-bionic-arm;linux-bionic-arm64;linux-bionic-x64;linux-bionic-x86;linux-ppc64le
                           TargetFramework = net8.0
                           AppHostPackNamePattern = Microsoft.NETCore.App.Host.**RID**
                           AppHostPackVersion = 8.0.30
                       Microsoft.NETCore.App
                           ExcludedRuntimeIdentifiers = android
                           AppHostRuntimeIdentifiers = linux-arm;linux-arm64;linux-musl-arm64;linux-musl-x64;linux-x64;osx-x64;rhel.6-x64;tizen.4.0.0-armel;tizen.5.0.0-armel;win-arm;win-arm64;win-x64;win-x86;linux-musl-arm;osx-arm64;linux-s390x;linux-bionic-arm;linux-bionic-arm64;linux-bionic-x64;linux-bionic-x86;linux-ppc64le
                           TargetFramework = net7.0
                           AppHostPackNamePattern = Microsoft.NETCore.App.Host.**RID**
                           AppHostPackVersion = 7.0.20
                       Microsoft.NETCore.App
                           ExcludedRuntimeIdentifiers = android
                           AppHostRuntimeIdentifiers = linux-arm;linux-arm64;linux-musl-arm64;linux-musl-x64;linux-x64;osx-x64;rhel.6-x64;tizen.4.0.0-armel;tizen.5.0.0-armel;win-arm;win-arm64;win-x64;win-x86;linux-musl-arm;osx-arm64;linux-s390x
                           TargetFramework = net6.0
                           AppHostPackNamePattern = Microsoft.NETCore.App.Host.**RID**
                           AppHostPackVersion = 6.0.36
                       Microsoft.NETCore.App
                           AppHostRuntimeIdentifiers = linux-arm;linux-arm64;linux-musl-arm64;linux-musl-x64;linux-x64;osx-x64;rhel.6-x64;tizen.4.0.0-armel;tizen.5.0.0-armel;win-arm;win-arm64;win-x64;win-x86;linux-musl-arm
                           TargetFramework = net5.0
                           AppHostPackNamePattern = Microsoft.NETCore.App.Host.**RID**
                           AppHostPackVersion = 5.0.17
                       Microsoft.NETCore.App
                           AppHostRuntimeIdentifiers = linux-arm;linux-arm64;linux-musl-arm64;linux-musl-x64;linux-x64;osx-x64;rhel.6-x64;tizen.4.0.0-armel;tizen.5.0.0-armel;win-arm;win-arm64;win-x64;win-x86
                           TargetFramework = netcoreapp3.1
                           AppHostPackNamePattern = Microsoft.NETCore.App.Host.**RID**
                           AppHostPackVersion = 3.1.32
                       Microsoft.NETCore.App
                           AppHostRuntimeIdentifiers = linux-arm;linux-arm64;linux-musl-arm64;linux-musl-x64;linux-x64;osx-x64;rhel.6-x64;tizen.4.0.0-armel;tizen.5.0.0-armel;win-arm;win-arm64;win-x64;win-x86
                           TargetFramework = netcoreapp3.0
                           AppHostPackNamePattern = Microsoft.NETCore.App.Host.**RID**
                           AppHostPackVersion = 3.0.3
                   KnownCrossgen2Pack
                       Microsoft.NETCore.App.Crossgen2
                           Crossgen2RuntimeIdentifiers = linux-musl-x64;linux-x64;win-x64;linux-arm;linux-arm64;linux-musl-arm;linux-musl-arm64;osx-arm64;osx-x64;win-arm64;win-x86
                           TargetFramework = net8.0
                           Crossgen2PackNamePattern = Microsoft.NETCore.App.Crossgen2.**RID**
                           Crossgen2PackVersion = 8.0.30
                       Microsoft.NETCore.App.Crossgen2
                           Crossgen2RuntimeIdentifiers = linux-musl-x64;linux-x64;win-x64;linux-arm;linux-arm64;linux-musl-arm;linux-musl-arm64;osx-arm64;osx-x64;win-arm;win-arm64;win-x86
                           TargetFramework = net7.0
                           Crossgen2PackNamePattern = Microsoft.NETCore.App.Crossgen2.**RID**
                           Crossgen2PackVersion = 7.0.20
                       Microsoft.NETCore.App.Crossgen2
                           Crossgen2RuntimeIdentifiers = linux-musl-x64;linux-x64;win-x64;linux-arm;linux-arm64;linux-musl-arm;linux-musl-arm64;osx-arm64;osx-x64;win-arm;win-arm64;win-x86
                           TargetFramework = net6.0
                           Crossgen2PackNamePattern = Microsoft.NETCore.App.Crossgen2.**RID**
                           Crossgen2PackVersion = 6.0.36
                       Microsoft.NETCore.App.Crossgen2
                           Crossgen2RuntimeIdentifiers = linux-musl-x64;linux-x64;win-x64
                           TargetFramework = net5.0
                           Crossgen2PackNamePattern = Microsoft.NETCore.App.Crossgen2.**RID**
                           Crossgen2PackVersion = 5.0.17
                   KnownFrameworkReference
                       Microsoft.AspNetCore.App
                           TargetFramework = netcoreapp3.0
                           DefaultRuntimeFrameworkVersion = 3.0.0
                           TargetingPackName = Microsoft.AspNetCore.App.Ref
                           LatestRuntimeFrameworkVersion = 3.0.3
                           RuntimePackRuntimeIdentifiers = win-x64;win-x86;win-arm;osx-x64;linux-musl-x64;linux-musl-arm64;linux-x64;linux-arm;linux-arm64
                           RuntimePackNamePatterns = Microsoft.AspNetCore.App.Runtime.**RID**
                           TargetingPackVersion = 3.0.1
                           RuntimeFrameworkName = Microsoft.AspNetCore.App
                       Microsoft.AspNetCore.App
                           TargetFramework = netcoreapp3.1
                           DefaultRuntimeFrameworkVersion = 3.1.0
                           TargetingPackName = Microsoft.AspNetCore.App.Ref
                           LatestRuntimeFrameworkVersion = 3.1.32
                           RuntimePackRuntimeIdentifiers = win-x64;win-x86;win-arm;osx-x64;linux-musl-x64;linux-musl-arm64;linux-x64;linux-arm;linux-arm64
                           RuntimePackNamePatterns = Microsoft.AspNetCore.App.Runtime.**RID**
                           TargetingPackVersion = 3.1.10
                           RuntimeFrameworkName = Microsoft.AspNetCore.App
                       Microsoft.AspNetCore.App
                           TargetFramework = net7.0
                           DefaultRuntimeFrameworkVersion = 7.0.0
                           TargetingPackName = Microsoft.AspNetCore.App.Ref
                           LatestRuntimeFrameworkVersion = 7.0.20
                           RuntimePackExcludedRuntimeIdentifiers = android
                           RuntimePackRuntimeIdentifiers = win-x64;win-x86;win-arm;osx-x64;linux-musl-x64;linux-musl-arm64;linux-x64;linux-arm;linux-arm64;linux-musl-arm;win-arm64;osx-arm64;linux-s390x;linux-ppc64le
                           RuntimePackNamePatterns = Microsoft.AspNetCore.App.Runtime.**RID**
                           TargetingPackVersion = 7.0.20
                           RuntimeFrameworkName = Microsoft.AspNetCore.App
                       Microsoft.AspNetCore.App
                           TargetFramework = net8.0
                           DefaultRuntimeFrameworkVersion = 8.0.0
                           TargetingPackName = Microsoft.AspNetCore.App.Ref
                           LatestRuntimeFrameworkVersion = 8.0.30
                           RuntimePackExcludedRuntimeIdentifiers = android;linux-bionic
                           RuntimePackRuntimeIdentifiers = win-x64;win-x86;win-arm;osx-x64;linux-musl-x64;linux-musl-arm64;linux-x64;linux-arm;linux-arm64;linux-musl-arm;win-arm64;osx-arm64;linux-s390x;linux-ppc64le
                           RuntimePackNamePatterns = Microsoft.AspNetCore.App.Runtime.**RID**
                           TargetingPackVersion = 8.0.30
                           RuntimeFrameworkName = Microsoft.AspNetCore.App
                       Microsoft.AspNetCore.App
                           TargetFramework = net5.0
                           DefaultRuntimeFrameworkVersion = 5.0.0
                           TargetingPackName = Microsoft.AspNetCore.App.Ref
                           LatestRuntimeFrameworkVersion = 5.0.17
                           RuntimePackRuntimeIdentifiers = win-x64;win-x86;win-arm;osx-x64;linux-musl-x64;linux-musl-arm64;linux-x64;linux-arm;linux-arm64;linux-musl-arm;win-arm64
                           RuntimePackNamePatterns = Microsoft.AspNetCore.App.Runtime.**RID**
                           TargetingPackVersion = 5.0.0
                           RuntimeFrameworkName = Microsoft.AspNetCore.App
                       Microsoft.AspNetCore.App
                           TargetFramework = net6.0
                           DefaultRuntimeFrameworkVersion = 6.0.0
                           TargetingPackName = Microsoft.AspNetCore.App.Ref
                           LatestRuntimeFrameworkVersion = 6.0.36
                           RuntimePackRuntimeIdentifiers = win-x64;win-x86;win-arm;osx-x64;linux-musl-x64;linux-musl-arm64;linux-x64;linux-arm;linux-arm64;linux-musl-arm;win-arm64;osx-arm64;linux-s390x
                           RuntimePackNamePatterns = Microsoft.AspNetCore.App.Runtime.**RID**
                           TargetingPackVersion = 6.0.36
                           RuntimeFrameworkName = Microsoft.AspNetCore.App
                       Microsoft.NETCore.App
                           TargetFramework = net8.0
                           DefaultRuntimeFrameworkVersion = 8.0.0
                           TargetingPackName = Microsoft.NETCore.App.Ref
                           LatestRuntimeFrameworkVersion = 8.0.30
                           RuntimePackRuntimeIdentifiers = linux-arm;linux-arm64;linux-musl-arm64;linux-musl-x64;linux-x64;osx-x64;rhel.6-x64;tizen.4.0.0-armel;tizen.5.0.0-armel;win-arm64;win-x64;win-x86;linux-musl-arm;osx-arm64;linux-s390x;linux-bionic-arm;linux-bionic-arm64;linux-bionic-x64;linux-bionic-x86;linux-ppc64le
                           RuntimePackNamePatterns = Microsoft.NETCore.App.Runtime.**RID**
                           TargetingPackVersion = 8.0.30
                           RuntimeFrameworkName = Microsoft.NETCore.App
                       Microsoft.NETCore.App
                           TargetFramework = net5.0
                           DefaultRuntimeFrameworkVersion = 5.0.0
                           TargetingPackName = Microsoft.NETCore.App.Ref
                           LatestRuntimeFrameworkVersion = 5.0.17
                           RuntimePackRuntimeIdentifiers = linux-arm;linux-arm64;linux-musl-arm64;linux-musl-x64;linux-x64;osx-x64;rhel.6-x64;tizen.4.0.0-armel;tizen.5.0.0-armel;win-arm;win-arm64;win-x64;win-x86;linux-musl-arm;browser-wasm
                           RuntimePackNamePatterns = Microsoft.NETCore.App.Runtime.**RID**
                           TargetingPackVersion = 5.0.0
                           IsTrimmable = true
                           RuntimeFrameworkName = Microsoft.NETCore.App
                       Microsoft.NETCore.App
                           TargetFramework = net7.0
                           DefaultRuntimeFrameworkVersion = 7.0.0
                           TargetingPackName = Microsoft.NETCore.App.Ref
                           LatestRuntimeFrameworkVersion = 7.0.20
                           RuntimePackRuntimeIdentifiers = linux-arm;linux-arm64;linux-musl-arm64;linux-musl-x64;linux-x64;osx-x64;rhel.6-x64;tizen.4.0.0-armel;tizen.5.0.0-armel;win-arm;win-arm64;win-x64;win-x86;linux-musl-arm;osx-arm64;linux-s390x;linux-bionic-arm;linux-bionic-arm64;linux-bionic-x64;linux-bionic-x86;linux-ppc64le
                           RuntimePackNamePatterns = Microsoft.NETCore.App.Runtime.**RID**
                           TargetingPackVersion = 7.0.20
                           RuntimeFrameworkName = Microsoft.NETCore.App
                       Microsoft.NETCore.App
                           TargetFramework = netcoreapp3.1
                           DefaultRuntimeFrameworkVersion = 3.1.0
                           TargetingPackName = Microsoft.NETCore.App.Ref
                           LatestRuntimeFrameworkVersion = 3.1.32
                           RuntimePackRuntimeIdentifiers = linux-arm;linux-arm64;linux-musl-arm64;linux-musl-x64;linux-x64;osx-x64;rhel.6-x64;tizen.4.0.0-armel;tizen.5.0.0-armel;win-arm;win-arm64;win-x64;win-x86
                           RuntimePackNamePatterns = Microsoft.NETCore.App.Runtime.**RID**
                           TargetingPackVersion = 3.1.0
                           IsTrimmable = true
                           RuntimeFrameworkName = Microsoft.NETCore.App
                       Microsoft.NETCore.App
                           TargetFramework = netcoreapp3.0
                           DefaultRuntimeFrameworkVersion = 3.0.0
                           TargetingPackName = Microsoft.NETCore.App.Ref
                           LatestRuntimeFrameworkVersion = 3.0.3
                           RuntimePackRuntimeIdentifiers = linux-arm;linux-arm64;linux-musl-arm64;linux-musl-x64;linux-x64;osx-x64;rhel.6-x64;tizen.4.0.0-armel;tizen.5.0.0-armel;win-arm;win-arm64;win-x64;win-x86
                           RuntimePackNamePatterns = Microsoft.NETCore.App.Runtime.**RID**
                           TargetingPackVersion = 3.0.0
                           IsTrimmable = true
                           RuntimeFrameworkName = Microsoft.NETCore.App
                       Microsoft.NETCore.App
                           TargetFramework = net6.0
                           DefaultRuntimeFrameworkVersion = 6.0.0
                           TargetingPackName = Microsoft.NETCore.App.Ref
                           LatestRuntimeFrameworkVersion = 6.0.36
                           RuntimePackRuntimeIdentifiers = linux-arm;linux-arm64;linux-musl-arm64;linux-musl-x64;linux-x64;osx-x64;rhel.6-x64;tizen.4.0.0-armel;tizen.5.0.0-armel;win-arm;win-arm64;win-x64;win-x86;linux-musl-arm;osx-arm64;linux-s390x
                           RuntimePackNamePatterns = Microsoft.NETCore.App.Runtime.**RID**
                           TargetingPackVersion = 6.0.36
                           RuntimeFrameworkName = Microsoft.NETCore.App
                       Microsoft.Windows.SDK.NET.Ref
                           RuntimePackAlwaysCopyLocal = true
                           TargetFramework = net5.0-windows10.0.18362.0
                           DefaultRuntimeFrameworkVersion = 10.0.18362.56
                           TargetingPackName = Microsoft.Windows.SDK.NET.Ref
                           IsWindowsOnly = true
                           LatestRuntimeFrameworkVersion = 10.0.18362.56
                           RuntimePackRuntimeIdentifiers = any
                           RuntimePackNamePatterns = Microsoft.Windows.SDK.NET.Ref
                           TargetingPackVersion = 10.0.18362.56
                           RuntimeFrameworkName = Microsoft.Windows.SDK.NET.Ref
                       Microsoft.Windows.SDK.NET.Ref
                           RuntimePackAlwaysCopyLocal = true
                           TargetFramework = net5.0-windows10.0.19041.0
                           DefaultRuntimeFrameworkVersion = 10.0.19041.56
                           TargetingPackName = Microsoft.Windows.SDK.NET.Ref
                           IsWindowsOnly = true
                           LatestRuntimeFrameworkVersion = 10.0.19041.56
                           RuntimePackRuntimeIdentifiers = any
                           RuntimePackNamePatterns = Microsoft.Windows.SDK.NET.Ref
                           TargetingPackVersion = 10.0.19041.56
                           RuntimeFrameworkName = Microsoft.Windows.SDK.NET.Ref
                       Microsoft.Windows.SDK.NET.Ref
                           RuntimePackAlwaysCopyLocal = true
                           TargetFramework = net6.0-windows10.0.19041.0
                           DefaultRuntimeFrameworkVersion = 10.0.19041.56
                           TargetingPackName = Microsoft.Windows.SDK.NET.Ref
                           IsWindowsOnly = true
                           LatestRuntimeFrameworkVersion = 10.0.19041.56
                           RuntimePackRuntimeIdentifiers = any
                           RuntimePackNamePatterns = Microsoft.Windows.SDK.NET.Ref
                           TargetingPackVersion = 10.0.19041.56
                           RuntimeFrameworkName = Microsoft.Windows.SDK.NET.Ref
                       Microsoft.Windows.SDK.NET.Ref
                           RuntimePackAlwaysCopyLocal = true
                           TargetFramework = net6.0-windows10.0.18362.0
                           DefaultRuntimeFrameworkVersion = 10.0.18362.56
                           TargetingPackName = Microsoft.Windows.SDK.NET.Ref
                           IsWindowsOnly = true
                           LatestRuntimeFrameworkVersion = 10.0.18362.56
                           RuntimePackRuntimeIdentifiers = any
                           RuntimePackNamePatterns = Microsoft.Windows.SDK.NET.Ref
                           TargetingPackVersion = 10.0.18362.56
                           RuntimeFrameworkName = Microsoft.Windows.SDK.NET.Ref
                       Microsoft.Windows.SDK.NET.Ref
                           RuntimePackAlwaysCopyLocal = true
                           TargetFramework = net5.0-windows10.0.17763.0
                           DefaultRuntimeFrameworkVersion = 10.0.17763.56
                           TargetingPackName = Microsoft.Windows.SDK.NET.Ref
                           IsWindowsOnly = true
                           LatestRuntimeFrameworkVersion = 10.0.17763.56
                           RuntimePackRuntimeIdentifiers = any
                           RuntimePackNamePatterns = Microsoft.Windows.SDK.NET.Ref
                           TargetingPackVersion = 10.0.17763.56
                           RuntimeFrameworkName = Microsoft.Windows.SDK.NET.Ref
                       Microsoft.Windows.SDK.NET.Ref
                           RuntimePackAlwaysCopyLocal = true
                           TargetFramework = net6.0-windows10.0.17763.0
                           DefaultRuntimeFrameworkVersion = 10.0.17763.56
                           TargetingPackName = Microsoft.Windows.SDK.NET.Ref
                           IsWindowsOnly = true
                           LatestRuntimeFrameworkVersion = 10.0.17763.56
                           RuntimePackRuntimeIdentifiers = any
                           RuntimePackNamePatterns = Microsoft.Windows.SDK.NET.Ref
                           TargetingPackVersion = 10.0.17763.56
                           RuntimeFrameworkName = Microsoft.Windows.SDK.NET.Ref
                       Microsoft.Windows.SDK.NET.Ref
                           RuntimePackAlwaysCopyLocal = true
                           TargetFramework = net8.0-windows10.0.18362.0
                           DefaultRuntimeFrameworkVersion = 10.0.18362.56
                           TargetingPackName = Microsoft.Windows.SDK.NET.Ref
                           IsWindowsOnly = true
                           LatestRuntimeFrameworkVersion = 10.0.18362.56
                           RuntimePackRuntimeIdentifiers = any
                           RuntimePackNamePatterns = Microsoft.Windows.SDK.NET.Ref
                           TargetingPackVersion = 10.0.18362.56
                           RuntimeFrameworkName = Microsoft.Windows.SDK.NET.Ref
                       Microsoft.Windows.SDK.NET.Ref
                           RuntimePackAlwaysCopyLocal = true
                           TargetFramework = net7.0-windows10.0.19041.0
                           DefaultRuntimeFrameworkVersion = 10.0.19041.56
                           TargetingPackName = Microsoft.Windows.SDK.NET.Ref
                           IsWindowsOnly = true
                           LatestRuntimeFrameworkVersion = 10.0.19041.56
                           RuntimePackRuntimeIdentifiers = any
                           RuntimePackNamePatterns = Microsoft.Windows.SDK.NET.Ref
                           TargetingPackVersion = 10.0.19041.56
                           RuntimeFrameworkName = Microsoft.Windows.SDK.NET.Ref
                       Microsoft.Windows.SDK.NET.Ref
                           RuntimePackAlwaysCopyLocal = true
                           TargetFramework = net7.0-windows10.0.18362.0
                           DefaultRuntimeFrameworkVersion = 10.0.18362.56
                           TargetingPackName = Microsoft.Windows.SDK.NET.Ref
                           IsWindowsOnly = true
                           LatestRuntimeFrameworkVersion = 10.0.18362.56
                           RuntimePackRuntimeIdentifiers = any
                           RuntimePackNamePatterns = Microsoft.Windows.SDK.NET.Ref
                           TargetingPackVersion = 10.0.18362.56
                           RuntimeFrameworkName = Microsoft.Windows.SDK.NET.Ref
                       Microsoft.Windows.SDK.NET.Ref
                           RuntimePackAlwaysCopyLocal = true
                           TargetFramework = net7.0-windows10.0.17763.0
                           DefaultRuntimeFrameworkVersion = 10.0.17763.56
                           TargetingPackName = Microsoft.Windows.SDK.NET.Ref
                           IsWindowsOnly = true
                           LatestRuntimeFrameworkVersion = 10.0.17763.56
                           RuntimePackRuntimeIdentifiers = any
                           RuntimePackNamePatterns = Microsoft.Windows.SDK.NET.Ref
                           TargetingPackVersion = 10.0.17763.56
                           RuntimeFrameworkName = Microsoft.Windows.SDK.NET.Ref
                       Microsoft.Windows.SDK.NET.Ref
                           RuntimePackAlwaysCopyLocal = true
                           TargetFramework = net8.0-windows10.0.17763.0
                           DefaultRuntimeFrameworkVersion = 10.0.17763.56
                           TargetingPackName = Microsoft.Windows.SDK.NET.Ref
                           IsWindowsOnly = true
                           LatestRuntimeFrameworkVersion = 10.0.17763.56
                           RuntimePackRuntimeIdentifiers = any
                           RuntimePackNamePatterns = Microsoft.Windows.SDK.NET.Ref
                           TargetingPackVersion = 10.0.17763.56
                           RuntimeFrameworkName = Microsoft.Windows.SDK.NET.Ref
                       Microsoft.Windows.SDK.NET.Ref
                           RuntimePackAlwaysCopyLocal = true
                           TargetFramework = net8.0-windows10.0.19041.0
                           DefaultRuntimeFrameworkVersion = 10.0.19041.56
                           TargetingPackName = Microsoft.Windows.SDK.NET.Ref
                           IsWindowsOnly = true
                           LatestRuntimeFrameworkVersion = 10.0.19041.56
                           RuntimePackRuntimeIdentifiers = any
                           RuntimePackNamePatterns = Microsoft.Windows.SDK.NET.Ref
                           TargetingPackVersion = 10.0.19041.56
                           RuntimeFrameworkName = Microsoft.Windows.SDK.NET.Ref
                       Microsoft.WindowsDesktop.App
                           TargetFramework = netcoreapp3.0
                           DefaultRuntimeFrameworkVersion = 3.0.0
                           TargetingPackName = Microsoft.WindowsDesktop.App.Ref
                           IsWindowsOnly = true
                           LatestRuntimeFrameworkVersion = 3.0.3
                           RuntimePackRuntimeIdentifiers = win-x64;win-x86
                           RuntimePackNamePatterns = Microsoft.WindowsDesktop.App.Runtime.**RID**
                           TargetingPackVersion = 3.0.0
                           RuntimeFrameworkName = Microsoft.WindowsDesktop.App
                       Microsoft.WindowsDesktop.App
                           TargetFramework = netcoreapp3.1
                           DefaultRuntimeFrameworkVersion = 3.1.0
                           TargetingPackName = Microsoft.WindowsDesktop.App.Ref
                           IsWindowsOnly = true
                           LatestRuntimeFrameworkVersion = 3.1.32
                           RuntimePackRuntimeIdentifiers = win-x64;win-x86
                           RuntimePackNamePatterns = Microsoft.WindowsDesktop.App.Runtime.**RID**
                           TargetingPackVersion = 3.1.0
                           RuntimeFrameworkName = Microsoft.WindowsDesktop.App
                       Microsoft.WindowsDesktop.App
                           TargetFramework = net6.0
                           DefaultRuntimeFrameworkVersion = 6.0.0
                           TargetingPackName = Microsoft.WindowsDesktop.App.Ref
                           IsWindowsOnly = true
                           LatestRuntimeFrameworkVersion = 6.0.36
                           RuntimePackRuntimeIdentifiers = win-x64;win-x86;win-arm64
                           RuntimePackNamePatterns = Microsoft.WindowsDesktop.App.Runtime.**RID**
                           TargetingPackVersion = 6.0.36
                           RuntimeFrameworkName = Microsoft.WindowsDesktop.App
                       Microsoft.WindowsDesktop.App
                           TargetFramework = net7.0
                           DefaultRuntimeFrameworkVersion = 7.0.0
                           TargetingPackName = Microsoft.WindowsDesktop.App.Ref
                           IsWindowsOnly = true
                           LatestRuntimeFrameworkVersion = 7.0.20
                           RuntimePackRuntimeIdentifiers = win-x64;win-x86;win-arm64
                           RuntimePackNamePatterns = Microsoft.WindowsDesktop.App.Runtime.**RID**
                           TargetingPackVersion = 7.0.20
                           RuntimeFrameworkName = Microsoft.WindowsDesktop.App
                       Microsoft.WindowsDesktop.App
                           TargetFramework = net8.0
                           DefaultRuntimeFrameworkVersion = 8.0.0
                           TargetingPackName = Microsoft.WindowsDesktop.App.Ref
                           IsWindowsOnly = true
                           LatestRuntimeFrameworkVersion = 8.0.30
                           RuntimePackRuntimeIdentifiers = win-x64;win-x86;win-arm64
                           RuntimePackNamePatterns = Microsoft.WindowsDesktop.App.Runtime.**RID**
                           TargetingPackVersion = 8.0.30
                           RuntimeFrameworkName = Microsoft.WindowsDesktop.App
                       Microsoft.WindowsDesktop.App
                           TargetFramework = net5.0
                           DefaultRuntimeFrameworkVersion = 5.0.0
                           TargetingPackName = Microsoft.WindowsDesktop.App.Ref
                           IsWindowsOnly = true
                           LatestRuntimeFrameworkVersion = 5.0.17
                           RuntimePackRuntimeIdentifiers = win-x64;win-x86;win-arm64
                           RuntimePackNamePatterns = Microsoft.WindowsDesktop.App.Runtime.**RID**
                           TargetingPackVersion = 5.0.0
                           RuntimeFrameworkName = Microsoft.WindowsDesktop.App
                       Microsoft.WindowsDesktop.App.WindowsForms
                           TargetFramework = netcoreapp3.0
                           DefaultRuntimeFrameworkVersion = 3.0.0
                           TargetingPackName = Microsoft.WindowsDesktop.App.Ref
                           IsWindowsOnly = true
                           LatestRuntimeFrameworkVersion = 3.0.3
                           RuntimePackRuntimeIdentifiers = win-x64;win-x86
                           RuntimePackNamePatterns = Microsoft.WindowsDesktop.App.Runtime.**RID**
                           TargetingPackVersion = 3.0.0
                           Profile = WindowsForms
                           RuntimeFrameworkName = Microsoft.WindowsDesktop.App
                       Microsoft.WindowsDesktop.App.WindowsForms
                           TargetFramework = net8.0
                           DefaultRuntimeFrameworkVersion = 8.0.0
                           TargetingPackName = Microsoft.WindowsDesktop.App.Ref
                           IsWindowsOnly = true
                           LatestRuntimeFrameworkVersion = 8.0.30
                           RuntimePackRuntimeIdentifiers = win-x64;win-x86;win-arm64
                           RuntimePackNamePatterns = Microsoft.WindowsDesktop.App.Runtime.**RID**
                           TargetingPackVersion = 8.0.30
                           Profile = WindowsForms
                           RuntimeFrameworkName = Microsoft.WindowsDesktop.App
                       Microsoft.WindowsDesktop.App.WindowsForms
                           TargetFramework = net7.0
                           DefaultRuntimeFrameworkVersion = 7.0.0
                           TargetingPackName = Microsoft.WindowsDesktop.App.Ref
                           IsWindowsOnly = true
                           LatestRuntimeFrameworkVersion = 7.0.20
                           RuntimePackRuntimeIdentifiers = win-x64;win-x86;win-arm64
                           RuntimePackNamePatterns = Microsoft.WindowsDesktop.App.Runtime.**RID**
                           TargetingPackVersion = 7.0.20
                           Profile = WindowsForms
                           RuntimeFrameworkName = Microsoft.WindowsDesktop.App
                       Microsoft.WindowsDesktop.App.WindowsForms
                           TargetFramework = net6.0
                           DefaultRuntimeFrameworkVersion = 6.0.0
                           TargetingPackName = Microsoft.WindowsDesktop.App.Ref
                           IsWindowsOnly = true
                           LatestRuntimeFrameworkVersion = 6.0.36
                           RuntimePackRuntimeIdentifiers = win-x64;win-x86;win-arm64
                           RuntimePackNamePatterns = Microsoft.WindowsDesktop.App.Runtime.**RID**
                           TargetingPackVersion = 6.0.36
                           Profile = WindowsForms
                           RuntimeFrameworkName = Microsoft.WindowsDesktop.App
                       Microsoft.WindowsDesktop.App.WindowsForms
                           TargetFramework = netcoreapp3.1
                           DefaultRuntimeFrameworkVersion = 3.1.0
                           TargetingPackName = Microsoft.WindowsDesktop.App.Ref
                           IsWindowsOnly = true
                           LatestRuntimeFrameworkVersion = 3.1.32
                           RuntimePackRuntimeIdentifiers = win-x64;win-x86
                           RuntimePackNamePatterns = Microsoft.WindowsDesktop.App.Runtime.**RID**
                           TargetingPackVersion = 3.1.0
                           Profile = WindowsForms
                           RuntimeFrameworkName = Microsoft.WindowsDesktop.App
                       Microsoft.WindowsDesktop.App.WindowsForms
                           TargetFramework = net5.0
                           DefaultRuntimeFrameworkVersion = 5.0.0
                           TargetingPackName = Microsoft.WindowsDesktop.App.Ref
                           IsWindowsOnly = true
                           LatestRuntimeFrameworkVersion = 5.0.17
                           RuntimePackRuntimeIdentifiers = win-x64;win-x86;win-arm64
                           RuntimePackNamePatterns = Microsoft.WindowsDesktop.App.Runtime.**RID**
                           TargetingPackVersion = 5.0.0
                           Profile = WindowsForms
                           RuntimeFrameworkName = Microsoft.WindowsDesktop.App
                       Microsoft.WindowsDesktop.App.WPF
                           TargetFramework = netcoreapp3.0
                           DefaultRuntimeFrameworkVersion = 3.0.0
                           TargetingPackName = Microsoft.WindowsDesktop.App.Ref
                           IsWindowsOnly = true
                           LatestRuntimeFrameworkVersion = 3.0.3
                           RuntimePackRuntimeIdentifiers = win-x64;win-x86
                           RuntimePackNamePatterns = Microsoft.WindowsDesktop.App.Runtime.**RID**
                           TargetingPackVersion = 3.0.0
                           Profile = WPF
                           RuntimeFrameworkName = Microsoft.WindowsDesktop.App
                       Microsoft.WindowsDesktop.App.WPF
                           TargetFramework = net6.0
                           DefaultRuntimeFrameworkVersion = 6.0.0
                           TargetingPackName = Microsoft.WindowsDesktop.App.Ref
                           IsWindowsOnly = true
                           LatestRuntimeFrameworkVersion = 6.0.36
                           RuntimePackRuntimeIdentifiers = win-x64;win-x86;win-arm64
                           RuntimePackNamePatterns = Microsoft.WindowsDesktop.App.Runtime.**RID**
                           TargetingPackVersion = 6.0.36
                           Profile = WPF
                           RuntimeFrameworkName = Microsoft.WindowsDesktop.App
                       Microsoft.WindowsDesktop.App.WPF
                           TargetFramework = netcoreapp3.1
                           DefaultRuntimeFrameworkVersion = 3.1.0
                           TargetingPackName = Microsoft.WindowsDesktop.App.Ref
                           IsWindowsOnly = true
                           LatestRuntimeFrameworkVersion = 3.1.32
                           RuntimePackRuntimeIdentifiers = win-x64;win-x86
                           RuntimePackNamePatterns = Microsoft.WindowsDesktop.App.Runtime.**RID**
                           TargetingPackVersion = 3.1.0
                           Profile = WPF
                           RuntimeFrameworkName = Microsoft.WindowsDesktop.App
                       Microsoft.WindowsDesktop.App.WPF
                           TargetFramework = net5.0
                           DefaultRuntimeFrameworkVersion = 5.0.0
                           TargetingPackName = Microsoft.WindowsDesktop.App.Ref
                           IsWindowsOnly = true
                           LatestRuntimeFrameworkVersion = 5.0.17
                           RuntimePackRuntimeIdentifiers = win-x64;win-x86;win-arm64
                           RuntimePackNamePatterns = Microsoft.WindowsDesktop.App.Runtime.**RID**
                           TargetingPackVersion = 5.0.0
                           Profile = WPF
                           RuntimeFrameworkName = Microsoft.WindowsDesktop.App
                       Microsoft.WindowsDesktop.App.WPF
                           TargetFramework = net7.0
                           DefaultRuntimeFrameworkVersion = 7.0.0
                           TargetingPackName = Microsoft.WindowsDesktop.App.Ref
                           IsWindowsOnly = true
                           LatestRuntimeFrameworkVersion = 7.0.20
                           RuntimePackRuntimeIdentifiers = win-x64;win-x86;win-arm64
                           RuntimePackNamePatterns = Microsoft.WindowsDesktop.App.Runtime.**RID**
                           TargetingPackVersion = 7.0.20
                           Profile = WPF
                           RuntimeFrameworkName = Microsoft.WindowsDesktop.App
                       Microsoft.WindowsDesktop.App.WPF
                           TargetFramework = net8.0
                           DefaultRuntimeFrameworkVersion = 8.0.0
                           TargetingPackName = Microsoft.WindowsDesktop.App.Ref
                           IsWindowsOnly = true
                           LatestRuntimeFrameworkVersion = 8.0.30
                           RuntimePackRuntimeIdentifiers = win-x64;win-x86;win-arm64
                           RuntimePackNamePatterns = Microsoft.WindowsDesktop.App.Runtime.**RID**
                           TargetingPackVersion = 8.0.30
                           Profile = WPF
                           RuntimeFrameworkName = Microsoft.WindowsDesktop.App
                       NETStandard.Library
                           TargetFramework = netstandard2.1
                           TargetingPackName = NETStandard.Library.Ref
                           TargetingPackVersion = 2.1.0
                   KnownILCompilerPack
                       Microsoft.DotNet.ILCompiler
                           ILCompilerPackNamePattern = runtime.**RID**.Microsoft.DotNet.ILCompiler
                           TargetFramework = net8.0
                           ILCompilerPackVersion = 8.0.30
                           ILCompilerRuntimeIdentifiers = linux-arm64;linux-musl-arm64;linux-musl-x64;linux-x64;win-arm64;win-x64;osx-x64;osx-arm64
                       Microsoft.DotNet.ILCompiler
                           ILCompilerPackNamePattern = runtime.**RID**.Microsoft.DotNet.ILCompiler
                           TargetFramework = net7.0
                           ILCompilerPackVersion = 7.0.20
                           ILCompilerRuntimeIdentifiers = linux-arm64;linux-musl-arm64;linux-musl-x64;linux-x64;win-arm64;win-x64
                   KnownILLinkPack
                       Microsoft.NET.ILLink.Tasks
                           TargetFramework = net8.0
                           ILLinkPackVersion = 8.0.30
                       Microsoft.NET.ILLink.Tasks
                           TargetFramework = net7.0
                           ILLinkPackVersion = 7.0.100-1.23401.1
                       Microsoft.NET.ILLink.Tasks
                           TargetFramework = net6.0
                           ILLinkPackVersion = 7.0.100-1.23401.1
                       Microsoft.NET.ILLink.Tasks
                           TargetFramework = net5.0
                           ILLinkPackVersion = 7.0.100-1.23401.1
                       Microsoft.NET.ILLink.Tasks
                           TargetFramework = netcoreapp3.1
                           ILLinkPackVersion = 7.0.100-1.23401.1
                       Microsoft.NET.ILLink.Tasks
                           TargetFramework = netcoreapp3.0
                           ILLinkPackVersion = 7.0.100-1.23401.1
                   KnownRuntimePack
                       Microsoft.NETCore.App
                           TargetFramework = net8.0
                           LatestRuntimeFrameworkVersion = 8.0.30
                           RuntimePackRuntimeIdentifiers = ios-arm64;iossimulator-arm64;iossimulator-x64;tvos-arm64;tvossimulator-arm64;tvossimulator-x64;maccatalyst-arm64;maccatalyst-x64;linux-bionic-arm64;linux-bionic-x64;osx-arm64;osx-x64
                           RuntimePackNamePatterns = Microsoft.NETCore.App.Runtime.NativeAOT.**RID**
                           RuntimePackLabels = NativeAOT
                           RuntimeFrameworkName = Microsoft.NETCore.App
                       Microsoft.NETCore.App
                           TargetFramework = net8.0
                           LatestRuntimeFrameworkVersion = 8.0.30
                           RuntimePackRuntimeIdentifiers = linux-arm;linux-arm64;linux-musl-arm64;linux-musl-x64;linux-x64;osx-x64;rhel.6-x64;win-arm64;win-x64;win-x86;linux-musl-arm;osx-arm64;linux-s390x;browser-wasm;ios-arm64;ios-arm;iossimulator-arm64;iossimulator-x64;iossimulator-x86;tvos-arm64;tvossimulator-arm64;tvossimulator-x64;maccatalyst-x64;maccatalyst-arm64;android-arm64;android-arm;android-x64;android-x86
                           RuntimePackNamePatterns = Microsoft.NETCore.App.Runtime.Mono.**RID**
                           RuntimePackLabels = Mono
                           RuntimeFrameworkName = Microsoft.NETCore.App
                       Microsoft.NETCore.App
                           TargetFramework = net7.0
                           LatestRuntimeFrameworkVersion = 7.0.20
                           RuntimePackRuntimeIdentifiers = linux-arm;linux-arm64;linux-musl-arm64;linux-musl-x64;linux-x64;osx-x64;rhel.6-x64;win-arm;win-arm64;win-x64;win-x86;linux-musl-arm;osx-arm64;linux-s390x;browser-wasm;ios-arm64;ios-arm;iossimulator-arm64;iossimulator-x64;iossimulator-x86;tvos-arm64;tvossimulator-arm64;tvossimulator-x64;maccatalyst-x64;maccatalyst-arm64;android-arm64;android-arm;android-x64;android-x86
                           RuntimePackNamePatterns = Microsoft.NETCore.App.Runtime.Mono.**RID**
                           RuntimePackLabels = Mono
                           RuntimeFrameworkName = Microsoft.NETCore.App
                       Microsoft.NETCore.App
                           TargetFramework = net6.0
                           LatestRuntimeFrameworkVersion = 6.0.36
                           RuntimePackRuntimeIdentifiers = linux-arm;linux-arm64;linux-musl-arm64;linux-musl-x64;linux-x64;osx-x64;rhel.6-x64;win-arm;win-arm64;win-x64;win-x86;linux-musl-arm;osx-arm64;linux-s390x;browser-wasm;ios-arm64;ios-arm;iossimulator-arm64;iossimulator-x64;iossimulator-x86;tvos-arm64;tvossimulator-arm64;tvossimulator-x64;maccatalyst-x64;maccatalyst-arm64;android-arm64;android-arm;android-x64;android-x86
                           RuntimePackNamePatterns = Microsoft.NETCore.App.Runtime.Mono.**RID**
                           RuntimePackLabels = Mono
                           RuntimeFrameworkName = Microsoft.NETCore.App
                   KnownWebAssemblySdkPack
                       Microsoft.NET.Sdk.WebAssembly.Pack
                           TargetFramework = net8.0
                           WebAssemblySdkPackVersion = 8.0.30
                       Microsoft.NET.Sdk.WebAssembly.Pack
                           TargetFramework = net7.0
                           WebAssemblySdkPackVersion = 8.0.30
                       Microsoft.NET.Sdk.WebAssembly.Pack
                           TargetFramework = net6.0
                           WebAssemblySdkPackVersion = 8.0.30
                   PackageConflictOverrides
                       NETStandard.Library
                           OverriddenPackages = 
                           Microsoft.Win32.Primitives|4.3.0;
                           System.AppContext|4.3.0;
                           System.Collections|4.3.0;
                           System.Collections.Concurrent|4.3.0;
                           System.Collections.Immutable|1.4.0;
                           System.Collections.NonGeneric|4.3.0;
                           System.Collections.Specialized|4.3.0;
                           System.ComponentModel|4.3.0;
                           System.ComponentModel.EventBasedAsync|4.3.0;
                           System.ComponentModel.Primitives|4.3.0;
                           System.ComponentModel.TypeConverter|4.3.0;
                           System.Console|4.3.0;
                           System.Data.Common|4.3.0;
                           System.Diagnostics.Contracts|4.3.0;
                           System.Diagnostics.Debug|4.3.0;
                           System.Diagnostics.FileVersionInfo|4.3.0;
                           System.Diagnostics.Process|4.3.0;
                           System.Diagnostics.StackTrace|4.3.0;
                           System.Diagnostics.TextWriterTraceListener|4.3.0;
                           System.Diagnostics.Tools|4.3.0;
                           System.Diagnostics.TraceSource|4.3.0;
                           System.Diagnostics.Tracing|4.3.0;
                           System.Dynamic.Runtime|4.3.0;
                           System.Globalization|4.3.0;
                           System.Globalization.Calendars|4.3.0;
                           System.Globalization.Extensions|4.3.0;
                           System.IO|4.3.0;
                           System.IO.Compression|4.3.0;
                           System.IO.Compression.ZipFile|4.3.0;
                           System.IO.FileSystem|4.3.0;
                           System.IO.FileSystem.DriveInfo|4.3.0;
                           System.IO.FileSystem.Primitives|4.3.0;
                           System.IO.FileSystem.Watcher|4.3.0;
                           System.IO.IsolatedStorage|4.3.0;
                           System.IO.MemoryMappedFiles|4.3.0;
                           System.IO.Pipes|4.3.0;
                           System.IO.UnmanagedMemoryStream|4.3.0;
                           System.Linq|4.3.0;
                           System.Linq.Expressions|4.3.0;
                           System.Linq.Queryable|4.3.0;
                           System.Net.Http|4.3.0;
                           System.Net.NameResolution|4.3.0;
                           System.Net.Primitives|4.3.0;
                           System.Net.Requests|4.3.0;
                           System.Net.Security|4.3.0;
                           System.Net.Sockets|4.3.0;
                           System.Net.WebHeaderCollection|4.3.0;
                           System.ObjectModel|4.3.0;
                           System.Private.DataContractSerialization|4.3.0;
                           System.Reflection|4.3.0;
                           System.Reflection.Emit|4.3.0;
                           System.Reflection.Emit.ILGeneration|4.3.0;
                           System.Reflection.Emit.Lightweight|4.3.0;
                           System.Reflection.Extensions|4.3.0;
                           System.Reflection.Primitives|4.3.0;
                           System.Reflection.TypeExtensions|4.3.0;
                           System.Resources.ResourceManager|4.3.0;
                           System.Runtime|4.3.0;
                           System.Runtime.Extensions|4.3.0;
                           System.Runtime.Handles|4.3.0;
                           System.Runtime.InteropServices|4.3.0;
                           System.Runtime.InteropServices.RuntimeInformation|4.3.0;
                           System.Runtime.Loader|4.3.0;
                           System.Runtime.Numerics|4.3.0;
                           System.Runtime.Serialization.Formatters|4.3.0;
                           System.Runtime.Serialization.Json|4.3.0;
                           System.Runtime.Serialization.Primitives|4.3.0;
                           System.Security.AccessControl|4.4.0;
                           System.Security.Claims|4.3.0;
                           System.Security.Cryptography.Algorithms|4.3.0;
                           System.Security.Cryptography.Csp|4.3.0;
                           System.Security.Cryptography.Encoding|4.3.0;
                           System.Security.Cryptography.Primitives|4.3.0;
                           System.Security.Cryptography.X509Certificates|4.3.0;
                           System.Security.Cryptography.Xml|4.4.0;
                           System.Security.Principal|4.3.0;
                           System.Security.Principal.Windows|4.4.0;
                           System.Text.Encoding|4.3.0;
                           System.Text.Encoding.Extensions|4.3.0;
                           System.Text.RegularExpressions|4.3.0;
                           System.Threading|4.3.0;
                           System.Threading.Overlapped|4.3.0;
                           System.Threading.Tasks|4.3.0;
                           System.Threading.Tasks.Extensions|4.3.0;
                           System.Threading.Tasks.Parallel|4.3.0;
                           System.Threading.Thread|4.3.0;
                           System.Threading.ThreadPool|4.3.0;
                           System.Threading.Timer|4.3.0;
                           System.ValueTuple|4.3.0;
                           System.Xml.ReaderWriter|4.3.0;
                           System.Xml.XDocument|4.3.0;
                           System.Xml.XmlDocument|4.3.0;
                           System.Xml.XmlSerializer|4.3.0;
                           System.Xml.XPath|4.3.0;
                           System.Xml.XPath.XDocument|4.3.0;
                         
                   PotentialEditorConfigFiles
                       C:\.editorconfig
                       C:\Users\.editorconfig
                       C:\Users\OdinLocal\.editorconfig
                       C:\Users\OdinLocal\Documents\.editorconfig
                       C:\Users\OdinLocal\Documents\Kimi\.editorconfig
                       C:\Users\OdinLocal\Documents\Kimi\Workspaces\.editorconfig
                       C:\Users\OdinLocal\Documents\Kimi\Workspaces\MediaOrganizer\.editorconfig
                       C:\Users\OdinLocal\Documents\Kimi\Workspaces\MediaOrganizer\FastDelete\.editorconfig
                       C:\Users\OdinLocal\Documents\Kimi\Workspaces\MediaOrganizer\FastDelete\src\.editorconfig
                       C:\Users\OdinLocal\Documents\Kimi\Workspaces\MediaOrganizer\FastDelete\src\FastDelete.Core\.editorconfig
                   PreprocessorValue
                       assemblyname
                           Value = FastDelete.Core
                       filename
                           Value = FastDelete.Core.csproj
                       fullpath
                           Value = C:\Users\OdinLocal\Documents\Kimi\Workspaces\MediaOrganizer\FastDelete\src\FastDelete.Core
                       outputfilename
                           Value = FastDelete.Core.dll
                       rootnamespace
                           Value = FastDelete.Core
                   ProjectCapability
                       AllTargetOutputGroups
                       AssemblyReferences
                       COMReferences
                       CSharp
                       DeclaredSourceItems
                       GenerateDocumentationFile
                       LanguageService
                       Managed
                       NativeAOT
                       NetSdkOCIImageBuild
                       OutputGroups
                       Pack
                       ProjectReferences
                       ReferencesFolder
                       RelativePathDerivedDefaultNamespace
                       SharedProjectReferences
                       SingleFileGenerators
                       SupportsHotReload
                       UserSourceItems
                       VisualStudioWellKnownOutputGroups
                   PropertyPageSchema
                       C:\Program Files\dotnet\sdk\8.0.424\\assemblyreference.xaml
                           Context = ;BrowseObject
                       C:\Program Files\dotnet\sdk\8.0.424\\COMReference.xaml
                           Context = ;BrowseObject
                       C:\Program Files\dotnet\sdk\8.0.424\\Content.xaml
                           Context = File;BrowseObject
                       C:\Program Files\dotnet\sdk\8.0.424\\CSharp.BrowseObject.xaml
                           Context = BrowseObject
                       C:\Program Files\dotnet\sdk\8.0.424\\CSharp.ProjectItemsSchema.xaml
                       C:\Program Files\dotnet\sdk\8.0.424\\CSharp.xaml
                           Context = File
                       C:\Program Files\dotnet\sdk\8.0.424\\Debugger_General.xaml
                           Context = Project
                       C:\Program Files\dotnet\sdk\8.0.424\\EmbeddedResource.xaml
                           Context = File;BrowseObject
                       C:\Program Files\dotnet\sdk\8.0.424\\Folder.xaml
                           Context = File;BrowseObject
                       C:\Program Files\dotnet\sdk\8.0.424\\General_File.xaml
                           Context = File
                       C:\Program Files\dotnet\sdk\8.0.424\\General.BrowseObject.xaml
                           Context = BrowseObject
                       C:\Program Files\dotnet\sdk\8.0.424\\General.xaml
                           Context = Project
                       C:\Program Files\dotnet\sdk\8.0.424\\None.xaml
                           Context = File;BrowseObject
                       C:\Program Files\dotnet\sdk\8.0.424\\ProjectItemsSchema.xaml
                       C:\Program Files\dotnet\sdk\8.0.424\\ProjectReference.xaml
                           Context = ;BrowseObject
                       C:\Program Files\dotnet\sdk\8.0.424\\ResolvedAssemblyReference.xaml
                           Context = ProjectSubscriptionService;BrowseObject
                       C:\Program Files\dotnet\sdk\8.0.424\\ResolvedCOMReference.xaml
                           Context = ProjectSubscriptionService;BrowseObject
                       C:\Program Files\dotnet\sdk\8.0.424\\ResolvedProjectReference.xaml
                           Context = ProjectSubscriptionService;BrowseObject
                       C:\Program Files\dotnet\sdk\8.0.424\\SCC.xaml
                           Context = Invisible
                       C:\Program Files\dotnet\sdk\8.0.424\\SpecialFolder.xaml
                           Context = File;ProjectSubscriptionService
                   RegFreeComManifest
                       obj\Debug\net8.0\FastDelete.Core.X.manifest
                   RestoreGraphProjectInputItems
                       C:\Users\OdinLocal\Documents\Kimi\Workspaces\MediaOrganizer\FastDelete\src\FastDelete.Core\FastDelete.Core.csproj
                   RuntimeHostConfigurationOption
                       System.Runtime.Serialization.EnableUnsafeBinaryFormatterSerialization
                           Value = false
                           Trim = true
                   SdkSupportedTargetPlatformIdentifier
                       android
                           DisplayName = Android
                       ios
                           DisplayName = iOS
                       maccatalyst
                           DisplayName = Mac Catalyst
                       macos
                           DisplayName = macOS
                       tvos
                           DisplayName = tvOS
                       windows
                           DisplayName = Windows
                   SourceLinkAzureReposGitHost
                       dev.azure.com
                       visualstudio.com
                       vsts.me
                   SourceLinkBitbucketGitHost
                       bitbucket.org
                           EnterpriseEdition = false
                   SourceLinkGitHubHost
                       github.com
                           ContentUrl = https://raw.githubusercontent.com
                   SourceLinkGitLabHost
                       gitlab.com
                   SupportedNETCoreAppTargetFramework
                       .NETCoreApp,Version=v1.0
                           DisplayName = .NET Core 1.0
                           Alias = netcoreapp1.0
                       .NETCoreApp,Version=v1.1
                           DisplayName = .NET Core 1.1
                           Alias = netcoreapp1.1
                       .NETCoreApp,Version=v2.0
                           DisplayName = .NET Core 2.0
                           Alias = netcoreapp2.0
                       .NETCoreApp,Version=v2.1
                           DisplayName = .NET Core 2.1
                           Alias = netcoreapp2.1
                       .NETCoreApp,Version=v2.2
                           DisplayName = .NET Core 2.2
                           Alias = netcoreapp2.2
                       .NETCoreApp,Version=v3.0
                           DisplayName = .NET Core 3.0
                           Alias = netcoreapp3.0
                       .NETCoreApp,Version=v3.1
                           DisplayName = .NET Core 3.1
                           Alias = netcoreapp3.1
                       .NETCoreApp,Version=v5.0
                           DisplayName = .NET 5.0
                           Alias = net5.0
                       .NETCoreApp,Version=v6.0
                           DisplayName = .NET 6.0
                           Alias = net6.0
                       .NETCoreApp,Version=v7.0
                           DisplayName = .NET 7.0
                           Alias = net7.0
                       .NETCoreApp,Version=v8.0
                           DisplayName = .NET 8.0
                           Alias = net8.0
                   SupportedNETFrameworkTargetFramework
                       .NETFramework,Version=v2.0
                           DisplayName = .NET Framework 2.0
                           Alias = net20
                       .NETFramework,Version=v3.0
                           DisplayName = .NET Framework 3.0
                           Alias = net30
                       .NETFramework,Version=v3.5
                           DisplayName = .NET Framework 3.5
                           Alias = net35
                       .NETFramework,Version=v4.0
                           DisplayName = .NET Framework 4.0
                           Alias = net40
                       .NETFramework,Version=v4.5
                           DisplayName = .NET Framework 4.5
                           Alias = net45
                       .NETFramework,Version=v4.5.1
                           DisplayName = .NET Framework 4.5.1
                           Alias = net451
                       .NETFramework,Version=v4.5.2
                           DisplayName = .NET Framework 4.5.2
                           Alias = net452
                       .NETFramework,Version=v4.6
                           DisplayName = .NET Framework 4.6
                           Alias = net46
                       .NETFramework,Version=v4.6.1
                           DisplayName = .NET Framework 4.6.1
                           Alias = net461
                       .NETFramework,Version=v4.6.2
                           DisplayName = .NET Framework 4.6.2
                           Alias = net462
                       .NETFramework,Version=v4.7
                           DisplayName = .NET Framework 4.7
                           Alias = net47
                       .NETFramework,Version=v4.7.1
                           DisplayName = .NET Framework 4.7.1
                           Alias = net471
                       .NETFramework,Version=v4.7.2
                           DisplayName = .NET Framework 4.7.2
                           Alias = net472
                       .NETFramework,Version=v4.8
                           DisplayName = .NET Framework 4.8
                           Alias = net48
                       .NETFramework,Version=v4.8.1
                           DisplayName = .NET Framework 4.8.1
                           Alias = net481
                   SupportedNETStandardTargetFramework
                       .NETStandard,Version=v1.0
                           DisplayName = .NET Standard 1.0
                           Alias = netstandard1.0
                       .NETStandard,Version=v1.1
                           DisplayName = .NET Standard 1.1
                           Alias = netstandard1.1
                       .NETStandard,Version=v1.2
                           DisplayName = .NET Standard 1.2
                           Alias = netstandard1.2
                       .NETStandard,Version=v1.3
                           DisplayName = .NET Standard 1.3
                           Alias = netstandard1.3
                       .NETStandard,Version=v1.4
                           DisplayName = .NET Standard 1.4
                           Alias = netstandard1.4
                       .NETStandard,Version=v1.5
                           DisplayName = .NET Standard 1.5
                           Alias = netstandard1.5
                       .NETStandard,Version=v1.6
                           DisplayName = .NET Standard 1.6
                           Alias = netstandard1.6
                       .NETStandard,Version=v2.0
                           DisplayName = .NET Standard 2.0
                           Alias = netstandard2.0
                       .NETStandard,Version=v2.1
                           DisplayName = .NET Standard 2.1
                           Alias = netstandard2.1
                   SupportedPlatform
                       Linux
                       macOS
                       Windows
                   SupportedTargetFramework
                       .NETCoreApp,Version=v1.0
                           DisplayName = .NET Core 1.0
                           Alias = netcoreapp1.0
                       .NETCoreApp,Version=v1.1
                           DisplayName = .NET Core 1.1
                           Alias = netcoreapp1.1
                       .NETCoreApp,Version=v2.0
                           DisplayName = .NET Core 2.0
                           Alias = netcoreapp2.0
                       .NETCoreApp,Version=v2.1
                           DisplayName = .NET Core 2.1
                           Alias = netcoreapp2.1
                       .NETCoreApp,Version=v2.2
                           DisplayName = .NET Core 2.2
                           Alias = netcoreapp2.2
                       .NETCoreApp,Version=v3.0
                           DisplayName = .NET Core 3.0
                           Alias = netcoreapp3.0
                       .NETCoreApp,Version=v3.1
                           DisplayName = .NET Core 3.1
                           Alias = netcoreapp3.1
                       .NETCoreApp,Version=v5.0
                           DisplayName = .NET 5.0
                           Alias = net5.0
                       .NETCoreApp,Version=v6.0
                           DisplayName = .NET 6.0
                           Alias = net6.0
                       .NETCoreApp,Version=v7.0
                           DisplayName = .NET 7.0
                           Alias = net7.0
                       .NETCoreApp,Version=v8.0
                           DisplayName = .NET 8.0
                           Alias = net8.0
                       .NETFramework,Version=v2.0
                           DisplayName = .NET Framework 2.0
                           Alias = net20
                       .NETFramework,Version=v3.0
                           DisplayName = .NET Framework 3.0
                           Alias = net30
                       .NETFramework,Version=v3.5
                           DisplayName = .NET Framework 3.5
                           Alias = net35
                       .NETFramework,Version=v4.0
                           DisplayName = .NET Framework 4.0
                           Alias = net40
                       .NETFramework,Version=v4.5
                           DisplayName = .NET Framework 4.5
                           Alias = net45
                       .NETFramework,Version=v4.5.1
                           DisplayName = .NET Framework 4.5.1
                           Alias = net451
                       .NETFramework,Version=v4.5.2
                           DisplayName = .NET Framework 4.5.2
                           Alias = net452
                       .NETFramework,Version=v4.6
                           DisplayName = .NET Framework 4.6
                           Alias = net46
                       .NETFramework,Version=v4.6.1
                           DisplayName = .NET Framework 4.6.1
                           Alias = net461
                       .NETFramework,Version=v4.6.2
                           DisplayName = .NET Framework 4.6.2
                           Alias = net462
                       .NETFramework,Version=v4.7
                           DisplayName = .NET Framework 4.7
                           Alias = net47
                       .NETFramework,Version=v4.7.1
                           DisplayName = .NET Framework 4.7.1
                           Alias = net471
                       .NETFramework,Version=v4.7.2
                           DisplayName = .NET Framework 4.7.2
                           Alias = net472
                       .NETFramework,Version=v4.8
                           DisplayName = .NET Framework 4.8
                           Alias = net48
                       .NETFramework,Version=v4.8.1
                           DisplayName = .NET Framework 4.8.1
                           Alias = net481
                       .NETStandard,Version=v1.0
                           DisplayName = .NET Standard 1.0
                           Alias = netstandard1.0
                       .NETStandard,Version=v1.1
                           DisplayName = .NET Standard 1.1
                           Alias = netstandard1.1
                       .NETStandard,Version=v1.2
                           DisplayName = .NET Standard 1.2
                           Alias = netstandard1.2
                       .NETStandard,Version=v1.3
                           DisplayName = .NET Standard 1.3
                           Alias = netstandard1.3
                       .NETStandard,Version=v1.4
                           DisplayName = .NET Standard 1.4
                           Alias = netstandard1.4
                       .NETStandard,Version=v1.5
                           DisplayName = .NET Standard 1.5
                           Alias = netstandard1.5
                       .NETStandard,Version=v1.6
                           DisplayName = .NET Standard 1.6
                           Alias = netstandard1.6
                       .NETStandard,Version=v2.0
                           DisplayName = .NET Standard 2.0
                           Alias = netstandard2.0
                       .NETStandard,Version=v2.1
                           DisplayName = .NET Standard 2.1
                           Alias = netstandard2.1
                   Using
                       System
                       System.Collections.Generic
                       System.IO
                       System.Linq
                       System.Net.Http
                       System.Threading
                       System.Threading.Tasks
                   WindowsSdkSupportedTargetPlatformVersion
                       10.0.17763.0
                           WindowsSdkPackageVersion = 10.0.17763.55
                           MinimumNETVersion = 6.0
                       10.0.17763.0
                           WindowsSdkPackageVersion = 10.0.17763.56
                           MinimumNETVersion = 8.0
                       10.0.17763.0
                           WindowsSdkPackageVersion = 10.0.17763.26
                           MinimumNETVersion = 5.0
                       10.0.18362.0
                           WindowsSdkPackageVersion = 10.0.18362.55
                           MinimumNETVersion = 6.0
                       10.0.18362.0
                           WindowsSdkPackageVersion = 10.0.18362.56
                           MinimumNETVersion = 8.0
                       10.0.18362.0
                           WindowsSdkPackageVersion = 10.0.18362.26
                           MinimumNETVersion = 5.0
                       10.0.19041.0
                           WindowsSdkPackageVersion = 10.0.19041.26
                           MinimumNETVersion = 5.0
                       10.0.19041.0
                           WindowsSdkPackageVersion = 10.0.19041.55
                           MinimumNETVersion = 6.0
                       10.0.19041.0
                           WindowsSdkPackageVersion = 10.0.19041.56
                           MinimumNETVersion = 8.0
                       10.0.20348.0
                           WindowsSdkPackageVersion = 10.0.20348.55
                           MinimumNETVersion = 6.0
                       10.0.20348.0
                           WindowsSdkPackageVersion = 10.0.20348.26
                           MinimumNETVersion = 5.0
                       10.0.20348.0
                           WindowsSdkPackageVersion = 10.0.20348.56
                           MinimumNETVersion = 8.0
                       10.0.22000.0
                           WindowsSdkPackageVersion = 10.0.22000.56
                           MinimumNETVersion = 8.0
                       10.0.22000.0
                           WindowsSdkPackageVersion = 10.0.22000.26
                           MinimumNETVersion = 5.0
                       10.0.22000.0
                           WindowsSdkPackageVersion = 10.0.22000.55
                           MinimumNETVersion = 6.0
                       10.0.22621.0
                           WindowsSdkPackageVersion = 10.0.22621.56
                           MinimumNETVersion = 8.0
                       10.0.22621.0
                           WindowsSdkPackageVersion = 10.0.22621.55
                           MinimumNETVersion = 6.0
                       10.0.26100.0
                           WindowsSdkPackageVersion = 10.0.26100.56
                           MinimumNETVersion = 8.0
                       10.0.26100.0
                           WindowsSdkPackageVersion = 10.0.26100.55
                           MinimumNETVersion = 6.0
                       7.0
                       8.0

23:01:22.492     1>Project "C:\Users\OdinLocal\Documents\Kimi\Workspaces\MediaOrganizer\FastDelete\src\FastDelete.Core\FastDelete.Core.csproj" on node 1 (Restore target(s)).
23:01:22.502     1>Target "_LoadRestoreGraphEntryPoints: (TargetId:2)" in file "C:\Program Files\dotnet\sdk\8.0.424\NuGet.targets" from project "C:\Users\OdinLocal\Documents\Kimi\Workspaces\MediaOrganizer\FastDelete\src\FastDelete.Core\FastDelete.Core.csproj" (target "_FilterRestoreGraphProjectInputItems" depends on it):
23:01:22.507     1>Added Item(s): RestoreGraphProjectInputItems=C:\Users\OdinLocal\Documents\Kimi\Workspaces\MediaOrganizer\FastDelete\src\FastDelete.Core\FastDelete.Core.csproj
                   Task "GetRestoreSolutionProjectsTask" skipped, due to false condition; ( $(MSBuildProjectFullPath.EndsWith('.metaproj')) == 'true' AND @(RestoreGraphProjectInputItems) == '' ) was evaluated as ( False == 'true' AND C:\Users\OdinLocal\Documents\Kimi\Workspaces\MediaOrganizer\FastDelete\src\FastDelete.Core\FastDelete.Core.csproj == '' ).
23:01:22.516     1>Done building target "_LoadRestoreGraphEntryPoints" in project "FastDelete.Core.csproj".: (TargetId:2)
23:01:22.516     1>Target "_FilterRestoreGraphProjectInputItems: (TargetId:3)" in file "C:\Program Files\dotnet\sdk\8.0.424\NuGet.targets" from project "C:\Users\OdinLocal\Documents\Kimi\Workspaces\MediaOrganizer\FastDelete\src\FastDelete.Core\FastDelete.Core.csproj" (target "_GenerateRestoreGraph" depends on it):
                   Set Property: RestoreProjectFilterMode=exclusionlist
                   Added Item(s): _FilteredRestoreGraphProjectInputItemsTmp=C:\Users\OdinLocal\Documents\Kimi\Workspaces\MediaOrganizer\FastDelete\src\FastDelete.Core\FastDelete.Core.csproj
                   Using "RemoveDuplicates" task from assembly "Microsoft.Build.Tasks.Core, Version=15.1.0.0, Culture=neutral, PublicKeyToken=b03f5f7f11d50a3a".
                   Task "RemoveDuplicates" (TaskId:2)
                     Output Item(s): FilteredRestoreGraphProjectInputItemsWithoutDuplicates=C:\Users\OdinLocal\Documents\Kimi\Workspaces\MediaOrganizer\FastDelete\src\FastDelete.Core\FastDelete.Core.csproj (TaskId:2)
                   Done executing task "RemoveDuplicates". (TaskId:2)
                   Using "MSBuild" task from assembly "Microsoft.Build.Tasks.Core, Version=15.1.0.0, Culture=neutral, PublicKeyToken=b03f5f7f11d50a3a".
                   Task "MSBuild" (TaskId:3)
                     Task Parameter:Properties=ExcludeRestorePackageImports=true (TaskId:3)
                     Task Parameter:BuildInParallel=True (TaskId:3)
                     Task Parameter:SkipNonexistentTargets=True (TaskId:3)
                     Task Parameter:Projects=C:\Users\OdinLocal\Documents\Kimi\Workspaces\MediaOrganizer\FastDelete\src\FastDelete.Core\FastDelete.Core.csproj (TaskId:3)
                     Task Parameter:Targets=_IsProjectRestoreSupported (TaskId:3)
                     Global Properties: (TaskId:3)
                       ExcludeRestorePackageImports=true (TaskId:3)
23:01:22.554     0>Property 'MSBuildExtensionsPath' with value 'C:\Program Files\dotnet\sdk\8.0.424\' expanded from the environment.
                   Property reassignment: $(MSBuildProjectExtensionsPath)="C:\Users\OdinLocal\Documents\Kimi\Workspaces\MediaOrganizer\FastDelete\src\FastDelete.Core\obj\" (previous value: "obj\") at C:\Program Files\dotnet\sdk\8.0.424\Current\Microsoft.Common.props (60,5)
                   Property 'MSBuildUserExtensionsPath' with value 'C:\Users\OdinLocal\AppData\Local\Microsoft\MSBuild' expanded from the environment.
                   Property reassignment: $(AssemblySearchPaths)="{CandidateAssemblyFiles};{HintPathFromItem}" (previous value: "{CandidateAssemblyFiles}") at C:\Program Files\dotnet\sdk\8.0.424\Sdks\Microsoft.NET.Sdk\targets\Microsoft.NET.Sdk.props (91,5)
                   Property reassignment: $(AssemblySearchPaths)="{CandidateAssemblyFiles};{HintPathFromItem};{TargetFrameworkDirectory}" (previous value: "{CandidateAssemblyFiles};{HintPathFromItem}") at C:\Program Files\dotnet\sdk\8.0.424\Sdks\Microsoft.NET.Sdk\targets\Microsoft.NET.Sdk.props (92,5)
                   Property reassignment: $(AssemblySearchPaths)="{CandidateAssemblyFiles};{HintPathFromItem};{TargetFrameworkDirectory};{RawFileName}" (previous value: "{CandidateAssemblyFiles};{HintPathFromItem};{TargetFrameworkDirectory}") at C:\Program Files\dotnet\sdk\8.0.424\Sdks\Microsoft.NET.Sdk\targets\Microsoft.NET.Sdk.props (93,5)
                   Property reassignment: $(TargetsForTfmSpecificContentInPackage)=";PackTool;_PackProjectToolValidation" (previous value: ";PackTool") at C:\Program Files\dotnet\sdk\8.0.424\Sdks\Microsoft.NET.Sdk\targets\Microsoft.NET.PackProjectTool.props (15,5)
                   Property reassignment: $(PublishProfileImported)="false" (previous value: "true") at C:\Program Files\dotnet\sdk\8.0.424\Sdks\Microsoft.NET.Sdk\targets\Microsoft.NET.Sdk.ImportPublishProfile.targets (28,5)
                   Property reassignment: $(TargetPlatformVersion)="" (previous value: "0.0") at C:\Program Files\dotnet\sdk\8.0.424\Sdks\Microsoft.NET.Sdk\targets\Microsoft.NET.TargetFrameworkInference.targets (69,5)
                   Property reassignment: $(DefaultItemExcludes)=";bin\Debug\/**;obj\Debug\/**" (previous value: ";bin\Debug\/**") at C:\Program Files\dotnet\sdk\8.0.424\Sdks\Microsoft.NET.Sdk\targets\Microsoft.NET.DefaultOutputPaths.targets (122,5)
                   Property reassignment: $(OutputPath)="bin\Debug\net8.0\" (previous value: "bin\Debug\") at C:\Program Files\dotnet\sdk\8.0.424\Sdks\Microsoft.NET.Sdk\targets\Microsoft.NET.DefaultOutputPaths.targets (137,5)
                   Property reassignment: $(IntermediateOutputPath)="obj\Debug\net8.0\" (previous value: "obj\Debug\") at C:\Program Files\dotnet\sdk\8.0.424\Sdks\Microsoft.NET.Sdk\targets\Microsoft.NET.DefaultOutputPaths.targets (142,5)
                   Property reassignment: $(_FrameworkIdentifierForImplicitDefine)="NET" (previous value: "NETCOREAPP") at C:\Program Files\dotnet\sdk\8.0.424\Sdks\Microsoft.NET.Sdk\targets\Microsoft.NET.Sdk.BeforeCommon.targets (187,5)
                   Property reassignment: $(_FrameworkVersionForImplicitDefine)="8_0" (previous value: "8.0") at C:\Program Files\dotnet\sdk\8.0.424\Sdks\Microsoft.NET.Sdk\targets\Microsoft.NET.Sdk.BeforeCommon.targets (192,5)
                   Property reassignment: $(CommandLineArgsForDesignTimeEvaluation)="-langversion:12.0 -define:TRACE" (previous value: "-langversion:12.0") at C:\Program Files\dotnet\sdk\8.0.424\Roslyn\Microsoft.CSharp.Core.targets (200,5)
                   Property reassignment: $(_DebugSymbolsProduced)="true" (previous value: "false") at C:\Program Files\dotnet\sdk\8.0.424\Microsoft.Common.CurrentVersion.targets (175,5)
                   Property reassignment: $(_DocumentationFileProduced)="false" (previous value: "true") at C:\Program Files\dotnet\sdk\8.0.424\Microsoft.Common.CurrentVersion.targets (185,5)
                   Property reassignment: $(MSBuildCopyMarkerName)="FastDele.73896384" (previous value: "FastDelete.Core.csproj") at C:\Program Files\dotnet\sdk\8.0.424\Microsoft.Common.CurrentVersion.targets (392,5)
                   Property reassignment: $(MSBuildCopyMarkerName)="FastDele.73896384.Up2Date" (previous value: "FastDele.73896384") at C:\Program Files\dotnet\sdk\8.0.424\Microsoft.Common.CurrentVersion.targets (393,5)
                   Property reassignment: $(ProcessorArchitecture)="msil" (previous value: "") at C:\Program Files\dotnet\sdk\8.0.424\Microsoft.Common.CurrentVersion.targets (541,5)
                   Property reassignment: $(DelaySign)="" (previous value: "false") at C:\Program Files\dotnet\sdk\8.0.424\Microsoft.Common.CurrentVersion.targets (580,5)
                   Property 'LOCALAPPDATA' with value 'C:\Users\OdinLocal\AppData\Local' expanded from the environment.
                   Property reassignment: $(_SGenGenerateSerializationAssembliesConfig)="Auto" (previous value: "") at C:\Program Files\dotnet\sdk\8.0.424\Microsoft.Common.CurrentVersion.targets (3896,5)
                   Property reassignment: $(_SGenGenerateSerializationAssembliesConfig)="Off" (previous value: "Auto") at C:\Program Files\dotnet\sdk\8.0.424\Microsoft.Common.CurrentVersion.targets (3897,5)
                   Property reassignment: $(_TargetsThatPrepareProjectReferences)="
                         AssignProjectConfiguration;
                         _SplitProjectReferencesByFileExistence
                       " (previous value: "_SplitProjectReferencesByFileExistence") at C:\Program Files\dotnet\sdk\8.0.424\Microsoft.Common.CurrentVersion.targets (5099,5)
                   Property 'MSBuildExtensionsPath32' with value 'C:\Program Files\dotnet\sdk\8.0.424' expanded from the environment.
                   Property reassignment: $(ProjectAssetsFile)="C:\Users\OdinLocal\Documents\Kimi\Workspaces\MediaOrganizer\FastDelete\src\FastDelete.Core\obj\project.assets.json" (previous value: "C:\Users\OdinLocal\Documents\Kimi\Workspaces\MediaOrganizer\FastDelete\src\FastDelete.Core\obj\/project.assets.json") at C:\Program Files\dotnet\sdk\8.0.424\Sdks\Microsoft.NET.Sdk\targets\Microsoft.PackageDependencyResolution.targets (24,5)
                   Property reassignment: $(ProjectAssetsCacheFile)="C:\Users\OdinLocal\Documents\Kimi\Workspaces\MediaOrganizer\FastDelete\src\FastDelete.Core\obj\Debug\net8.0\FastDelete.Core.assets.cache" (previous value: "obj\Debug\net8.0\FastDelete.Core.assets.cache") at C:\Program Files\dotnet\sdk\8.0.424\Sdks\Microsoft.NET.Sdk\targets\Microsoft.PackageDependencyResolution.targets (29,5)
                   Property reassignment: $(ResolveAssemblyReferencesDependsOn)="
                         
                         ResolveProjectReferences;
                         FindInvalidProjectReferences;
                         GetFrameworkPaths;
                         GetReferenceAssemblyPaths;
                         PrepareForBuild;
                         ResolveSDKReferences;
                         ExpandSDKReferences;
                       ;
                         ResolvePackageDependenciesForBuild;
                         _HandlePackageFileConflicts;
                       " (previous value: "
                         ResolveProjectReferences;
                         FindInvalidProjectReferences;
                         GetFrameworkPaths;
                         GetReferenceAssemblyPaths;
                         PrepareForBuild;
                         ResolveSDKReferences;
                         ExpandSDKReferences;
                       ") at C:\Program Files\dotnet\sdk\8.0.424\Sdks\Microsoft.NET.Sdk\targets\Microsoft.PackageDependencyResolution.targets (80,5)
                   Property reassignment: $(PrepareResourcesDependsOn)="
                         ResolvePackageDependenciesForBuild;
                         _HandlePackageFileConflicts;
                         
                         ;
                         PrepareResourceNames;
                         ResGen;
                         CompileLicxFiles
                       
                       " (previous value: "
                         ;
                         PrepareResourceNames;
                         ResGen;
                         CompileLicxFiles
                       ") at C:\Program Files\dotnet\sdk\8.0.424\Sdks\Microsoft.NET.Sdk\targets\Microsoft.PackageDependencyResolution.targets (86,5)
                   Property reassignment: $(DefaultItemExcludes)=";bin\Debug\/**;obj\Debug\/**;bin\/**" (previous value: ";bin\Debug\/**;obj\Debug\/**") at C:\Program Files\dotnet\sdk\8.0.424\Sdks\Microsoft.NET.Sdk\targets\Microsoft.NET.Sdk.DefaultItems.targets (27,5)
                   Property reassignment: $(DefaultItemExcludes)=";bin\Debug\/**;obj\Debug\/**;bin\/**;obj\/**" (previous value: ";bin\Debug\/**;obj\Debug\/**;bin\/**") at C:\Program Files\dotnet\sdk\8.0.424\Sdks\Microsoft.NET.Sdk\targets\Microsoft.NET.Sdk.DefaultItems.targets (29,5)
                   Property reassignment: $(DefaultItemExcludes)=";bin\Debug\/**;obj\Debug\/**;bin\/**;obj\/**;**/*.user" (previous value: ";bin\Debug\/**;obj\Debug\/**;bin\/**;obj\/**") at C:\Program Files\dotnet\sdk\8.0.424\Sdks\Microsoft.NET.Sdk\targets\Microsoft.NET.Sdk.DefaultItems.targets (32,5)
                   Property reassignment: $(DefaultItemExcludes)=";bin\Debug\/**;obj\Debug\/**;bin\/**;obj\/**;**/*.user;**/*.*proj" (previous value: ";bin\Debug\/**;obj\Debug\/**;bin\/**;obj\/**;**/*.user") at C:\Program Files\dotnet\sdk\8.0.424\Sdks\Microsoft.NET.Sdk\targets\Microsoft.NET.Sdk.DefaultItems.targets (33,5)
                   Property reassignment: $(DefaultItemExcludes)=";bin\Debug\/**;obj\Debug\/**;bin\/**;obj\/**;**/*.user;**/*.*proj;**/*.sln" (previous value: ";bin\Debug\/**;obj\Debug\/**;bin\/**;obj\/**;**/*.user;**/*.*proj") at C:\Program Files\dotnet\sdk\8.0.424\Sdks\Microsoft.NET.Sdk\targets\Microsoft.NET.Sdk.DefaultItems.targets (34,5)
                   Property reassignment: $(DefaultItemExcludes)=";bin\Debug\/**;obj\Debug\/**;bin\/**;obj\/**;**/*.user;**/*.*proj;**/*.sln;**/*.vssscc" (previous value: ";bin\Debug\/**;obj\Debug\/**;bin\/**;obj\/**;**/*.user;**/*.*proj;**/*.sln") at C:\Program Files\dotnet\sdk\8.0.424\Sdks\Microsoft.NET.Sdk\targets\Microsoft.NET.Sdk.DefaultItems.targets (35,5)
                   Property reassignment: $(DefaultItemExcludes)=";bin\Debug\/**;obj\Debug\/**;bin\/**;obj\/**;**/*.user;**/*.*proj;**/*.sln;**/*.vssscc;**/.DS_Store" (previous value: ";bin\Debug\/**;obj\Debug\/**;bin\/**;obj\/**;**/*.user;**/*.*proj;**/*.sln;**/*.vssscc") at C:\Program Files\dotnet\sdk\8.0.424\Sdks\Microsoft.NET.Sdk\targets\Microsoft.NET.Sdk.DefaultItems.targets (36,5)
                   Property reassignment: $(ResolveAssemblyReferencesDependsOn)="
                         
                         
                         ResolveProjectReferences;
                         FindInvalidProjectReferences;
                         GetFrameworkPaths;
                         GetReferenceAssemblyPaths;
                         PrepareForBuild;
                         ResolveSDKReferences;
                         ExpandSDKReferences;
                       ;
                         ResolvePackageDependenciesForBuild;
                         _HandlePackageFileConflicts;
                       ;
                         ResolveTargetingPackAssets;
                       " (previous value: "
                         
                         ResolveProjectReferences;
                         FindInvalidProjectReferences;
                         GetFrameworkPaths;
                         GetReferenceAssemblyPaths;
                         PrepareForBuild;
                         ResolveSDKReferences;
                         ExpandSDKReferences;
                       ;
                         ResolvePackageDependenciesForBuild;
                         _HandlePackageFileConflicts;
                       ") at C:\Program Files\dotnet\sdk\8.0.424\Sdks\Microsoft.NET.Sdk\targets\Microsoft.NET.Sdk.FrameworkReferenceResolution.targets (14,5)
                   Property reassignment: $(_GenerateRuntimeConfigurationPropertyInputsCache)="C:\Users\OdinLocal\Documents\Kimi\Workspaces\MediaOrganizer\FastDelete\src\FastDelete.Core\obj\Debug\net8.0\FastDelete.Core.genruntimeconfig.cache" (previous value: "obj\Debug\net8.0\FastDelete.Core.genruntimeconfig.cache") at C:\Program Files\dotnet\sdk\8.0.424\Sdks\Microsoft.NET.Sdk\targets\Microsoft.NET.Sdk.targets (44,5)
                   Property reassignment: $(_GeneratePublishDependencyFilePropertyInputsCache)="C:\Users\OdinLocal\Documents\Kimi\Workspaces\MediaOrganizer\FastDelete\src\FastDelete.Core\obj\Debug\net8.0\FastDelete.Core.genpublishdeps.cache" (previous value: "obj\Debug\net8.0\FastDelete.Core.genpublishdeps.cache") at C:\Program Files\dotnet\sdk\8.0.424\Sdks\Microsoft.NET.Sdk\targets\Microsoft.NET.Sdk.targets (46,5)
                   Property reassignment: $(_GenerateSingleFileBundlePropertyInputsCache)="C:\Users\OdinLocal\Documents\Kimi\Workspaces\MediaOrganizer\FastDelete\src\FastDelete.Core\obj\Debug\net8.0\FastDelete.Core.genbundle.cache" (previous value: "obj\Debug\net8.0\FastDelete.Core.genbundle.cache") at C:\Program Files\dotnet\sdk\8.0.424\Sdks\Microsoft.NET.Sdk\targets\Microsoft.NET.Sdk.targets (48,5)
                   Property reassignment: $(GenerateRuntimeConfigDevFile)="false" (previous value: "true") at C:\Program Files\dotnet\sdk\8.0.424\Sdks\Microsoft.NET.Sdk\targets\Microsoft.NET.Sdk.targets (81,5)
                   Property 'HOME' with value 'C:\Users\OdinLocal' expanded from the environment.
                   Property 'USERPROFILE' with value 'C:\Users\OdinLocal' expanded from the environment.
                   Property reassignment: $(_DefaultUserProfileRuntimeStorePath)="C:\Users\OdinLocal\.dotnet\store" (previous value: "C:\Users\OdinLocal") at C:\Program Files\dotnet\sdk\8.0.424\Sdks\Microsoft.NET.Sdk\targets\Microsoft.NET.Sdk.targets (98,5)
                   Property reassignment: $(AvailablePlatforms)="Any CPU,x86,x64,ARM32" (previous value: "Any CPU,x86,x64") at C:\Program Files\dotnet\sdk\8.0.424\Sdks\Microsoft.NET.Sdk\targets\Microsoft.NET.Sdk.targets (136,5)
                   Property reassignment: $(AvailablePlatforms)="Any CPU,x86,x64,ARM32,ARM64" (previous value: "Any CPU,x86,x64,ARM32") at C:\Program Files\dotnet\sdk\8.0.424\Sdks\Microsoft.NET.Sdk\targets\Microsoft.NET.Sdk.targets (140,5)
                   Property reassignment: $(CoreBuildDependsOn)="
                         _CheckForBuildWithNoBuild;
                         
                         BuildOnlySettings;
                         PrepareForBuild;
                         PreBuildEvent;
                         ResolveReferences;
                         PrepareResources;
                         ResolveKeySource;
                         Compile;
                         ExportWindowsMDFile;
                         UnmanagedUnregistration;
                         GenerateSerializationAssemblies;
                         CreateSatelliteAssemblies;
                         GenerateManifests;
                         GetTargetPath;
                         PrepareForRun;
                         UnmanagedRegistration;
                         IncrementalClean;
                         PostBuildEvent
                       ;
                         GenerateBuildDependencyFile;
                         GenerateBuildRuntimeConfigurationFiles
                       " (previous value: "
                         BuildOnlySettings;
                         PrepareForBuild;
                         PreBuildEvent;
                         ResolveReferences;
                         PrepareResources;
                         ResolveKeySource;
                         Compile;
                         ExportWindowsMDFile;
                         UnmanagedUnregistration;
                         GenerateSerializationAssemblies;
                         CreateSatelliteAssemblies;
                         GenerateManifests;
                         GetTargetPath;
                         PrepareForRun;
                         UnmanagedRegistration;
                         IncrementalClean;
                         PostBuildEvent
                       ") at C:\Program Files\dotnet\sdk\8.0.424\Sdks\Microsoft.NET.Sdk\targets\Microsoft.NET.Sdk.targets (197,5)
                   Property reassignment: $(CoreCleanDependsOn)="
                         _SdkBeforeClean;
                         
                       " (previous value: "") at C:\Program Files\dotnet\sdk\8.0.424\Sdks\Microsoft.NET.Sdk\targets\Microsoft.NET.Sdk.targets (206,5)
                   Property reassignment: $(RebuildDependsOn)="
                         _SdkBeforeRebuild;
                         
                         BeforeRebuild;
                         Clean;
                         Build;
                         AfterRebuild;
                       
                       " (previous value: "
                         BeforeRebuild;
                         Clean;
                         Build;
                         AfterRebuild;
                       ") at C:\Program Files\dotnet\sdk\8.0.424\Sdks\Microsoft.NET.Sdk\targets\Microsoft.NET.Sdk.targets (213,5)
                   Property reassignment: $(CompileDependsOn)="
                         
                         ResolveReferences;
                         ResolveKeySource;
                         SetWin32ManifestProperties;
                         _SetPreferNativeArm64Win32ManifestProperties;
                         FindReferenceAssembliesForReferences;
                         _GenerateCompileInputs;
                         BeforeCompile;
                         _TimeStampBeforeCompile;
                         _GenerateCompileDependencyCache;
                         CoreCompile;
                         _TimeStampAfterCompile;
                         AfterCompile;
                       ;
                         _CreateAppHost;
                         _CreateComHost;
                         _GetIjwHostPaths;
                       " (previous value: "
                         ResolveReferences;
                         ResolveKeySource;
                         SetWin32ManifestProperties;
                         _SetPreferNativeArm64Win32ManifestProperties;
                         FindReferenceAssembliesForReferences;
                         _GenerateCompileInputs;
                         BeforeCompile;
                         _TimeStampBeforeCompile;
                         _GenerateCompileDependencyCache;
                         CoreCompile;
                         _TimeStampAfterCompile;
                         AfterCompile;
                       ") at C:\Program Files\dotnet\sdk\8.0.424\Sdks\Microsoft.NET.Sdk\targets\Microsoft.NET.Sdk.targets (679,5)
                   Property reassignment: $(CreateSatelliteAssembliesDependsOn)="
                         
                         ;
                         _GenerateSatelliteAssemblyInputs;
                         ComputeIntermediateSatelliteAssemblies;
                         GenerateSatelliteAssemblies
                       ;
                         CoreGenerateSatelliteAssemblies
                       " (previous value: "
                         ;
                         _GenerateSatelliteAssemblyInputs;
                         ComputeIntermediateSatelliteAssemblies;
                         GenerateSatelliteAssemblies
                       ") at C:\Program Files\dotnet\sdk\8.0.424\Sdks\Microsoft.NET.Sdk\targets\Microsoft.NET.Sdk.targets (1065,5)
                   Property reassignment: $(SourceLinkUrlInitializerTargets)=";_InitializeGitHubSourceLinkUrl;_InitializeGitLabSourceLinkUrl" (previous value: ";_InitializeGitHubSourceLinkUrl") at C:\Program Files\dotnet\sdk\8.0.424\Sdks\Microsoft.SourceLink.GitLab\build\Microsoft.SourceLink.GitLab.targets (12,5)
                   Property reassignment: $(SourceControlManagerUrlTranslationTargets)=";TranslateGitHubUrlsInSourceControlInformation;TranslateGitLabUrlsInSourceControlInformation" (previous value: ";TranslateGitHubUrlsInSourceControlInformation") at C:\Program Files\dotnet\sdk\8.0.424\Sdks\Microsoft.SourceLink.GitLab\build\Microsoft.SourceLink.GitLab.targets (13,5)
                   Property reassignment: $(SourceLinkUrlInitializerTargets)=";_InitializeGitHubSourceLinkUrl;_InitializeGitLabSourceLinkUrl;_InitializeAzureReposGitSourceLinkUrl" (previous value: ";_InitializeGitHubSourceLinkUrl;_InitializeGitLabSourceLinkUrl") at C:\Program Files\dotnet\sdk\8.0.424\Sdks\Microsoft.SourceLink.AzureRepos.Git\build\Microsoft.SourceLink.AzureRepos.Git.targets (12,5)
                   Property reassignment: $(SourceControlManagerUrlTranslationTargets)=";TranslateGitHubUrlsInSourceControlInformation;TranslateGitLabUrlsInSourceControlInformation;TranslateAzureReposGitUrlsInSourceControlInformation" (previous value: ";TranslateGitHubUrlsInSourceControlInformation;TranslateGitLabUrlsInSourceControlInformation") at C:\Program Files\dotnet\sdk\8.0.424\Sdks\Microsoft.SourceLink.AzureRepos.Git\build\Microsoft.SourceLink.AzureRepos.Git.targets (13,5)
                   Property reassignment: $(SourceLinkUrlInitializerTargets)=";_InitializeGitHubSourceLinkUrl;_InitializeGitLabSourceLinkUrl;_InitializeAzureReposGitSourceLinkUrl;_InitializeBitbucketGitSourceLinkUrl" (previous value: ";_InitializeGitHubSourceLinkUrl;_InitializeGitLabSourceLinkUrl;_InitializeAzureReposGitSourceLinkUrl") at C:\Program Files\dotnet\sdk\8.0.424\Sdks\Microsoft.SourceLink.Bitbucket.Git\build\Microsoft.SourceLink.Bitbucket.Git.targets (12,5)
                   Property reassignment: $(SourceControlManagerUrlTranslationTargets)=";TranslateGitHubUrlsInSourceControlInformation;TranslateGitLabUrlsInSourceControlInformation;TranslateAzureReposGitUrlsInSourceControlInformation;TranslateBitbucketGitUrlsInSourceControlInformation" (previous value: ";TranslateGitHubUrlsInSourceControlInformation;TranslateGitLabUrlsInSourceControlInformation;TranslateAzureReposGitUrlsInSourceControlInformation") at C:\Program Files\dotnet\sdk\8.0.424\Sdks\Microsoft.SourceLink.Bitbucket.Git\build\Microsoft.SourceLink.Bitbucket.Git.targets (13,5)
                   Property reassignment: $(DesignerRuntimeImplementationProjectOutputGroupDependsOn)="
                         
                         ;
                         
                         ;
                         BuildOnlySettings;
                         PrepareForBuild;
                         AssignTargetPaths;
                         ResolveReferences
                       
                       ;
                         _GenerateDesignerDepsFile;
                         _GenerateDesignerRuntimeConfigFile;
                         GetCopyToOutputDirectoryItems;
                         _GatherDesignerShadowCopyFiles;
                       " (previous value: "
                         ;
                         
                         ;
                         BuildOnlySettings;
                         PrepareForBuild;
                         AssignTargetPaths;
                         ResolveReferences
                       
                       ") at C:\Program Files\dotnet\sdk\8.0.424\Sdks\Microsoft.NET.Sdk\targets\Microsoft.NET.DesignerSupport.targets (21,5)
                   Property reassignment: $(_GenerateToolsSettingsFileCacheFile)="C:\Users\OdinLocal\Documents\Kimi\Workspaces\MediaOrganizer\FastDelete\src\FastDelete.Core\obj\Debug\net8.0\FastDelete.Core.toolssettingsinput.cache" (previous value: "obj\Debug\net8.0\FastDelete.Core.toolssettingsinput.cache") at C:\Program Files\dotnet\sdk\8.0.424\Sdks\Microsoft.NET.Sdk\targets\Microsoft.NET.PackTool.targets (68,5)
                   Property reassignment: $(_ShimInputCacheFile)="C:\Users\OdinLocal\Documents\Kimi\Workspaces\MediaOrganizer\FastDelete\src\FastDelete.Core\obj\Debug\net8.0\FastDelete.Core.shiminput.cache" (previous value: "obj\Debug\net8.0\FastDelete.Core.shiminput.cache") at C:\Program Files\dotnet\sdk\8.0.424\Sdks\Microsoft.NET.Sdk\targets\Microsoft.NET.PackTool.targets (137,5)
                   Property reassignment: $(_ShimCreatedSentinelFile)="C:\Users\OdinLocal\Documents\Kimi\Workspaces\MediaOrganizer\FastDelete\src\FastDelete.Core\obj\Debug\net8.0\FastDelete.Core.shimcreated.sentinel" (previous value: "obj\Debug\net8.0\FastDelete.Core.shimcreated.sentinel") at C:\Program Files\dotnet\sdk\8.0.424\Sdks\Microsoft.NET.Sdk\targets\Microsoft.NET.PackTool.targets (139,5)
                   Property reassignment: $(DefineConstants)="TRACE;DEBUG" (previous value: "TRACE") at C:\Program Files\dotnet\sdk\8.0.424\Sdks\Microsoft.NET.Sdk\targets\Microsoft.NET.Sdk.CSharp.targets (31,5)
                   Property reassignment: $(DefineConstants)="TRACE;DEBUG;NET;NET8_0;NETCOREAPP" (previous value: "TRACE;DEBUG") at C:\Program Files\dotnet\sdk\8.0.424\Sdks\Microsoft.NET.Sdk\targets\Microsoft.NET.Sdk.CSharp.targets (34,5)
                   Property reassignment: $(WarningsAsErrors)=";NU1605;SYSLIB0011" (previous value: ";NU1605") at C:\Program Files\dotnet\sdk\8.0.424\Sdks\Microsoft.NET.Sdk\targets\Microsoft.NET.Sdk.CSharp.targets (48,5)
                   Property reassignment: $(PackageDescription)="Package Description" (previous value: "") at C:\Program Files\dotnet\sdk\8.0.424\Sdks\NuGet.Build.Tasks.Pack\build\NuGet.Build.Tasks.Pack.targets (34,5)
                   Property reassignment: $(GenerateNuspecDependsOn)="Build;_LoadPackInputItems; _GetTargetFrameworksOutput; _WalkEachTargetPerFramework; _GetPackageFiles; " (previous value: "_LoadPackInputItems; _GetTargetFrameworksOutput; _WalkEachTargetPerFramework; _GetPackageFiles; ") at C:\Program Files\dotnet\sdk\8.0.424\Sdks\NuGet.Build.Tasks.Pack\build\NuGet.Build.Tasks.Pack.targets (59,5)
                   Property reassignment: $(_IsNotSetContainersTargetsDir)="true" (previous value: "false") at C:\Program Files\dotnet\sdk\8.0.424\Sdks\Microsoft.NET.Sdk\Sdk\Sdk.targets (59,5)
                   Property reassignment: $(_IsSDKContainerAllowedVersion)="true" (previous value: "false") at C:\Program Files\dotnet\sdk\8.0.424\Containers\build\Microsoft.NET.Build.Containers.targets (5,5)
                   Property reassignment: $(_ContainerIsTargetingNet8TFM)="true" (previous value: "false") at C:\Program Files\dotnet\sdk\8.0.424\Containers\build\Microsoft.NET.Build.Containers.targets (15,5)
                   Overriding target "ResolveFrameworkReferences" in project "C:\Program Files\dotnet\sdk\8.0.424\Microsoft.Common.CurrentVersion.targets" with target "ResolveFrameworkReferences" from project "C:\Program Files\dotnet\sdk\8.0.424\Sdks\Microsoft.NET.Sdk\targets\Microsoft.NET.Sdk.FrameworkReferenceResolution.targets".
                   Overriding target "Run" in project "C:\Program Files\dotnet\sdk\8.0.424\Microsoft.Common.CurrentVersion.targets" with target "Run" from project "C:\Program Files\dotnet\sdk\8.0.424\Sdks\Microsoft.NET.Sdk\targets\Microsoft.NET.Sdk.targets".
                   Overriding target "GenerateSupportedTargetFrameworkAlias" in project "C:\Program Files\dotnet\sdk\8.0.424\Microsoft.Common.CurrentVersion.targets" with target "GenerateSupportedTargetFrameworkAlias" from project "C:\Program Files\dotnet\sdk\8.0.424\Sdks\Microsoft.NET.Sdk\targets\Microsoft.NET.Sdk.targets".
                   Overriding target "GetReferenceAssemblyPaths" in project "C:\Program Files\dotnet\sdk\8.0.424\Microsoft.Common.CurrentVersion.targets" with target "GetReferenceAssemblyPaths" from project "C:\Program Files\dotnet\sdk\8.0.424\Sdks\Microsoft.NET.Sdk\targets\Microsoft.NET.DisableStandardFrameworkResolution.targets".
                   Overriding target "GetFrameworkPaths" in project "C:\Program Files\dotnet\sdk\8.0.424\Microsoft.Common.CurrentVersion.targets" with target "GetFrameworkPaths" from project "C:\Program Files\dotnet\sdk\8.0.424\Sdks\Microsoft.NET.Sdk\targets\Microsoft.NET.DisableStandardFrameworkResolution.targets".
                   Overriding target "DesignerRuntimeImplementationProjectOutputGroup" in project "C:\Program Files\dotnet\sdk\8.0.424\Microsoft.Common.CurrentVersion.targets" with target "DesignerRuntimeImplementationProjectOutputGroup" from project "C:\Program Files\dotnet\sdk\8.0.424\Sdks\Microsoft.NET.Sdk\targets\Microsoft.NET.DesignerSupport.targets".
                   Overriding target "Publish" in project "C:\Program Files\dotnet\sdk\8.0.424\Microsoft.Common.CurrentVersion.targets" with target "Publish" from project "C:\Program Files\dotnet\sdk\8.0.424\Sdks\Microsoft.NET.Sdk\targets\Microsoft.NET.Publish.targets".
                   Overriding target "ResolveReadyToRunCompilers" in project "C:\Program Files\dotnet\sdk\8.0.424\Sdks\Microsoft.NET.Sdk\targets\Microsoft.NET.CrossGen.targets" with target "ResolveReadyToRunCompilers" from project "C:\Program Files\dotnet\sdk\8.0.424\Sdks\Microsoft.NET.Sdk\targets\Microsoft.NET.Publish.targets".
                   Overriding target "GetCopyToPublishDirectoryItems" in project "C:\Program Files\dotnet\sdk\8.0.424\Microsoft.Common.CurrentVersion.targets" with target "GetCopyToPublishDirectoryItems" from project "C:\Program Files\dotnet\sdk\8.0.424\Sdks\Microsoft.NET.Sdk\targets\Microsoft.NET.Publish.targets".
23:01:22.584     0>Initial Properties:
                   __DisableWorkloadResolverSentinelPath = C:\Program Files\dotnet\sdk\8.0.424\DisableWorkloadResolver.sentinel
                   __WindowsAppSdkDefaultImageIncludes = **/*.png;**/*.bmp;**/*.jpg;**/*.dds;**/*.tif;**/*.tga;**/*.gif
                   _AfterSdkPublishDependsOn = Publish
                   _BeforePublishNoBuildTargets = 
                         BuildOnlySettings;
                         _PreventProjectReferencesFromBuilding;
                         ResolveReferences;
                         PrepareResourceNames;
                         ComputeIntermediateSatelliteAssemblies;
                         ComputeEmbeddedApphostPaths;
                       
                   _BinaryFormatterObsoleteAsError = true
                   _ContainerIsSelfContained = false
                   _ContainerIsTargetingNet8TFM = true
                   _ContainersTargetsDir = C:\Program Files\dotnet\sdk\8.0.424\Sdks\Microsoft.NET.Sdk\Sdk\..\..\..\Containers\build\
                   _CorePublishTargets = 
                         PrepareForPublish;
                         ComputeAndCopyFilesToPublishDirectory;
                         ;
                         PublishItemsOutputGroup;
                       
                   _DebugSymbolsProduced = true
                   _DefaultArtifactsPathPropsImported = true
                   _DefaultUserProfileRuntimeStorePath = C:\Users\OdinLocal\.dotnet\store
                   _DeploymentApplicationManifestIdentity = Native.FastDelete.Core
                   _DeploymentBuiltUpdateInterval = 0
                   _DeploymentBuiltUpdateIntervalUnits = Days
                   _DeploymentDeployManifestIdentity = FastDelete.Core.application
                   _DeploymentFileMappingExtension = 
                   _DeploymentLauncherBased = true
                   _DeploymentTargetApplicationManifestFileName = Native.FastDelete.Core.manifest
                   _DeploymentUrl = 
                   _DesignerDepsFileName = FastDelete.Core.designer.deps.json
                   _DesignerDepsFilePath = obj\Debug\net8.0\FastDelete.Core.designer.deps.json
                   _DesignerRuntimeConfigFileName = FastDelete.Core.designer.runtimeconfig.json
                   _DesignerRuntimeConfigFilePath = obj\Debug\net8.0\FastDelete.Core.designer.runtimeconfig.json
                   _DirectoryBuildPropsBasePath = 
                   _DirectoryBuildPropsFile = Directory.Build.props
                   _DirectoryBuildTargetsBasePath = 
                   _DirectoryBuildTargetsFile = Directory.Build.targets
                   _DirectoryPackagesPropsBasePath = 
                   _DirectoryPackagesPropsFile = Directory.Packages.props
                   _DocumentationFileProduced = false
                   _DotNetAppHostExecutableName = apphost
                   _DotNetAppHostExecutableNameWithoutExtension = apphost
                   _DotNetComHostLibraryName = comhost
                   _DotNetComHostLibraryNameWithoutExtension = comhost
                   _DotNetHostExecutableName = dotnet
                   _DotNetHostFxrLibraryName = libhostfxr.so
                   _DotNetHostPolicyLibraryName = libhostpolicy.so
                   _DotNetIjwHostLibraryName = Ijwhost
                   _DotNetIjwHostLibraryNameWithoutExtension = Ijwhost
                   _DotNetSingleFileHostExecutableNameWithoutExtension = singlefilehost
                   _EnableDefaultWindowsPlatform = false
                   _FrameworkIdentifierForImplicitDefine = NET
                   _FrameworkVersionForImplicitDefine = 8_0
                   _GenerateBindingRedirectsIntermediateAppConfig = obj\Debug\net8.0\FastDelete.Core.dll.config
                   _GeneratePublishDependencyFilePropertyInputsCache = C:\Users\OdinLocal\Documents\Kimi\Workspaces\MediaOrganizer\FastDelete\src\FastDelete.Core\obj\Debug\net8.0\FastDelete.Core.genpublishdeps.cache
                   _GenerateRestoreGraphProjectEntryInputProperties = ExcludeRestorePackageImports=true
                   _GenerateRuntimeConfigurationPropertyInputsCache = C:\Users\OdinLocal\Documents\Kimi\Workspaces\MediaOrganizer\FastDelete\src\FastDelete.Core\obj\Debug\net8.0\FastDelete.Core.genruntimeconfig.cache
                   _GenerateSingleFileBundlePropertyInputsCache = C:\Users\OdinLocal\Documents\Kimi\Workspaces\MediaOrganizer\FastDelete\src\FastDelete.Core\obj\Debug\net8.0\FastDelete.Core.genbundle.cache
                   _GenerateSourceLinkFileBeforeTargets = CoreCompile
                   _GenerateSourceLinkFileDependsOnTargets = 
                   _GenerateSupportedRuntimeIntermediateAppConfig = obj\Debug\net8.0\FastDelete.Core.dll.withSupportedRuntime.config
                   _GenerateToolsSettingsFileCacheFile = C:\Users\OdinLocal\Documents\Kimi\Workspaces\MediaOrganizer\FastDelete\src\FastDelete.Core\obj\Debug\net8.0\FastDelete.Core.toolssettingsinput.cache
                   _GetChildProjectCopyToOutputDirectoryItems = true
                   _GetChildProjectCopyToPublishDirectoryItems = true
                   _InitialBaseIntermediateOutputPath = obj\
                   _IsNETCoreOrNETStandard = true
                   _IsNotSetContainersTargetsDir = true
                   _IsSDKContainerAllowedVersion = true
                   _LatestAnalysisLevel = 8.0
                   _MaxSupportedLangVersion = 12.0
                   _MicrosoftSourceLinkCommonAssemblyFile = C:\Program Files\dotnet\sdk\8.0.424\Sdks\Microsoft.SourceLink.Common\build\..\tools\core\Microsoft.SourceLink.Common.dll
                   _MinimumNonEolSupportedNetCoreTargetFramework = net8.0
                   _NativeLibraryExtension = .so
                   _NativeLibraryPrefix = lib
                   _NETAnalyzersSDKAssemblyVersion = 8.0.0
                   _NETCoreSdkIsPreview = false
                   _NetFrameworkHostedCompilersVersion = 4.11.0-3.25569.22
                   _NoneAnalysisLevel = 4.0
                   _NugetFallbackFolder = C:\Program Files\dotnet\sdk\8.0.424\Sdks\Microsoft.NET.Sdk\targets\..\..\..\..\NuGetFallbackFolder
                   _NugetTargetMonikerAndRID = .NETCoreApp,Version=v8.0
                   _OriginalConfiguration = Debug
                   _OriginalPlatform = AnyCPU
                   _PackToolPublishDependency = _PublishBuildAlternative
                   _PlatformWithoutConfigurationInference = AnyCPU
                   _PreviewAnalysisLevel = 9.0
                   _ProjectDefaultTargets = Build
                   _PublishNoBuildAlternativeDependsOn = 
                         BuildOnlySettings;
                         _PreventProjectReferencesFromBuilding;
                         ResolveReferences;
                         PrepareResourceNames;
                         ComputeIntermediateSatelliteAssemblies;
                         ComputeEmbeddedApphostPaths;
                       ;
                         PrepareForPublish;
                         ComputeAndCopyFilesToPublishDirectory;
                         ;
                         PublishItemsOutputGroup;
                       
                   _PublishProfileDesignerFolder = Properties
                   _PublishProfileRootFolder = C:\Users\OdinLocal\Documents\Kimi\Workspaces\MediaOrganizer\FastDelete\src\FastDelete.Core\Properties\PublishProfiles\
                   _RecursiveTargetForContentCopying = GetCopyToOutputDirectoryItems
                   _ResolveReferenceDependencies = false
                   _RuntimePackInWorkloadVersion6 = 6.0.36
                   _RuntimePackInWorkloadVersion7 = 7.0.20
                   _RuntimePackInWorkloadVersionCurrent = 8.0.30
                   _SGenDllCreated = false
                   _SGenDllName = FastDelete.Core.XmlSerializers.dll
                   _SGenGenerateSerializationAssembliesConfig = Off
                   _ShimCreatedSentinelFile = C:\Users\OdinLocal\Documents\Kimi\Workspaces\MediaOrganizer\FastDelete\src\FastDelete.Core\obj\Debug\net8.0\FastDelete.Core.shimcreated.sentinel
                   _ShimInputCacheFile = C:\Users\OdinLocal\Documents\Kimi\Workspaces\MediaOrganizer\FastDelete\src\FastDelete.Core\obj\Debug\net8.0\FastDelete.Core.shiminput.cache
                   _SourceLinkAzureReposGitAssemblyFile = C:\Program Files\dotnet\sdk\8.0.424\Sdks\Microsoft.SourceLink.AzureRepos.Git\build\..\tools\core\Microsoft.SourceLink.AzureRepos.Git.dll
                   _SourceLinkBitbucketAssemblyFile = C:\Program Files\dotnet\sdk\8.0.424\Sdks\Microsoft.SourceLink.Bitbucket.Git\build\..\tools\core\Microsoft.SourceLink.Bitbucket.Git.dll
                   _SourceLinkGitHubAssemblyFile = C:\Program Files\dotnet\sdk\8.0.424\Sdks\Microsoft.SourceLink.GitHub\build\..\tools\core\Microsoft.SourceLink.GitHub.dll
                   _SourceLinkGitLabAssemblyFile = C:\Program Files\dotnet\sdk\8.0.424\Sdks\Microsoft.SourceLink.GitLab\build\..\tools\core\Microsoft.SourceLink.GitLab.dll
                   _SourceLinkPropsImported = true
                   _SourceLinkSdkSubDir = build
                   _SupportedArchitectures = amd64 arm64
                   _SupportedPlatformList = @(SupportedPlatform, ',')
                   _TargetFrameworkDirectories = 
                   _TargetFrameworkVersionValue = 0.0
                   _TargetFrameworkVersionWithoutV = 8.0
                   _TargetLatestRuntimePatchIsDefault = true
                   _TargetsThatPrepareProjectReferences = 
                         AssignProjectConfiguration;
                         _SplitProjectReferencesByFileExistence
                       
                   _ToolsSettingsFilePath = obj\DotnetToolSettings.xml
                   _UseAttributeForTargetFrameworkInfoPropertyNames = true
                   _UsingDefaultForHasRuntimeOutput = true
                   _UsingDefaultPlatformTarget = true
                   _WindowsDesktopSdkTargetFrameworkVersionFloor = 3.0
                   _WorkloadLibraryPacksFolder = C:\Program Files\dotnet\library-packs
                   AddAdditionalExplicitAssemblyReferences = false
                   AllowedOutputExtensionsInPackageBuildOutputFolder = .dll; .exe; .winmd; .json; .pri; .xml ;
                   AllowedOutputExtensionsInSymbolsPackageBuildOutputFolder = .pdb; .mdb; .dll; .exe; .winmd; .json; .pri; .xml ;; 
                   AllowedReferenceAssemblyFileExtensions = 
                         .winmd;
                         .dll;
                         .exe
                       
                   AllowedReferenceRelatedFileExtensions = 
                         .pdb;
                         .xml;
                         .pri;
                         .dll.config;
                         .exe.config
                       
                   AllowUnsafeBlocks = false
                   AlwaysIncludeCoreFrameworkInRuntimeConfig = true
                   AlwaysUseNumericalSuffixInItemNames = true
                   AnalysisLevel = latest
                   ApiCompatValidatePackageSemaphoreFile = obj\Debug\net8.0\Microsoft.NET.ApiCompat.ValidatePackage.semaphore
                   AppDesignerFolder = Properties
                   AppendPlatformToOutputPath = false
                   AppendRuntimeIdentifierToOutputPath = true
                   AppendTargetFrameworkToOutputPath = true
                   AssemblyFoldersConfigFile = C:\Program Files\dotnet\sdk\8.0.424\AssemblyFolders.config
                   AssemblyFoldersSuffix = AssemblyFoldersEx
                   AssemblyName = FastDelete.Core
                   AssemblySearchPaths = {CandidateAssemblyFiles};{HintPathFromItem};{TargetFrameworkDirectory};{RawFileName}
                   AssemblyTitle = FastDelete.Core
                   AssetTargetFallback = ;net461;net462;net47;net471;net472;net48;net481
                   AssignTargetPathsDependsOn = 
                   Authors = FastDelete.Core
                   AutomaticallyUseReferenceAssemblyPackages = true
                   AutoUnifyAssemblyReferences = true
                   AvailablePlatforms = Any CPU,x86,x64,ARM32,ARM64
                   BackwardsCompatFrameworkDefine = NETCOREAPP
                   BaseIntermediateOutputPath = obj\
                   BaseOutputPath = bin\
                   BaseOutputPathWasSpecified = true
                   BuildCompileAction = Build
                   BuildDependsOn = 
                         BeforeBuild;
                         CoreBuild;
                         AfterBuild
                       
                   BuildGenerateSourcesAction = Build
                   BuildingProject = false
                   BuildInParallel = true
                   BuildLinkAction = Build
                   BuildOutputTargetFolder = lib
                   BuildProjectReferences = true
                   BuiltProjectOutputGroupDependenciesDependsOn = 
                         ;
                         
                         ;
                         BuildOnlySettings;
                         PrepareForBuild;
                         AssignTargetPaths;
                         ResolveReferences
                       
                       
                   BuiltProjectOutputGroupDependsOn = PrepareForBuild
                   BundledNETCoreAppPackageVersion = 8.0.30
                   BundledNETCoreAppTargetFrameworkVersion = 8.0
                   BundledNETCorePlatformsPackageVersion = 8.0.30-servicing.26367.20
                   BundledNETStandardPackageVersion = 2.1.0
                   BundledNETStandardTargetFrameworkVersion = 2.1
                   BundledRuntimeIdentifierGraphFile = C:\Program Files\dotnet\sdk\8.0.424\RuntimeIdentifierGraph.json
                   CheckEolWorkloads = true
                   CheckForOverflowUnderflow = false
                   CleanDependsOn = 
                         BeforeClean;
                         UnmanagedUnregistration;
                         CoreClean;
                         CleanReferencedProjects;
                         CleanPublishFolder;
                         AfterClean
                       
                   CleanFile = FastDelete.Core.csproj.FileListAbsolute.txt
                   ClickOncePublishDir = bin\Debug\net8.0\publish\
                   CodeAnalysisRuleIds = CA1000;CA1001;CA1002;CA1003;CA1005;CA1008;CA1010;CA1012;CA1014;CA1016;CA1017;CA1018;CA1019;CA1021;CA1024;CA1027;CA1028;CA1030;CA1031;CA1032;CA1033;CA1034;CA1036;CA1040;CA1041;CA1043;CA1044;CA1045;CA1046;CA1047;CA1050;CA1051;CA1052;CA1054;CA1055;CA1056;CA1058;CA1060;CA1061;CA1062;CA1063;CA1064;CA1065;CA1066;CA1067;CA1068;CA1069;CA1070;CA1200;CA1303;CA1304;CA1305;CA1307;CA1308;CA1309;CA1310;CA1311;CA1401;CA1416;CA1417;CA1418;CA1419;CA1420;CA1421;CA1422;CA1501;CA1502;CA1505;CA1506;CA1507;CA1508;CA1509;CA1510;CA1511;CA1512;CA1513;CA1700;CA1707;CA1708;CA1710;CA1711;CA1712;CA1713;CA1715;CA1716;CA1720;CA1721;CA1724;CA1725;CA1727;CA1802;CA1805;CA1806;CA1810;CA1812;CA1813;CA1814;CA1815;CA1816;CA1819;CA1820;CA1821;CA1822;CA1823;CA1824;CA1825;CA1826;CA1827;CA1828;CA1829;CA1830;CA1831;CA1832;CA1833;CA1834;CA1835;CA1836;CA1837;CA1838;CA1839;CA1840;CA1841;CA1842;CA1843;CA1844;CA1845;CA1846;CA1847;CA1848;CA1849;CA1850;CA1851;CA1852;CA1853;CA1854;CA1855;CA1856;CA1857;CA1858;CA1859;CA1860;CA1861;CA1862;CA1863;CA1864;CA1865;CA1866;CA1867;CA1868;CA1869;CA1870;CA2000;CA2002;CA2007;CA2008;CA2009;CA2011;CA2012;CA2013;CA2014;CA2015;CA2016;CA2017;CA2018;CA2019;CA2020;CA2021;CA2100;CA2101;CA2119;CA2153;CA2200;CA2201;CA2207;CA2208;CA2211;CA2213;CA2214;CA2215;CA2216;CA2217;CA2218;CA2219;CA2224;CA2225;CA2226;CA2227;CA2231;CA2234;CA2235;CA2237;CA2241;CA2242;CA2243;CA2244;CA2245;CA2246;CA2247;CA2248;CA2249;CA2250;CA2251;CA2252;CA2253;CA2254;CA2255;CA2256;CA2257;CA2258;CA2259;CA2260;CA2261;CA2300;CA2301;CA2302;CA2305;CA2310;CA2311;CA2312;CA2315;CA2321;CA2322;CA2326;CA2327;CA2328;CA2329;CA2330;CA2350;CA2351;CA2352;CA2353;CA2354;CA2355;CA2356;CA2361;CA2362;CA3001;CA3002;CA3003;CA3004;CA3005;CA3006;CA3007;CA3008;CA3009;CA3010;CA3011;CA3012;CA3061;CA3075;CA3076;CA3077;CA3147;CA5350;CA5351;CA5358;CA5359;CA5360;CA5361;CA5362;CA5363;CA5364;CA5365;CA5366;CA5367;CA5368;CA5369;CA5370;CA5371;CA5372;CA5373;CA5374;CA5375;CA5376;CA5377;CA5378;CA5379;CA5380;CA5381;CA5382;CA5383;CA5384;CA5385;CA5386;CA5387;CA5388;CA5389;CA5390;CA5391;CA5392;CA5393;CA5394;CA5395;CA5396;CA5397;CA5398;CA5399;CA5400;CA5401;CA5402;CA5403;CA5404;CA5405
                   CodeAnalysisTargets = C:\Program Files\dotnet\sdk\8.0.424\Microsoft\VisualStudio\v17.0\CodeAnalysis\Microsoft.CodeAnalysis.targets
                   CommandLineArgsForDesignTimeEvaluation = -langversion:12.0 -define:TRACE
                   CommonOutputGroupsDependsOn = 
                         ;
                         BuildOnlySettings;
                         PrepareForBuild;
                         AssignTargetPaths;
                         ResolveReferences
                       
                   CommonTargetsPath = C:\Program Files\dotnet\sdk\8.0.424\Microsoft.Common.CurrentVersion.targets
                   CommonXamlResourcesDirectory = C:\Program Files\dotnet\sdk\8.0.424\\
                   Company = FastDelete.Core
                   CompileDependsOn = 
                         
                         ResolveReferences;
                         ResolveKeySource;
                         SetWin32ManifestProperties;
                         _SetPreferNativeArm64Win32ManifestProperties;
                         FindReferenceAssembliesForReferences;
                         _GenerateCompileInputs;
                         BeforeCompile;
                         _TimeStampBeforeCompile;
                         _GenerateCompileDependencyCache;
                         CoreCompile;
                         _TimeStampAfterCompile;
                         AfterCompile;
                       ;
                         _CreateAppHost;
                         _CreateComHost;
                         _GetIjwHostPaths;
                       
                   CompileLicxFilesDependsOn = 
                   CompilerApiVersion = roslyn4.11
                   CompilerGeneratedFilesOutputPath = 
                   ComputeIntermediateSatelliteAssembliesDependsOn = 
                         CreateManifestResourceNames
                       
                   ComputeNETCoreBuildOutputFiles = true
                   ComReferenceExecuteAsTool = false
                   ComReferenceNoClassMembers = false
                   Configuration = Debug
                   ConfigurationName = Debug
                   Configurations = Debug;Release
                   ConsiderPlatformAsProcessorArchitecture = true
                   ContainerCustomTasksAssembly = C:\Program Files\dotnet\sdk\8.0.424\Containers\build\..\tasks\net8.0\Microsoft.NET.Build.Containers.dll
                   ContainerCustomTasksFolder = C:\Program Files\dotnet\sdk\8.0.424\Containers\build\..\tasks\net8.0\
                   ContainerizeFolder = C:\Program Files\dotnet\sdk\8.0.424\Containers\build\..\containerize\
                   ContainerizeFolderName = containerize
                   ContainerTaskFolderName = tasks
                   ContainerTaskFramework = net8.0
                   ContentFilesProjectOutputGroupDependsOn = PrepareForBuild;AssignTargetPaths
                   ContentPreprocessorOutputDirectory = obj\Debug\net8.0\NuGet\
                   ContentTargetFolders = content;contentFiles
                   ContinueOnError = false
                   CopyBuildOutputToPublishDirectory = true
                   CopyConflictingTransitiveContent = false
                   CopyLocalLockFileAssemblies = false
                   CopyOutputSymbolsToPublishDirectory = true
                   CoreBuildDependsOn = 
                         _CheckForBuildWithNoBuild;
                         
                         BuildOnlySettings;
                         PrepareForBuild;
                         PreBuildEvent;
                         ResolveReferences;
                         PrepareResources;
                         ResolveKeySource;
                         Compile;
                         ExportWindowsMDFile;
                         UnmanagedUnregistration;
                         GenerateSerializationAssemblies;
                         CreateSatelliteAssemblies;
                         GenerateManifests;
                         GetTargetPath;
                         PrepareForRun;
                         UnmanagedRegistration;
                         IncrementalClean;
                         PostBuildEvent
                       ;
                         GenerateBuildDependencyFile;
                         GenerateBuildRuntimeConfigurationFiles
                       
                   CoreCleanDependsOn = 
                         _SdkBeforeClean;
                         
                       
                   CoreCompileDependsOn = ;_ComputeNonExistentFileProperty;ResolveCodeAnalysisRuleSet
                   CoreResGenDependsOn = FindReferenceAssembliesForReferences
                   CreateCustomManifestResourceNamesDependsOn = 
                   CreateHardLinksForCopyAdditionalFilesIfPossible = false
                   CreateManifestResourceNamesDependsOn = 
                   CreateSatelliteAssembliesDependsOn = 
                         
                         ;
                         _GenerateSatelliteAssemblyInputs;
                         ComputeIntermediateSatelliteAssemblies;
                         GenerateSatelliteAssemblies
                       ;
                         CoreGenerateSatelliteAssemblies
                       
                   CreateSymbolicLinksForCopyAdditionalFilesIfPossible = false
                   CSharpCoreTargetsPath = C:\Program Files\dotnet\sdk\8.0.424\Roslyn\Microsoft.CSharp.Core.targets
                   CSharpDesignTimeTargetsPath = C:\Program Files\dotnet\sdk\8.0.424\\Microsoft\VisualStudio\Managed\Microsoft.CSharp.DesignTime.targets
                   CSharpTargetsPath = C:\Program Files\dotnet\sdk\8.0.424\Microsoft.CSharp.CurrentVersion.targets
                   CustomAfterDirectoryBuildProps = ;C:\Program Files\dotnet\sdk\8.0.424\Sdks\Microsoft.NET.Sdk\Sdk\UseArtifactsOutputPath.props
                   CustomAfterMicrosoftCommonProps = C:\Program Files\dotnet\sdk\8.0.424\\vCurrent\Custom.After.Microsoft.Common.props
                   CustomAfterMicrosoftCommonTargets = C:\Program Files\dotnet\sdk\8.0.424\\vCurrent\Custom.After.Microsoft.Common.targets
                   CustomAfterMicrosoftCSharpTargets = C:\Program Files\dotnet\sdk\8.0.424\\vCurrent\Custom.After.Microsoft.CSharp.targets
                   CustomBeforeMicrosoftCommonProps = C:\Program Files\dotnet\sdk\8.0.424\\vCurrent\Custom.Before.Microsoft.Common.props
                   CustomBeforeMicrosoftCommonTargets = C:\Program Files\dotnet\sdk\8.0.424\\vCurrent\Custom.Before.Microsoft.Common.targets
                   CustomBeforeMicrosoftCSharpTargets = C:\Program Files\dotnet\sdk\8.0.424\\vCurrent\Custom.Before.Microsoft.CSharp.targets
                   DebugSymbols = true
                   DebugSymbolsProjectOutputGroupDependenciesDependsOn = 
                         ;
                         
                         ;
                         BuildOnlySettings;
                         PrepareForBuild;
                         AssignTargetPaths;
                         ResolveReferences
                       
                       
                   DebugSymbolsProjectOutputGroupDependsOn = 
                   DebugType = portable
                   DefaultAllowedOutputExtensionsInPackageBuildOutputFolder = .dll; .exe; .winmd; .json; .pri; .xml
                   DefaultCopyToPublishDirectoryMetadata = true
                   DefaultExcludesInProjectFolder = ;;**/.*/**
                   DefaultImplicitPackages = Microsoft.NETCore.App;NETStandard.Library
                   DefaultItemExcludes = ;bin\Debug\/**;obj\Debug\/**;bin\/**;obj\/**;**/*.user;**/*.*proj;**/*.sln;**/*.vssscc;**/.DS_Store
                   DefaultLanguageSourceExtension = .cs
                   DefaultProjectTypeGuid = {FAE04EC0-301F-11D3-BF4B-00C04F79EFBC}
                   DefineCommonCapabilities = true
                   DefineCommonItemSchemas = true
                   DefineCommonReferenceSchemas = true
                   DefineConstants = TRACE;DEBUG;NET;NET8_0;NETCOREAPP
                   DelaySign = 
                   DeploymentComputeClickOnceManifestInfoDependsOn = 
                         CleanPublishFolder;
                         GetCopyToOutputDirectoryItems;
                         _DeploymentGenerateTrustInfo
                         
                       
                   DesignerRuntimeImplementationProjectOutputGroupDependsOn = 
                         
                         ;
                         
                         ;
                         BuildOnlySettings;
                         PrepareForBuild;
                         AssignTargetPaths;
                         ResolveReferences
                       
                       ;
                         _GenerateDesignerDepsFile;
                         _GenerateDesignerRuntimeConfigFile;
                         GetCopyToOutputDirectoryItems;
                         _GatherDesignerShadowCopyFiles;
                       
                   DesignTimeAssemblySearchPaths = {CandidateAssemblyFiles};{HintPathFromItem};{TargetFrameworkDirectory};{RawFileName}
                   DesignTimeAutoUnify = true
                   DesignTimeResolveAssemblyReferencesDependsOn = 
                         GetFrameworkPaths;
                         GetReferenceAssemblyPaths;
                         ResolveReferences
                       
                   Deterministic = true
                   DevEnvDir = *Undefined*
                   DisableHandlePackageFileConflicts = true
                   DisableLogTaskParameter_ConvertToAbsolutePath_Path = true
                   DisableLogTaskParameter_FindUnderPath_OutOfPath = true
                   DisableLogTaskParameter_RemoveDuplicates_Inputs = true
                   DisableLogTaskParameterItemMetadata_ConvertToAbsolutePath_AbsolutePaths = true
                   DisableLogTaskParameterItemMetadata_Copy_CopiedFiles = true
                   DisableLogTaskParameterItemMetadata_Copy_DestinationFiles = true
                   DisableLogTaskParameterItemMetadata_Copy_SourceFiles = true
                   DisableLogTaskParameterItemMetadata_FindUnderPath_Files = true
                   DisableLogTaskParameterItemMetadata_FindUnderPath_InPath = true
                   DisableLogTaskParameterItemMetadata_GenerateResource_FilesWritten = true
                   DisableLogTaskParameterItemMetadata_Hash_ItemsToHash = true
                   DisableLogTaskParameterItemMetadata_RemoveDuplicates_Filtered = true
                   DisableLogTaskParameterItemMetadata_WriteLinesToFile_Lines = true
                   DisableStandardFrameworkResolution = true
                   DocumentationFile = 
                   DocumentationProjectOutputGroupDependenciesDependsOn = 
                         ;
                         
                         ;
                         BuildOnlySettings;
                         PrepareForBuild;
                         AssignTargetPaths;
                         ResolveReferences
                       
                       
                   DocumentationProjectOutputGroupDependsOn = 
                   DOTNET_CLI_TELEMETRY_SESSIONID = 1033ee2d-bbea-4b62-8be0-1aebdee38dfd
                   DOTNET_HOST_PATH = C:\Program Files\dotnet\dotnet.exe
                   DotNetApiCompatTaskAssembly = C:\Program Files\dotnet\sdk\8.0.424\Sdks\Microsoft.NET.Sdk\targets\..\tools\net8.0\Microsoft.DotNet.ApiCompat.Task.dll
                   DotnetCliToolTargetFramework = netcoreapp2.2
                   EffectiveAnalysisLevel = 8.0
                   EffectiveCodeAnalysisTreatWarningsAsErrors = 
                   EmbeddedResourceUseDependentUponConvention = true
                   EmbeddedWin32Manifest = 
                   EmbedUntrackedSources = true
                   EmitAssetsLogMessages = true
                   EmitCompilerGeneratedFiles = false
                   EmitLegacyAssetsFileItems = false
                   EnableDefaultCompileItems = true
                   EnableDefaultEmbeddedResourceItems = true
                   EnableDefaultItems = true
                   EnableDefaultNoneItems = true
                   EnableFrameworkPathOverride = false
                   EnableNETAnalyzers = true
                   EnableSourceControlManagerQueries = true
                   EnableSourceLink = true
                   EnableUnsafeBinaryFormatterSerialization = false
                   EnableWebSdkImplicitPackageVersions = false
                   EnforceCodeStyleInBuild = false
                   ErrorReport = prompt
                   ExcludeRestorePackageImports = true
                   ExpandSDKAllowedReferenceExtensions = 
                         .winmd;
                         .dll
                       
                   ExpandSDKReferencesDependsOn = 
                         ResolveSDKReferences
                       
                   FileAlignment = 512
                   FindInvalidProjectReferencesDependsOn = 
                         GetReferenceTargetPlatformMonikers
                       
                   Framework20Dir = @(_TargetFramework20DirectoryItem)
                   Framework30Dir = @(_TargetFramework30DirectoryItem)
                   Framework35Dir = @(_TargetFramework35DirectoryItem)
                   Framework40Dir = @(_TargetFramework40DirectoryItem)
                   FrameworkDir = @(_TargetFramework40DirectoryItem)
                   FrameworkPathOverride = 
                   FrameworkRegistryBase = Software\Microsoft\.NETCoreApp
                   FrameworkSDKDir = @(_TargetFrameworkSDKDirectoryItem)
                   FullReferenceAssemblyNames = Full
                   GenerateAssemblyCompanyAttribute = true
                   GenerateAssemblyConfigurationAttribute = true
                   GenerateAssemblyCopyrightAttribute = true
                   GenerateAssemblyDescriptionAttribute = true
                   GenerateAssemblyFileVersionAttribute = true
                   GenerateAssemblyInfo = true
                   GenerateAssemblyInformationalVersionAttribute = true
                   GenerateAssemblyMetadataAttributes = true
                   GenerateAssemblyProductAttribute = true
                   GenerateAssemblyTitleAttribute = true
                   GenerateAssemblyTrademarkAttribute = true
                   GenerateAssemblyVersionAttribute = true
                   GeneratedAssemblyInfoFile = obj\Debug\net8.0\FastDelete.Core.AssemblyInfo.cs
                   GenerateDependencyFile = true
                   GeneratedGlobalUsingsFile = obj\Debug\net8.0\FastDelete.Core.GlobalUsings.g.cs
                   GenerateDisableRuntimeMarshallingAttribute = true
                   GenerateDocumentationFile = false
                   GenerateFullPaths = true
                   GenerateInternalsVisibleToAttributes = true
                   GenerateManifestsDependsOn = 
                         SetWin32ManifestProperties;
                         GenerateApplicationManifest;
                         GenerateDeploymentManifest
                       
                   GenerateNeutralResourcesLanguageAttribute = true
                   GenerateNuspecDependsOn = Build;_LoadPackInputItems; _GetTargetFrameworksOutput; _WalkEachTargetPerFramework; _GetPackageFiles; 
                   GeneratePackageOnBuild = false
                   GenerateRepositoryUrlAttribute = true
                   GenerateRequiresPreviewFeaturesAttribute = true
                   GenerateResourceMSBuildArchitecture = CurrentArchitecture
                   GenerateResourceMSBuildRuntime = CurrentRuntime
                   GenerateResourceUsePreserializedResources = true
                   GenerateResourceWarnOnBinaryFormatterUse = true
                   GenerateRuntimeConfigDevFile = false
                   GenerateSatelliteAssembliesForCore = true
                   GenerateSupportedOSPlatformAttribute = true
                   GenerateTargetFrameworkAttribute = true
                   GenerateTargetPlatformAttribute = true
                   GetCopyToOutputDirectoryItemsDependsOn = 
                         AssignTargetPaths;
                         
                         AssignProjectConfiguration;
                         _SplitProjectReferencesByFileExistence
                       ;
                         _GetProjectReferenceTargetFrameworkProperties;
                         _PopulateCommonStateForGetCopyToOutputDirectoryItems
                       
                   GetFrameworkPathsDependsOn = 
                   GetReferenceNearestTargetFrameworkTaskSupportsTargetPlatformParameter = true
                   GetTargetPathDependsOn = 
                   GetTargetPathWithTargetPlatformMonikerDependsOn = 
                   HasRuntimeOutput = 
                   HideWarningsAndErrors = false
                   HighEntropyVA = true
                   ImplicitConfigurationDefine = DEBUG
                   ImplicitFrameworkDefine = NET8_0
                   ImplicitUsings = enable
                   ImportByWildcardAfterMicrosoftCommonProps = true
                   ImportByWildcardAfterMicrosoftCommonTargets = true
                   ImportByWildcardAfterMicrosoftCSharpTargets = true
                   ImportByWildcardBeforeMicrosoftCommonProps = true
                   ImportByWildcardBeforeMicrosoftCommonTargets = true
                   ImportByWildcardBeforeMicrosoftCSharpTargets = true
                   ImportDirectoryBuildProps = true
                   ImportDirectoryBuildTargets = true
                   ImportDirectoryPackagesProps = true
                   ImportFrameworkWinFXTargets = false
                   ImportNuGetBuildTasksPackTargetsFromSdk = true
                   ImportProjectExtensionProps = false
                   ImportProjectExtensionTargets = false
                   ImportUserLocationsByWildcardAfterMicrosoftCommonProps = true
                   ImportUserLocationsByWildcardAfterMicrosoftCommonTargets = true
                   ImportUserLocationsByWildcardAfterMicrosoftCSharpTargets = true
                   ImportUserLocationsByWildcardBeforeMicrosoftCommonProps = true
                   ImportUserLocationsByWildcardBeforeMicrosoftCommonTargets = true
                   ImportUserLocationsByWildcardBeforeMicrosoftCSharpTargets = true
                   IncludeBuildOutput = true
                   IncludeContentInPack = true
                   IncludeFileVersionsInDependencyFile = true
                   IncludeMainProjectInDepsFile = true
                   IncludeProjectsNotInAssetsFileInDepsFile = true
                   IncludeSourceRevisionInInformationalVersion = true
                   IncludeSymbolsInSingleFile = false
                   InnerBuildProperty = TargetFramework
                   InnerBuildPropertyValues = TargetFrameworks
                   IntermediateOutputPath = obj\Debug\net8.0\
                   IsNetCoreAppTargetingLatestTFM = true
                   IsPackable = true
                   IsPublishable = true
                   IsRestoreTargetsFileLoaded = true
                   IsRidAgnostic = true
                   Language = C#
                   LanguageTargets = C:\Program Files\dotnet\sdk\8.0.424\Microsoft.CSharp.targets
                   LangVersion = 12.0
                   MarkPackageReferencesAsExternallyResolved = true
                   MaxSupportedLangVersion = 12.0
                   MaxTargetPath = 100
                   MicrosoftBuildTasksGitAssemblyFile = C:\Program Files\dotnet\sdk\8.0.424\Sdks\Microsoft.Build.Tasks.Git\build\..\tools\core\Microsoft.Build.Tasks.Git.dll
                   MicrosoftCommonPropsHasBeenImported = true
                   MicrosoftNETBuildExtensionsTargets = C:\Program Files\dotnet\sdk\8.0.424\\Microsoft\Microsoft.NET.Build.Extensions\Microsoft.NET.Build.Extensions.targets
                   MicrosoftNETBuildExtensionsTasksAssembly = C:\Program Files\dotnet\sdk\8.0.424\Microsoft\Microsoft.NET.Build.Extensions\\tools\net8.0\Microsoft.NET.Build.Extensions.Tasks.dll
                   MicrosoftNETBuildTasksAssembly = C:\Program Files\dotnet\sdk\8.0.424\Sdks\Microsoft.NET.Sdk\targets\..\tools\net8.0\Microsoft.NET.Build.Tasks.dll
                   MicrosoftNETBuildTasksDirectory = C:\Program Files\dotnet\sdk\8.0.424\Sdks\Microsoft.NET.Sdk\targets\..\tools\net8.0\
                   MicrosoftNETBuildTasksDirectoryRoot = C:\Program Files\dotnet\sdk\8.0.424\Sdks\Microsoft.NET.Sdk\targets\..\tools\
                   MicrosoftNETBuildTasksTFM = net8.0
                   MicrosoftNETCrossgenBuildTasksAssembly = C:\Program Files\dotnet\sdk\8.0.424\Sdks\Microsoft.NET.Sdk\targets\..\tasks\net7.0\Microsoft.NET.Sdk.Crossgen.dll
                   MicrosoftNETFrameworkReferenceAssembliesLatestPackageVersion = 1.0.3
                   MicrosoftNETWindowsWorkloadInstalled = true
                   MinimumVisualStudioVersionForUnsupportedTargetFrameworkVersion = 17.12
                   MsAppxPackageTargets = C:\Program Files\dotnet\sdk\8.0.424\Microsoft\VisualStudio\v17.0\AppxPackage\Microsoft.AppXPackage.Targets
                   MSBuildAllProjects = C:\Users\OdinLocal\Documents\Kimi\Workspaces\MediaOrganizer\FastDelete\src\FastDelete.Core\FastDelete.Core.csproj;;C:\Program Files\dotnet\sdk\8.0.424\Current\Microsoft.Common.targets\ImportAfter\Microsoft.TestPlatform.ImportAfter.targets
                   MSBuildAssemblyVersion = 17.0
                   MSBuildBinPath = C:\Program Files\dotnet\sdk\8.0.424
                   MSBuildCopyContentTransitively = true
                   MSBuildCopyMarkerName = FastDele.73896384.Up2Date
                   MSBuildDisableFeaturesFromVersion = 999.999
                   MSBuildEnableWorkloadResolver = true
                   MSBuildExtensionsPath = C:\Program Files\dotnet\sdk\8.0.424\
                   MSBuildExtensionsPath32 = C:\Program Files\dotnet\sdk\8.0.424
                   MSBuildExtensionsPath64 = C:\Program Files\dotnet\sdk\8.0.424
                   MSBUILDFAILONDRIVEENUMERATINGWILDCARD = 1
                   MSBuildFileVersion = 17.11.48.46605
                   MSBuildIsRestoring = True
                   MSBuildLoadMicrosoftTargetsReadOnly = true
                   MSBuildNodeCount = 20
                   MSBuildProgramFiles32 = C:\Program Files (x86)
                   MSBuildProjectDefaultTargets = Build
                   MSBuildProjectDirectory = C:\Users\OdinLocal\Documents\Kimi\Workspaces\MediaOrganizer\FastDelete\src\FastDelete.Core
                   MSBuildProjectDirectoryNoRoot = Users\OdinLocal\Documents\Kimi\Workspaces\MediaOrganizer\FastDelete\src\FastDelete.Core
                   MSBuildProjectExtension = .csproj
                   MSBuildProjectExtensionsPath = C:\Users\OdinLocal\Documents\Kimi\Workspaces\MediaOrganizer\FastDelete\src\FastDelete.Core\obj\
                   MSBuildProjectFile = FastDelete.Core.csproj
                   MSBuildProjectFullPath = C:\Users\OdinLocal\Documents\Kimi\Workspaces\MediaOrganizer\FastDelete\src\FastDelete.Core\FastDelete.Core.csproj
                   MSBuildProjectName = FastDelete.Core
                   MSBuildRestoreSessionId = 1c7fd44c-8ccd-4238-8334-cd8e4cc1126e
                   MSBuildRuntimeType = Core
                   MSBuildSDKsPath = C:\Program Files\dotnet\sdk\8.0.424\Sdks
                   MSBuildSemanticVersion = 17.11.48+02bf66295
                   MSBuildStartupDirectory = C:\Users\OdinLocal\Documents\kimi\Workspaces\MediaOrganizer\FastDelete
                   MSBuildToolsPath = C:\Program Files\dotnet\sdk\8.0.424
                   MSBuildToolsVersion = Current
                   MSBuildUserExtensionsPath = C:\Users\OdinLocal\AppData\Local\Microsoft\MSBuild
                   MSBUILDUSESERVER = 0
                   MSBuildUseVisualStudioDirectoryLayout = False
                   MSBuildVersion = 17.11.48
                   MSBuildWarningsAsErrors = ;NU1605
                   MSBuildWarningsAsMessages = 1701;1702
                   MSBuildWarningsNotAsErrors = 
                   MsTestToolsTargets = C:\Program Files\dotnet\sdk\8.0.424\Microsoft\VisualStudio\v17.0\TeamTest\Microsoft.TeamTest.targets
                   NETCoreAppMaximumVersion = 8.0
                   NetCoreRoot = C:\Program Files\dotnet\
                   NETCoreSdkBundledCliToolsProps = C:\Program Files\dotnet\sdk\8.0.424\Sdks\Microsoft.NET.Sdk\targets\..\..\..\Microsoft.NETCoreSdk.BundledCliTools.props
                   NETCoreSdkBundledVersionsProps = C:\Program Files\dotnet\sdk\8.0.424\Sdks\Microsoft.NET.Sdk\targets\..\..\..\Microsoft.NETCoreSdk.BundledVersions.props
                   NETCoreSdkPortableRuntimeIdentifier = win-x64
                   NETCoreSdkRuntimeIdentifier = win-x64
                   NETCoreSdkVersion = 8.0.424
                   NetCoreTargetingPackRoot = C:\Program Files\dotnet\packs
                   NoCompilerStandardLib = true
                   NoStdLib = true
                   NoWarn = 1701;1702
                   NuGetAudit = true
                   NuGetAuditLevel = low
                   NuGetAuditMode = direct
                   NuGetBuildTasksPackTargets = C:\Program Files\dotnet\sdk\8.0.424\Sdks\Microsoft.NET.Sdk\Sdk\..\..\NuGet.Build.Tasks.Pack\build\NuGet.Build.Tasks.Pack.targets
                   NuGetInteractive = 
                   NuGetPackTaskAssemblyFile = ..\CoreCLR\NuGet.Build.Tasks.Pack.dll
                   NuGetPropsFile = C:\Program Files\dotnet\sdk\8.0.424\NuGet.props
                   NuGetRestoreTargets = C:\Program Files\dotnet\sdk\8.0.424\NuGet.targets
                   NuGetTargetMoniker = .NETCoreApp,Version=v8.0
                   Nullable = enable
                   NuspecOutputPath = obj\Debug\
                   Optimize = false
                   OutDir = bin\Debug\net8.0\
                   OutputPath = bin\Debug\net8.0\
                   OutputType = Library
                   OverwriteReadOnlyFiles = false
                   PackageDescription = Package Description
                   PackageDownloadSupported = true
                   PackagedShimOutputRootDirectory = bin\Debug\net8.0\
                   PackageId = FastDelete.Core
                   PackageOutputPath = bin\Debug\
                   PackageRequireLicenseAcceptance = false
                   PackageVersion = 1.0.0
                   PackDependsOn = ; _IntermediatePack; GenerateNuspec; 
                   PackRelease = true
                   Platform = AnyCPU
                   PlatformName = AnyCPU
                   Platforms = AnyCPU
                   PostBuildEventDependsOn = 
                   PreBuildEventDependsOn = 
                   Prefer32Bit = false
                   PrepareForBuildDependsOn = ;GetFrameworkPaths;GetReferenceAssemblyPaths;AssignLinkMetadata
                   PrepareForRunDependsOn = 
                         CopyFilesToOutputDirectory
                       
                   PrepareProjectReferencesDependsOn = 
                         AssignProjectConfiguration;
                         _SplitProjectReferencesByFileExistence;
                         _GetProjectReferenceTargetFrameworkProperties;
                         _GetProjectReferencePlatformProperties
                       
                   PrepareResourceNamesDependsOn = 
                         AssignTargetPaths;
                         SplitResourcesByCulture;
                         CreateManifestResourceNames;
                         CreateCustomManifestResourceNames
                       
                   PrepareResourcesDependsOn = 
                         ResolvePackageDependenciesForBuild;
                         _HandlePackageFileConflicts;
                         
                         ;
                         PrepareResourceNames;
                         ResGen;
                         CompileLicxFiles
                       
                       
                   PreserveCompilationReferences = 
                   ProcessorArchitecture = msil
                   ProcessorArchitectureAsPlatform = AnyCPU
                   ProduceReferenceAssembly = true
                   Product = FastDelete.Core
                   ProjectAssetsCacheFile = C:\Users\OdinLocal\Documents\Kimi\Workspaces\MediaOrganizer\FastDelete\src\FastDelete.Core\obj\Debug\net8.0\FastDelete.Core.assets.cache
                   ProjectAssetsFile = C:\Users\OdinLocal\Documents\Kimi\Workspaces\MediaOrganizer\FastDelete\src\FastDelete.Core\obj\project.assets.json
                   ProjectDepsFileName = FastDelete.Core.deps.json
                   ProjectDepsFilePath = C:\Users\OdinLocal\Documents\Kimi\Workspaces\MediaOrganizer\FastDelete\src\FastDelete.Core\bin\Debug\net8.0\FastDelete.Core.deps.json
                   ProjectDesignTimeAssemblyResolutionSearchPaths = 
                         {CandidateAssemblyFiles};
                         ;
                         {HintPathFromItem};
                         {TargetFrameworkDirectory};
                         {Registry:Software\Microsoft\.NETCoreApp,v8.0,AssemblyFoldersEx};
                         {RawFileName};
                         C:\Users\OdinLocal\Documents\Kimi\Workspaces\MediaOrganizer\FastDelete\src\FastDelete.Core\bin\Debug\net8.0\
                       
                   ProjectDir = C:\Users\OdinLocal\Documents\Kimi\Workspaces\MediaOrganizer\FastDelete\src\FastDelete.Core\
                   ProjectExt = .csproj
                   ProjectFileName = FastDelete.Core.csproj
                   ProjectFlavor = Client
                   ProjectName = FastDelete.Core
                   ProjectPath = C:\Users\OdinLocal\Documents\Kimi\Workspaces\MediaOrganizer\FastDelete\src\FastDelete.Core\FastDelete.Core.csproj
                   ProjectRuntimeConfigFileName = FastDelete.Core.runtimeconfig.json
                   ProjectRuntimeConfigFilePath = C:\Users\OdinLocal\Documents\Kimi\Workspaces\MediaOrganizer\FastDelete\src\FastDelete.Core\bin\Debug\net8.0\FastDelete.Core.runtimeconfig.json
                   PublishableProject = 
                   PublishBuildDependsOn = 
                         BuildOnlySettings;
                         PrepareForBuild;
                         ResolveReferences;
                         PrepareResources;
                         ResolveKeySource;
                         GenerateSerializationAssemblies;
                         CreateSatelliteAssemblies;
                       
                   PublishContainerDependsOn = 
                         _ContainerVerifySDKVersion;
                         ComputeContainerConfig;
                         _CheckContainersPackage
                       
                   PublishDependsOn = 
                         _DeploymentUnpublishable
                       
                   PublishDir = bin\Debug\net8.0\publish\
                   PublishDirName = publish
                   PublishDocumentationFile = true
                   PublishDocumentationFiles = true
                   PublishItemsOutputGroupDependsOn = 
                         ;
                         ResolveReferences;
                         ComputeResolvedFilesToPublishList;
                         _ComputeFilesToBundle;
                       
                   PublishOnlyDependsOn = 
                         SetGenerateManifests;
                         PublishBuild;
                         BeforePublish;
                         GenerateManifests;
                         CopyFilesToOutputDirectory;
                         _CopyFilesToPublishFolder;
                         _DeploymentGenerateBootstrapper;
                         ResolveKeySource;
                         _DeploymentSignClickOnceDeployment;
                         AfterPublish
                       
                   PublishProfileImported = false
                   PublishReadyToRunComposite = false
                   PublishReadyToRunPerfmapFormatVersion = 1
                   PublishReadyToRunUseCrossgen2 = true
                   PublishReadyToRunUseRuntimePackOptimizationData = true
                   PublishReferencesDocumentationFiles = true
                   PublishRelease = true
                   RebuildDependsOn = 
                         _SdkBeforeRebuild;
                         
                         BeforeRebuild;
                         Clean;
                         Build;
                         AfterRebuild;
                       
                       
                   RefAssembliesFolderName = refs
                   ReferenceCopyLocalPathsOutputGroupDependsOn = 
                         ;
                         
                         ;
                         BuildOnlySettings;
                         PrepareForBuild;
                         AssignTargetPaths;
                         ResolveReferences
                       
                       
                   ReportingServicesTargets = C:\Program Files\dotnet\sdk\8.0.424\\Microsoft\VisualStudio\v17.0\ReportingServices\Microsoft.ReportingServices.targets
                   ResGenDependsOn = ResolveAssemblyReferences;SplitResourcesByCulture;BeforeResGen;CoreResGen;AfterResGen
                   ResGenExecuteAsTool = false
                   ResolveAssemblyReferenceOutputUnresolvedAssemblyConflicts = true
                   ResolveAssemblyReferencesDependsOn = 
                         
                         
                         ResolveProjectReferences;
                         FindInvalidProjectReferences;
                         GetFrameworkPaths;
                         GetReferenceAssemblyPaths;
                         PrepareForBuild;
                         ResolveSDKReferences;
                         ExpandSDKReferences;
                       ;
                         ResolvePackageDependenciesForBuild;
                         _HandlePackageFileConflicts;
                       ;
                         ResolveTargetingPackAssets;
                       
                   ResolveNuGetPackages = false
                   ResolvePackageDependenciesForBuildDependsOn = 
                         ResolveLockFileReferences;
                         ResolveLockFileAnalyzers;
                         ResolveLockFileCopyLocalFiles;
                         ResolveRuntimePackAssets;
                         RunProduceContentAssets;
                         IncludeTransitiveProjectReferences
                       
                   ResolveReferencesDependsOn = 
                         BeforeResolveReferences;
                         AssignProjectConfiguration;
                         ResolveProjectReferences;
                         FindInvalidProjectReferences;
                         ResolveNativeReferences;
                         ResolveAssemblyReferences;
                         GenerateBindingRedirects;
                         GenerateBindingRedirectsUpdateAppConfig;
                         ResolveComReferences;
                         AfterResolveReferences
                       
                   ResolveSDKReferencesDependsOn = 
                         GetInstalledSDKLocations
                       
                   RestoreBuildInParallel = true
                   RestoreContinueOnError = WarnAndContinue
                   RestoreOutputPath = C:\Users\OdinLocal\Documents\Kimi\Workspaces\MediaOrganizer\FastDelete\src\FastDelete.Core\obj\
                   RestorePackagesPath = C:\Users\OdinLocal\Documents\Kimi\Workspaces\MediaOrganizer\FastDelete\.nuget\packages
                   RestoreProjectStyle = PackageReference
                   RestoreRecursive = true
                   RestoreTaskAssemblyFile = NuGet.Build.Tasks.dll
                   RestoreUseSkipNonexistentTargets = true
                   RootNamespace = FastDelete.Core
                   RoslynTargetsPath = C:\Program Files\dotnet\sdk\8.0.424\Roslyn
                   RunDependsOn = 
                   RunPackageValidationDependsOn = CollectApiCompatInputs;_GetReferencePathFromInnerProjects;
                   RuntimeIdentifierGraphPath = C:\Program Files\dotnet\sdk\8.0.424/PortableRuntimeIdentifierGraph.json
                   RunWorkingDirectory = 
                   SatelliteDllsProjectOutputGroupDependenciesDependsOn = 
                         ;
                         
                         ;
                         BuildOnlySettings;
                         PrepareForBuild;
                         AssignTargetPaths;
                         ResolveReferences
                       
                       
                   SatelliteDllsProjectOutputGroupDependsOn = ;PrepareForBuild;PrepareResourceNames
                   SDKContainerSupportEnabled = true
                   SDKRedistOutputGroupDependsOn = ResolveSDKReferences;ExpandSDKReferences
                   SDKReferenceDirectoryRoot = C:\Users\OdinLocal\AppData\Local\Microsoft SDKs;C:\Program Files (x86)\Microsoft SDKs
                   SDKReferenceRegistryRoot = Software\Microsoft\Microsoft SDKs
                   SGenFilesOutputGroupDependenciesDependsOn = 
                         ;
                         
                         ;
                         BuildOnlySettings;
                         PrepareForBuild;
                         AssignTargetPaths;
                         ResolveReferences
                       
                       
                   SGenFilesOutputGroupDependsOn = 
                   SGenShouldGenerateSerializer = true
                   SGenUseKeep = false
                   SGenUseProxyTypes = true
                   ShouldMarkCertainSDKReferencesAsRuntimeOnly = true
                   SignAssembly = false
                   SkipCopyUnchangedFiles = true
                   SkipImportNuGetBuildTargets = true
                   SkipImportNuGetProps = true
                   SolutionDir = *Undefined*
                   SolutionExt = *Undefined*
                   SolutionFileName = *Undefined*
                   SolutionName = *Undefined*
                   SolutionPath = *Undefined*
                   SourceControlInformationFeatureSupported = true
                   SourceControlManagerUrlTranslationTargets = ;TranslateGitHubUrlsInSourceControlInformation;TranslateGitLabUrlsInSourceControlInformation;TranslateAzureReposGitUrlsInSourceControlInformation;TranslateBitbucketGitUrlsInSourceControlInformation
                   SourceFilesProjectOutputGroupDependsOn = PrepareForBuild;AssignTargetPaths
                   SourceLinkUrlInitializerTargets = ;_InitializeGitHubSourceLinkUrl;_InitializeGitLabSourceLinkUrl;_InitializeAzureReposGitSourceLinkUrl;_InitializeBitbucketGitSourceLinkUrl
                   SourceRootMappedPathsFeatureSupported = true
                   SupportedOSPlatformVersion = 
                   SupportsRoslynComponentVersioning = true
                   SuppressDependenciesWhenPacking = false
                   SymbolPackageFormat = symbols.nupkg
                   TargetCulture = *
                   TargetDeployManifestFileName = FastDelete.Core.application
                   TargetDir = C:\Users\OdinLocal\Documents\Kimi\Workspaces\MediaOrganizer\FastDelete\src\FastDelete.Core\bin\Debug\net8.0\
                   TargetedFrameworkDir = @(_TargetedFrameworkDirectoryItem)
                   TargetedSDKArchitecture = msil
                   TargetedSDKConfiguration = Debug
                   TargetExt = .dll
                   TargetFileName = FastDelete.Core.dll
                   TargetFramework = net8.0
                   TargetFrameworkDirectory = 
                   TargetFrameworkIdentifier = .NETCoreApp
                   TargetFrameworkMoniker = .NETCoreApp,Version=v8.0
                   TargetFrameworkMonikerAssemblyAttributesPath = obj\Debug\net8.0\.NETCoreApp,Version=v8.0.AssemblyAttributes.cs
                   TargetFrameworkMonikerDisplayName = .NET 8.0
                   TargetFrameworkSDKToolsDirectory = 
                   TargetFrameworkVersion = v8.0
                   TargetLatestRuntimePatch = false
                   TargetName = FastDelete.Core
                   TargetPath = C:\Users\OdinLocal\Documents\Kimi\Workspaces\MediaOrganizer\FastDelete\src\FastDelete.Core\bin\Debug\net8.0\FastDelete.Core.dll
                   TargetPlatformDisplayName =  
                   TargetPlatformIdentifier = 
                   TargetPlatformRegistryBase = Software\Microsoft\Microsoft SDKs\
                   TargetPlatformSdkPath = 
                   TargetPlatformVersion = 
                   TargetRefPath = C:\Users\OdinLocal\Documents\Kimi\Workspaces\MediaOrganizer\FastDelete\src\FastDelete.Core\obj\Debug\net8.0\ref\FastDelete.Core.dll
                   TargetRuntime = Managed
                   TargetsCurrent = true
                   TargetsForTfmSpecificContentInPackage = ;PackTool;_PackProjectToolValidation
                   TargetsNet8 = true
                   ToolCommandName = FastDelete.Core
                   ToolDepsJsonGeneratorProject = C:\Program Files\dotnet\sdk\8.0.424\Sdks\Microsoft.NET.Sdk\targets\GenerateDeps\GenerateDeps.proj
                   ToolEntryPoint = FastDelete.Core.dll
                   TreatWarningsAsErrors = false
                   UnmanagedRegistrationDependsOn = 
                   UnmanagedUnregistrationDependsOn = 
                   UnsupportedTargetFrameworkVersion = 9.0
                   UseCommonOutputDirectory = false
                   UseDefaultPlatformLookupTables = true
                   UseHostCompilerIfAvailable = true
                   UseMSBuildTestInfrastructure = false
                   UseOSWinMdReferences = false
                   UseRidGraph = false
                   UserProfileRuntimeStorePath = C:\Users\OdinLocal\.dotnet\store
                   UserRuntimeConfig = C:\Users\OdinLocal\Documents\Kimi\Workspaces\MediaOrganizer\FastDelete\src\FastDelete.Core/runtimeconfig.template.json
                   UseSourcePath = true
                   UsingMicrosoftNETSdk = true
                   UsingNETSdkDefaults = true
                   Utf8Output = true
                   ValidateRuntimeIdentifierCompatibility = false
                   VerifyMatchingImplicitPackageVersion = true
                   Version = 1.0.0
                   VersionlessImplicitFrameworkDefine = NET
                   VersionPrefix = 1.0.0
                   VisualStudioVersion = 17.0
                   VSTestConsolePath = C:\Program Files\dotnet\sdk\8.0.424\vstest.console.dll
                   VSTestNoBuild = False
                   VSTestTargets = C:\Program Files\dotnet\sdk\8.0.424\\Microsoft.TestPlatform.targets
                   VSTestTaskAssemblyFile = Microsoft.TestPlatform.Build.dll
                   VsTestUseMSBuildOutput = False
                   WarningLevel = 8
                   WarningsAsErrors = ;NU1605;SYSLIB0011
                   WarnOnPackingNonPackableProject = false
                   WebReference_EnableLegacyEventingModel = false
                   WebReference_EnableProperties = true
                   WebReference_EnableSQLTypes = true
                   WMSJSProject = WJProject
                   WMSJSProjectDirectory = JavaScript
                   YieldDuringToolExecution = true

23:01:22.584     0>Initial Items:
                   _AllDirectoriesAbove
                       C:\
                       C:\Users
                       C:\Users\OdinLocal
                       C:\Users\OdinLocal\Documents
                       C:\Users\OdinLocal\Documents\Kimi
                       C:\Users\OdinLocal\Documents\Kimi\Workspaces
                       C:\Users\OdinLocal\Documents\Kimi\Workspaces\MediaOrganizer
                       C:\Users\OdinLocal\Documents\Kimi\Workspaces\MediaOrganizer\FastDelete
                       C:\Users\OdinLocal\Documents\Kimi\Workspaces\MediaOrganizer\FastDelete\src
                       C:\Users\OdinLocal\Documents\Kimi\Workspaces\MediaOrganizer\FastDelete\src\FastDelete.Core
                   _ApplicationManifestFinal
                       bin\Debug\net8.0\Native.FastDelete.Core.manifest
                           TargetPath = Native.FastDelete.Core.manifest
                   _DebugSymbolsIntermediatePath
                       obj\Debug\net8.0\FastDelete.Core.pdb
                   _DebugSymbolsOutputPath
                       bin\Debug\net8.0\FastDelete.Core.pdb
                   _DeploymentManifestEntryPoint
                       obj\Debug\net8.0\FastDelete.Core.dll
                           TargetPath = FastDelete.Core.dll
                   _EolNetCoreTargetFrameworkVersions
                       1.0
                       1.1
                       2.0
                       2.1
                       2.2
                       3.0
                       3.1
                       5.0
                       6.0
                       7.0
                   _ExcludedKnownRuntimeIdentiferPlatforms
                       rhel.6
                       rhel.6
                       rhel.6
                       rhel.6
                       rhel.6
                       rhel.6
                       rhel.6
                       rhel.6
                       rhel.6
                       rhel.6
                       rhel.6
                       rhel.6
                       rhel.6
                       rhel.6
                       rhel.6
                       rhel.6
                       rhel.6
                       rhel.6
                       rhel.6
                       rhel.6
                       tizen.4.0.0
                       tizen.4.0.0
                       tizen.4.0.0
                       tizen.4.0.0
                       tizen.4.0.0
                       tizen.4.0.0
                       tizen.4.0.0
                       tizen.4.0.0
                       tizen.4.0.0
                       tizen.4.0.0
                       tizen.4.0.0
                       tizen.4.0.0
                       tizen.4.0.0
                       tizen.4.0.0
                       tizen.4.0.0
                       tizen.4.0.0
                       tizen.4.0.0
                       tizen.4.0.0
                       tizen.4.0.0
                       tizen.4.0.0
                       tizen.5.0.0
                       tizen.5.0.0
                       tizen.5.0.0
                       tizen.5.0.0
                       tizen.5.0.0
                       tizen.5.0.0
                       tizen.5.0.0
                       tizen.5.0.0
                       tizen.5.0.0
                       tizen.5.0.0
                       tizen.5.0.0
                       tizen.5.0.0
                       tizen.5.0.0
                       tizen.5.0.0
                       tizen.5.0.0
                       tizen.5.0.0
                       tizen.5.0.0
                       tizen.5.0.0
                       tizen.5.0.0
                       tizen.5.0.0
                   _KnownRuntimeIdentiferPlatforms
                       any
                       any
                       any
                       any
                       any
                       any
                       any
                       any
                       any
                       any
                       any
                       any
                       any
                       any
                       any
                       any
                       any
                       any
                       any
                       any
                       aot
                       aot
                       aot
                       aot
                       aot
                       aot
                       aot
                       aot
                       aot
                       aot
                       aot
                       aot
                       aot
                       aot
                       aot
                       aot
                       aot
                       aot
                       aot
                       aot
                       freebsd
                       freebsd
                       freebsd
                       freebsd
                       freebsd
                       freebsd
                       freebsd
                       freebsd
                       freebsd
                       freebsd
                       freebsd
                       freebsd
                       freebsd
                       freebsd
                       freebsd
                       freebsd
                       freebsd
                       freebsd
                       freebsd
                       freebsd
                       illumos
                       illumos
                       illumos
                       illumos
                       illumos
                       illumos
                       illumos
                       illumos
                       illumos
                       illumos
                       illumos
                       illumos
                       illumos
                       illumos
                       illumos
                       illumos
                       illumos
                       illumos
                       illumos
                       illumos
                       solaris
                       solaris
                       solaris
                       solaris
                       solaris
                       solaris
                       solaris
                       solaris
                       solaris
                       solaris
                       solaris
                       solaris
                       solaris
                       solaris
                       solaris
                       solaris
                       solaris
                       solaris
                       solaris
                       solaris
                       unix
                       unix
                       unix
                       unix
                       unix
                       unix
                       unix
                       unix
                       unix
                       unix
                       unix
                       unix
                       unix
                       unix
                       unix
                       unix
                       unix
                       unix
                       unix
                       unix
                   _OutputPathItem
                       bin\Debug\net8.0\
                   _ResolveComReferenceCache
                       obj\Debug\net8.0\FastDelete.Core.csproj.ResolveComReference.cache
                   _UnmanagedRegistrationCache
                       obj\FastDelete.Core.csproj.UnmanagedRegistration.cache
                   _ValidProjectsForRestore
                       C:\Users\OdinLocal\Documents\Kimi\Workspaces\MediaOrganizer\FastDelete\src\FastDelete.Core\FastDelete.Core.csproj
                   AdditionalTargetFrameworkInfoProperty
                       _IsExecutable
                       _SelfContainedWasSpecified
                       IsRidAgnostic
                       SelfContained
                       ShouldBeValidatedAsExecutableReference
                   Analyzer
                       C:\Program Files\dotnet\sdk\8.0.424\Sdks\Microsoft.NET.Sdk\targets\..\analyzers\Microsoft.CodeAnalysis.CSharp.NetAnalyzers.dll
                           IsImplicitlyDefined = true
                       C:\Program Files\dotnet\sdk\8.0.424\Sdks\Microsoft.NET.Sdk\targets\..\analyzers\Microsoft.CodeAnalysis.NetAnalyzers.dll
                           IsImplicitlyDefined = true
                   AppConfigFileDestination
                       bin\Debug\net8.0\FastDelete.Core.dll.config
                   ApplicationManifest
                       obj\Debug\net8.0\Native.FastDelete.Core.manifest
                           TargetPath = Native.FastDelete.Core.manifest
                   BuiltProjectOutputGroupKeyOutput
                       C:\Users\OdinLocal\Documents\Kimi\Workspaces\MediaOrganizer\FastDelete\src\FastDelete.Core\obj\Debug\net8.0\FastDelete.Core.dll
                           IsKeyOutput = true
                           FinalOutputPath = C:\Users\OdinLocal\Documents\Kimi\Workspaces\MediaOrganizer\FastDelete\src\FastDelete.Core\bin\Debug\net8.0\FastDelete.Core.dll
                           TargetPath = FastDelete.Core.dll
                   ClsidMap
                       obj\Debug\net8.0\FastDelete.Core.clsidmap
                   Compile
                       Class1.cs
                   CompilerVisibleProperty
                       _SupportedPlatformList
                       EnableComHosting
                       EnableGeneratedComInterfaceComImportInterop
                       EnforceExtendedAnalyzerRules
                       InvariantGlobalization
                       PlatformNeutralAssembly
                       ProjectDir
                       ProjectTypeGuids
                       RootNamespace
                       TargetFramework
                       TargetPlatformMinVersion
                       UsingMicrosoftNETSdkWeb
                   CopyUpToDateMarker
                       C:\Users\OdinLocal\Documents\Kimi\Workspaces\MediaOrganizer\FastDelete\src\FastDelete.Core\obj\Debug\net8.0\FastDele.73896384.Up2Date
                   CreateDirectory
                       C:\Users\OdinLocal\Documents\Kimi\Workspaces\MediaOrganizer\FastDelete\src\FastDelete.Core\obj\Debug\net8.0\refint\
                       obj\Debug\net8.0\ref
                   DebugSymbolsProjectOutputGroupOutput
                       C:\Users\OdinLocal\Documents\Kimi\Workspaces\MediaOrganizer\FastDelete\src\FastDelete.Core\obj\Debug\net8.0\FastDelete.Core.pdb
                           FinalOutputPath = C:\Users\OdinLocal\Documents\Kimi\Workspaces\MediaOrganizer\FastDelete\src\FastDelete.Core\bin\Debug\net8.0\FastDelete.Core.pdb
                           TargetPath = FastDelete.Core.pdb
                   DeployManifest
                       obj\Debug\net8.0\FastDelete.Core.application
                           TargetPath = FastDelete.Core.application
                   FrameworkReference
                       Microsoft.NETCore.App
                           IsImplicitlyDefined = true
                           PrivateAssets = All
                           Pack = false
                   GenerateRuntimeConfigurationFilesInputs
                       C:\Users\OdinLocal\Documents\Kimi\Workspaces\MediaOrganizer\FastDelete\src\FastDelete.Core\obj\Debug\net8.0\FastDelete.Core.assets.cache
                       C:\Users\OdinLocal\Documents\Kimi\Workspaces\MediaOrganizer\FastDelete\src\FastDelete.Core\obj\project.assets.json
                   GlobalAnalyzerConfigFiles
                       C:\.globalconfig
                       C:\Users\.globalconfig
                       C:\Users\OdinLocal\.globalconfig
                       C:\Users\OdinLocal\Documents\.globalconfig
                       C:\Users\OdinLocal\Documents\Kimi\.globalconfig
                       C:\Users\OdinLocal\Documents\Kimi\Workspaces\.globalconfig
                       C:\Users\OdinLocal\Documents\Kimi\Workspaces\MediaOrganizer\.globalconfig
                       C:\Users\OdinLocal\Documents\Kimi\Workspaces\MediaOrganizer\FastDelete\.globalconfig
                       C:\Users\OdinLocal\Documents\Kimi\Workspaces\MediaOrganizer\FastDelete\src\.globalconfig
                       C:\Users\OdinLocal\Documents\Kimi\Workspaces\MediaOrganizer\FastDelete\src\FastDelete.Core\.globalconfig
                   ImplicitPackageReferenceVersion
                       Microsoft.AspNetCore.All
                           LatestVersion = 2.1.30
                           DefaultVersion = 2.1.1
                           TargetFrameworkVersion = 2.1
                       Microsoft.AspNetCore.All
                           LatestVersion = 2.2.8
                           DefaultVersion = 2.2.0
                           TargetFrameworkVersion = 2.2
                       Microsoft.AspNetCore.App
                           LatestVersion = 2.1.30
                           DefaultVersion = 2.1.1
                           TargetFrameworkVersion = 2.1
                       Microsoft.AspNetCore.App
                           LatestVersion = 2.2.8
                           DefaultVersion = 2.2.0
                           TargetFrameworkVersion = 2.2
                       Microsoft.NETCore.App
                           LatestVersion = 1.0.16
                           DefaultVersion = 1.0.5
                           TargetFrameworkVersion = 1.0
                       Microsoft.NETCore.App
                           LatestVersion = 1.1.13
                           DefaultVersion = 1.1.2
                           TargetFrameworkVersion = 1.1
                       Microsoft.NETCore.App
                           LatestVersion = 2.0.9
                           DefaultVersion = 2.0.0
                           TargetFrameworkVersion = 2.0
                       Microsoft.NETCore.App
                           LatestVersion = 2.1.30
                           DefaultVersion = 2.1.0
                           TargetFrameworkVersion = 2.1
                       Microsoft.NETCore.App
                           LatestVersion = 2.2.8
                           DefaultVersion = 2.2.0
                           TargetFrameworkVersion = 2.2
                   IntermediateAssembly
                       obj\Debug\net8.0\FastDelete.Core.dll
                   IntermediateRefAssembly
                       obj\Debug\net8.0\refint\FastDelete.Core.dll
                   KnownAppHostPack
                       Microsoft.NETCore.App
                           ExcludedRuntimeIdentifiers = android
                           AppHostRuntimeIdentifiers = linux-arm;linux-arm64;linux-musl-arm64;linux-musl-x64;linux-x64;osx-x64;rhel.6-x64;tizen.4.0.0-armel;tizen.5.0.0-armel;win-arm64;win-x64;win-x86;linux-musl-arm;osx-arm64;linux-s390x;linux-bionic-arm;linux-bionic-arm64;linux-bionic-x64;linux-bionic-x86;linux-ppc64le
                           TargetFramework = net8.0
                           AppHostPackNamePattern = Microsoft.NETCore.App.Host.**RID**
                           AppHostPackVersion = 8.0.30
                       Microsoft.NETCore.App
                           ExcludedRuntimeIdentifiers = android
                           AppHostRuntimeIdentifiers = linux-arm;linux-arm64;linux-musl-arm64;linux-musl-x64;linux-x64;osx-x64;rhel.6-x64;tizen.4.0.0-armel;tizen.5.0.0-armel;win-arm;win-arm64;win-x64;win-x86;linux-musl-arm;osx-arm64;linux-s390x;linux-bionic-arm;linux-bionic-arm64;linux-bionic-x64;linux-bionic-x86;linux-ppc64le
                           TargetFramework = net7.0
                           AppHostPackNamePattern = Microsoft.NETCore.App.Host.**RID**
                           AppHostPackVersion = 7.0.20
                       Microsoft.NETCore.App
                           ExcludedRuntimeIdentifiers = android
                           AppHostRuntimeIdentifiers = linux-arm;linux-arm64;linux-musl-arm64;linux-musl-x64;linux-x64;osx-x64;rhel.6-x64;tizen.4.0.0-armel;tizen.5.0.0-armel;win-arm;win-arm64;win-x64;win-x86;linux-musl-arm;osx-arm64;linux-s390x
                           TargetFramework = net6.0
                           AppHostPackNamePattern = Microsoft.NETCore.App.Host.**RID**
                           AppHostPackVersion = 6.0.36
                       Microsoft.NETCore.App
                           AppHostRuntimeIdentifiers = linux-arm;linux-arm64;linux-musl-arm64;linux-musl-x64;linux-x64;osx-x64;rhel.6-x64;tizen.4.0.0-armel;tizen.5.0.0-armel;win-arm;win-arm64;win-x64;win-x86;linux-musl-arm
                           TargetFramework = net5.0
                           AppHostPackNamePattern = Microsoft.NETCore.App.Host.**RID**
                           AppHostPackVersion = 5.0.17
                       Microsoft.NETCore.App
                           AppHostRuntimeIdentifiers = linux-arm;linux-arm64;linux-musl-arm64;linux-musl-x64;linux-x64;osx-x64;rhel.6-x64;tizen.4.0.0-armel;tizen.5.0.0-armel;win-arm;win-arm64;win-x64;win-x86
                           TargetFramework = netcoreapp3.1
                           AppHostPackNamePattern = Microsoft.NETCore.App.Host.**RID**
                           AppHostPackVersion = 3.1.32
                       Microsoft.NETCore.App
                           AppHostRuntimeIdentifiers = linux-arm;linux-arm64;linux-musl-arm64;linux-musl-x64;linux-x64;osx-x64;rhel.6-x64;tizen.4.0.0-armel;tizen.5.0.0-armel;win-arm;win-arm64;win-x64;win-x86
                           TargetFramework = netcoreapp3.0
                           AppHostPackNamePattern = Microsoft.NETCore.App.Host.**RID**
                           AppHostPackVersion = 3.0.3
                   KnownCrossgen2Pack
                       Microsoft.NETCore.App.Crossgen2
                           Crossgen2RuntimeIdentifiers = linux-musl-x64;linux-x64;win-x64;linux-arm;linux-arm64;linux-musl-arm;linux-musl-arm64;osx-arm64;osx-x64;win-arm64;win-x86
                           TargetFramework = net8.0
                           Crossgen2PackNamePattern = Microsoft.NETCore.App.Crossgen2.**RID**
                           Crossgen2PackVersion = 8.0.30
                       Microsoft.NETCore.App.Crossgen2
                           Crossgen2RuntimeIdentifiers = linux-musl-x64;linux-x64;win-x64;linux-arm;linux-arm64;linux-musl-arm;linux-musl-arm64;osx-arm64;osx-x64;win-arm;win-arm64;win-x86
                           TargetFramework = net7.0
                           Crossgen2PackNamePattern = Microsoft.NETCore.App.Crossgen2.**RID**
                           Crossgen2PackVersion = 7.0.20
                       Microsoft.NETCore.App.Crossgen2
                           Crossgen2RuntimeIdentifiers = linux-musl-x64;linux-x64;win-x64;linux-arm;linux-arm64;linux-musl-arm;linux-musl-arm64;osx-arm64;osx-x64;win-arm;win-arm64;win-x86
                           TargetFramework = net6.0
                           Crossgen2PackNamePattern = Microsoft.NETCore.App.Crossgen2.**RID**
                           Crossgen2PackVersion = 6.0.36
                       Microsoft.NETCore.App.Crossgen2
                           Crossgen2RuntimeIdentifiers = linux-musl-x64;linux-x64;win-x64
                           TargetFramework = net5.0
                           Crossgen2PackNamePattern = Microsoft.NETCore.App.Crossgen2.**RID**
                           Crossgen2PackVersion = 5.0.17
                   KnownFrameworkReference
                       Microsoft.AspNetCore.App
                           TargetFramework = netcoreapp3.0
                           DefaultRuntimeFrameworkVersion = 3.0.0
                           TargetingPackName = Microsoft.AspNetCore.App.Ref
                           LatestRuntimeFrameworkVersion = 3.0.3
                           RuntimePackRuntimeIdentifiers = win-x64;win-x86;win-arm;osx-x64;linux-musl-x64;linux-musl-arm64;linux-x64;linux-arm;linux-arm64
                           RuntimePackNamePatterns = Microsoft.AspNetCore.App.Runtime.**RID**
                           TargetingPackVersion = 3.0.1
                           RuntimeFrameworkName = Microsoft.AspNetCore.App
                       Microsoft.AspNetCore.App
                           TargetFramework = netcoreapp3.1
                           DefaultRuntimeFrameworkVersion = 3.1.0
                           TargetingPackName = Microsoft.AspNetCore.App.Ref
                           LatestRuntimeFrameworkVersion = 3.1.32
                           RuntimePackRuntimeIdentifiers = win-x64;win-x86;win-arm;osx-x64;linux-musl-x64;linux-musl-arm64;linux-x64;linux-arm;linux-arm64
                           RuntimePackNamePatterns = Microsoft.AspNetCore.App.Runtime.**RID**
                           TargetingPackVersion = 3.1.10
                           RuntimeFrameworkName = Microsoft.AspNetCore.App
                       Microsoft.AspNetCore.App
                           TargetFramework = net7.0
                           DefaultRuntimeFrameworkVersion = 7.0.0
                           TargetingPackName = Microsoft.AspNetCore.App.Ref
                           LatestRuntimeFrameworkVersion = 7.0.20
                           RuntimePackExcludedRuntimeIdentifiers = android
                           RuntimePackRuntimeIdentifiers = win-x64;win-x86;win-arm;osx-x64;linux-musl-x64;linux-musl-arm64;linux-x64;linux-arm;linux-arm64;linux-musl-arm;win-arm64;osx-arm64;linux-s390x;linux-ppc64le
                           RuntimePackNamePatterns = Microsoft.AspNetCore.App.Runtime.**RID**
                           TargetingPackVersion = 7.0.20
                           RuntimeFrameworkName = Microsoft.AspNetCore.App
                       Microsoft.AspNetCore.App
                           TargetFramework = net8.0
                           DefaultRuntimeFrameworkVersion = 8.0.0
                           TargetingPackName = Microsoft.AspNetCore.App.Ref
                           LatestRuntimeFrameworkVersion = 8.0.30
                           RuntimePackExcludedRuntimeIdentifiers = android;linux-bionic
                           RuntimePackRuntimeIdentifiers = win-x64;win-x86;win-arm;osx-x64;linux-musl-x64;linux-musl-arm64;linux-x64;linux-arm;linux-arm64;linux-musl-arm;win-arm64;osx-arm64;linux-s390x;linux-ppc64le
                           RuntimePackNamePatterns = Microsoft.AspNetCore.App.Runtime.**RID**
                           TargetingPackVersion = 8.0.30
                           RuntimeFrameworkName = Microsoft.AspNetCore.App
                       Microsoft.AspNetCore.App
                           TargetFramework = net5.0
                           DefaultRuntimeFrameworkVersion = 5.0.0
                           TargetingPackName = Microsoft.AspNetCore.App.Ref
                           LatestRuntimeFrameworkVersion = 5.0.17
                           RuntimePackRuntimeIdentifiers = win-x64;win-x86;win-arm;osx-x64;linux-musl-x64;linux-musl-arm64;linux-x64;linux-arm;linux-arm64;linux-musl-arm;win-arm64
                           RuntimePackNamePatterns = Microsoft.AspNetCore.App.Runtime.**RID**
                           TargetingPackVersion = 5.0.0
                           RuntimeFrameworkName = Microsoft.AspNetCore.App
                       Microsoft.AspNetCore.App
                           TargetFramework = net6.0
                           DefaultRuntimeFrameworkVersion = 6.0.0
                           TargetingPackName = Microsoft.AspNetCore.App.Ref
                           LatestRuntimeFrameworkVersion = 6.0.36
                           RuntimePackRuntimeIdentifiers = win-x64;win-x86;win-arm;osx-x64;linux-musl-x64;linux-musl-arm64;linux-x64;linux-arm;linux-arm64;linux-musl-arm;win-arm64;osx-arm64;linux-s390x
                           RuntimePackNamePatterns = Microsoft.AspNetCore.App.Runtime.**RID**
                           TargetingPackVersion = 6.0.36
                           RuntimeFrameworkName = Microsoft.AspNetCore.App
                       Microsoft.NETCore.App
                           TargetFramework = net8.0
                           DefaultRuntimeFrameworkVersion = 8.0.0
                           TargetingPackName = Microsoft.NETCore.App.Ref
                           LatestRuntimeFrameworkVersion = 8.0.30
                           RuntimePackRuntimeIdentifiers = linux-arm;linux-arm64;linux-musl-arm64;linux-musl-x64;linux-x64;osx-x64;rhel.6-x64;tizen.4.0.0-armel;tizen.5.0.0-armel;win-arm64;win-x64;win-x86;linux-musl-arm;osx-arm64;linux-s390x;linux-bionic-arm;linux-bionic-arm64;linux-bionic-x64;linux-bionic-x86;linux-ppc64le
                           RuntimePackNamePatterns = Microsoft.NETCore.App.Runtime.**RID**
                           TargetingPackVersion = 8.0.30
                           RuntimeFrameworkName = Microsoft.NETCore.App
                       Microsoft.NETCore.App
                           TargetFramework = net5.0
                           DefaultRuntimeFrameworkVersion = 5.0.0
                           TargetingPackName = Microsoft.NETCore.App.Ref
                           LatestRuntimeFrameworkVersion = 5.0.17
                           RuntimePackRuntimeIdentifiers = linux-arm;linux-arm64;linux-musl-arm64;linux-musl-x64;linux-x64;osx-x64;rhel.6-x64;tizen.4.0.0-armel;tizen.5.0.0-armel;win-arm;win-arm64;win-x64;win-x86;linux-musl-arm;browser-wasm
                           RuntimePackNamePatterns = Microsoft.NETCore.App.Runtime.**RID**
                           TargetingPackVersion = 5.0.0
                           IsTrimmable = true
                           RuntimeFrameworkName = Microsoft.NETCore.App
                       Microsoft.NETCore.App
                           TargetFramework = net7.0
                           DefaultRuntimeFrameworkVersion = 7.0.0
                           TargetingPackName = Microsoft.NETCore.App.Ref
                           LatestRuntimeFrameworkVersion = 7.0.20
                           RuntimePackRuntimeIdentifiers = linux-arm;linux-arm64;linux-musl-arm64;linux-musl-x64;linux-x64;osx-x64;rhel.6-x64;tizen.4.0.0-armel;tizen.5.0.0-armel;win-arm;win-arm64;win-x64;win-x86;linux-musl-arm;osx-arm64;linux-s390x;linux-bionic-arm;linux-bionic-arm64;linux-bionic-x64;linux-bionic-x86;linux-ppc64le
                           RuntimePackNamePatterns = Microsoft.NETCore.App.Runtime.**RID**
                           TargetingPackVersion = 7.0.20
                           RuntimeFrameworkName = Microsoft.NETCore.App
                       Microsoft.NETCore.App
                           TargetFramework = netcoreapp3.1
                           DefaultRuntimeFrameworkVersion = 3.1.0
                           TargetingPackName = Microsoft.NETCore.App.Ref
                           LatestRuntimeFrameworkVersion = 3.1.32
                           RuntimePackRuntimeIdentifiers = linux-arm;linux-arm64;linux-musl-arm64;linux-musl-x64;linux-x64;osx-x64;rhel.6-x64;tizen.4.0.0-armel;tizen.5.0.0-armel;win-arm;win-arm64;win-x64;win-x86
                           RuntimePackNamePatterns = Microsoft.NETCore.App.Runtime.**RID**
                           TargetingPackVersion = 3.1.0
                           IsTrimmable = true
                           RuntimeFrameworkName = Microsoft.NETCore.App
                       Microsoft.NETCore.App
                           TargetFramework = netcoreapp3.0
                           DefaultRuntimeFrameworkVersion = 3.0.0
                           TargetingPackName = Microsoft.NETCore.App.Ref
                           LatestRuntimeFrameworkVersion = 3.0.3
                           RuntimePackRuntimeIdentifiers = linux-arm;linux-arm64;linux-musl-arm64;linux-musl-x64;linux-x64;osx-x64;rhel.6-x64;tizen.4.0.0-armel;tizen.5.0.0-armel;win-arm;win-arm64;win-x64;win-x86
                           RuntimePackNamePatterns = Microsoft.NETCore.App.Runtime.**RID**
                           TargetingPackVersion = 3.0.0
                           IsTrimmable = true
                           RuntimeFrameworkName = Microsoft.NETCore.App
                       Microsoft.NETCore.App
                           TargetFramework = net6.0
                           DefaultRuntimeFrameworkVersion = 6.0.0
                           TargetingPackName = Microsoft.NETCore.App.Ref
                           LatestRuntimeFrameworkVersion = 6.0.36
                           RuntimePackRuntimeIdentifiers = linux-arm;linux-arm64;linux-musl-arm64;linux-musl-x64;linux-x64;osx-x64;rhel.6-x64;tizen.4.0.0-armel;tizen.5.0.0-armel;win-arm;win-arm64;win-x64;win-x86;linux-musl-arm;osx-arm64;linux-s390x
                           RuntimePackNamePatterns = Microsoft.NETCore.App.Runtime.**RID**
                           TargetingPackVersion = 6.0.36
                           RuntimeFrameworkName = Microsoft.NETCore.App
                       Microsoft.Windows.SDK.NET.Ref
                           RuntimePackAlwaysCopyLocal = true
                           TargetFramework = net5.0-windows10.0.18362.0
                           DefaultRuntimeFrameworkVersion = 10.0.18362.56
                           TargetingPackName = Microsoft.Windows.SDK.NET.Ref
                           IsWindowsOnly = true
                           LatestRuntimeFrameworkVersion = 10.0.18362.56
                           RuntimePackRuntimeIdentifiers = any
                           RuntimePackNamePatterns = Microsoft.Windows.SDK.NET.Ref
                           TargetingPackVersion = 10.0.18362.56
                           RuntimeFrameworkName = Microsoft.Windows.SDK.NET.Ref
                       Microsoft.Windows.SDK.NET.Ref
                           RuntimePackAlwaysCopyLocal = true
                           TargetFramework = net5.0-windows10.0.19041.0
                           DefaultRuntimeFrameworkVersion = 10.0.19041.56
                           TargetingPackName = Microsoft.Windows.SDK.NET.Ref
                           IsWindowsOnly = true
                           LatestRuntimeFrameworkVersion = 10.0.19041.56
                           RuntimePackRuntimeIdentifiers = any
                           RuntimePackNamePatterns = Microsoft.Windows.SDK.NET.Ref
                           TargetingPackVersion = 10.0.19041.56
                           RuntimeFrameworkName = Microsoft.Windows.SDK.NET.Ref
                       Microsoft.Windows.SDK.NET.Ref
                           RuntimePackAlwaysCopyLocal = true
                           TargetFramework = net6.0-windows10.0.19041.0
                           DefaultRuntimeFrameworkVersion = 10.0.19041.56
                           TargetingPackName = Microsoft.Windows.SDK.NET.Ref
                           IsWindowsOnly = true
                           LatestRuntimeFrameworkVersion = 10.0.19041.56
                           RuntimePackRuntimeIdentifiers = any
                           RuntimePackNamePatterns = Microsoft.Windows.SDK.NET.Ref
                           TargetingPackVersion = 10.0.19041.56
                           RuntimeFrameworkName = Microsoft.Windows.SDK.NET.Ref
                       Microsoft.Windows.SDK.NET.Ref
                           RuntimePackAlwaysCopyLocal = true
                           TargetFramework = net6.0-windows10.0.18362.0
                           DefaultRuntimeFrameworkVersion = 10.0.18362.56
                           TargetingPackName = Microsoft.Windows.SDK.NET.Ref
                           IsWindowsOnly = true
                           LatestRuntimeFrameworkVersion = 10.0.18362.56
                           RuntimePackRuntimeIdentifiers = any
                           RuntimePackNamePatterns = Microsoft.Windows.SDK.NET.Ref
                           TargetingPackVersion = 10.0.18362.56
                           RuntimeFrameworkName = Microsoft.Windows.SDK.NET.Ref
                       Microsoft.Windows.SDK.NET.Ref
                           RuntimePackAlwaysCopyLocal = true
                           TargetFramework = net5.0-windows10.0.17763.0
                           DefaultRuntimeFrameworkVersion = 10.0.17763.56
                           TargetingPackName = Microsoft.Windows.SDK.NET.Ref
                           IsWindowsOnly = true
                           LatestRuntimeFrameworkVersion = 10.0.17763.56
                           RuntimePackRuntimeIdentifiers = any
                           RuntimePackNamePatterns = Microsoft.Windows.SDK.NET.Ref
                           TargetingPackVersion = 10.0.17763.56
                           RuntimeFrameworkName = Microsoft.Windows.SDK.NET.Ref
                       Microsoft.Windows.SDK.NET.Ref
                           RuntimePackAlwaysCopyLocal = true
                           TargetFramework = net6.0-windows10.0.17763.0
                           DefaultRuntimeFrameworkVersion = 10.0.17763.56
                           TargetingPackName = Microsoft.Windows.SDK.NET.Ref
                           IsWindowsOnly = true
                           LatestRuntimeFrameworkVersion = 10.0.17763.56
                           RuntimePackRuntimeIdentifiers = any
                           RuntimePackNamePatterns = Microsoft.Windows.SDK.NET.Ref
                           TargetingPackVersion = 10.0.17763.56
                           RuntimeFrameworkName = Microsoft.Windows.SDK.NET.Ref
                       Microsoft.Windows.SDK.NET.Ref
                           RuntimePackAlwaysCopyLocal = true
                           TargetFramework = net8.0-windows10.0.18362.0
                           DefaultRuntimeFrameworkVersion = 10.0.18362.56
                           TargetingPackName = Microsoft.Windows.SDK.NET.Ref
                           IsWindowsOnly = true
                           LatestRuntimeFrameworkVersion = 10.0.18362.56
                           RuntimePackRuntimeIdentifiers = any
                           RuntimePackNamePatterns = Microsoft.Windows.SDK.NET.Ref
                           TargetingPackVersion = 10.0.18362.56
                           RuntimeFrameworkName = Microsoft.Windows.SDK.NET.Ref
                       Microsoft.Windows.SDK.NET.Ref
                           RuntimePackAlwaysCopyLocal = true
                           TargetFramework = net7.0-windows10.0.19041.0
                           DefaultRuntimeFrameworkVersion = 10.0.19041.56
                           TargetingPackName = Microsoft.Windows.SDK.NET.Ref
                           IsWindowsOnly = true
                           LatestRuntimeFrameworkVersion = 10.0.19041.56
                           RuntimePackRuntimeIdentifiers = any
                           RuntimePackNamePatterns = Microsoft.Windows.SDK.NET.Ref
                           TargetingPackVersion = 10.0.19041.56
                           RuntimeFrameworkName = Microsoft.Windows.SDK.NET.Ref
                       Microsoft.Windows.SDK.NET.Ref
                           RuntimePackAlwaysCopyLocal = true
                           TargetFramework = net7.0-windows10.0.18362.0
                           DefaultRuntimeFrameworkVersion = 10.0.18362.56
                           TargetingPackName = Microsoft.Windows.SDK.NET.Ref
                           IsWindowsOnly = true
                           LatestRuntimeFrameworkVersion = 10.0.18362.56
                           RuntimePackRuntimeIdentifiers = any
                           RuntimePackNamePatterns = Microsoft.Windows.SDK.NET.Ref
                           TargetingPackVersion = 10.0.18362.56
                           RuntimeFrameworkName = Microsoft.Windows.SDK.NET.Ref
                       Microsoft.Windows.SDK.NET.Ref
                           RuntimePackAlwaysCopyLocal = true
                           TargetFramework = net7.0-windows10.0.17763.0
                           DefaultRuntimeFrameworkVersion = 10.0.17763.56
                           TargetingPackName = Microsoft.Windows.SDK.NET.Ref
                           IsWindowsOnly = true
                           LatestRuntimeFrameworkVersion = 10.0.17763.56
                           RuntimePackRuntimeIdentifiers = any
                           RuntimePackNamePatterns = Microsoft.Windows.SDK.NET.Ref
                           TargetingPackVersion = 10.0.17763.56
                           RuntimeFrameworkName = Microsoft.Windows.SDK.NET.Ref
                       Microsoft.Windows.SDK.NET.Ref
                           RuntimePackAlwaysCopyLocal = true
                           TargetFramework = net8.0-windows10.0.17763.0
                           DefaultRuntimeFrameworkVersion = 10.0.17763.56
                           TargetingPackName = Microsoft.Windows.SDK.NET.Ref
                           IsWindowsOnly = true
                           LatestRuntimeFrameworkVersion = 10.0.17763.56
                           RuntimePackRuntimeIdentifiers = any
                           RuntimePackNamePatterns = Microsoft.Windows.SDK.NET.Ref
                           TargetingPackVersion = 10.0.17763.56
                           RuntimeFrameworkName = Microsoft.Windows.SDK.NET.Ref
                       Microsoft.Windows.SDK.NET.Ref
                           RuntimePackAlwaysCopyLocal = true
                           TargetFramework = net8.0-windows10.0.19041.0
                           DefaultRuntimeFrameworkVersion = 10.0.19041.56
                           TargetingPackName = Microsoft.Windows.SDK.NET.Ref
                           IsWindowsOnly = true
                           LatestRuntimeFrameworkVersion = 10.0.19041.56
                           RuntimePackRuntimeIdentifiers = any
                           RuntimePackNamePatterns = Microsoft.Windows.SDK.NET.Ref
                           TargetingPackVersion = 10.0.19041.56
                           RuntimeFrameworkName = Microsoft.Windows.SDK.NET.Ref
                       Microsoft.WindowsDesktop.App
                           TargetFramework = netcoreapp3.0
                           DefaultRuntimeFrameworkVersion = 3.0.0
                           TargetingPackName = Microsoft.WindowsDesktop.App.Ref
                           IsWindowsOnly = true
                           LatestRuntimeFrameworkVersion = 3.0.3
                           RuntimePackRuntimeIdentifiers = win-x64;win-x86
                           RuntimePackNamePatterns = Microsoft.WindowsDesktop.App.Runtime.**RID**
                           TargetingPackVersion = 3.0.0
                           RuntimeFrameworkName = Microsoft.WindowsDesktop.App
                       Microsoft.WindowsDesktop.App
                           TargetFramework = netcoreapp3.1
                           DefaultRuntimeFrameworkVersion = 3.1.0
                           TargetingPackName = Microsoft.WindowsDesktop.App.Ref
                           IsWindowsOnly = true
                           LatestRuntimeFrameworkVersion = 3.1.32
                           RuntimePackRuntimeIdentifiers = win-x64;win-x86
                           RuntimePackNamePatterns = Microsoft.WindowsDesktop.App.Runtime.**RID**
                           TargetingPackVersion = 3.1.0
                           RuntimeFrameworkName = Microsoft.WindowsDesktop.App
                       Microsoft.WindowsDesktop.App
                           TargetFramework = net6.0
                           DefaultRuntimeFrameworkVersion = 6.0.0
                           TargetingPackName = Microsoft.WindowsDesktop.App.Ref
                           IsWindowsOnly = true
                           LatestRuntimeFrameworkVersion = 6.0.36
                           RuntimePackRuntimeIdentifiers = win-x64;win-x86;win-arm64
                           RuntimePackNamePatterns = Microsoft.WindowsDesktop.App.Runtime.**RID**
                           TargetingPackVersion = 6.0.36
                           RuntimeFrameworkName = Microsoft.WindowsDesktop.App
                       Microsoft.WindowsDesktop.App
                           TargetFramework = net7.0
                           DefaultRuntimeFrameworkVersion = 7.0.0
                           TargetingPackName = Microsoft.WindowsDesktop.App.Ref
                           IsWindowsOnly = true
                           LatestRuntimeFrameworkVersion = 7.0.20
                           RuntimePackRuntimeIdentifiers = win-x64;win-x86;win-arm64
                           RuntimePackNamePatterns = Microsoft.WindowsDesktop.App.Runtime.**RID**
                           TargetingPackVersion = 7.0.20
                           RuntimeFrameworkName = Microsoft.WindowsDesktop.App
                       Microsoft.WindowsDesktop.App
                           TargetFramework = net8.0
                           DefaultRuntimeFrameworkVersion = 8.0.0
                           TargetingPackName = Microsoft.WindowsDesktop.App.Ref
                           IsWindowsOnly = true
                           LatestRuntimeFrameworkVersion = 8.0.30
                           RuntimePackRuntimeIdentifiers = win-x64;win-x86;win-arm64
                           RuntimePackNamePatterns = Microsoft.WindowsDesktop.App.Runtime.**RID**
                           TargetingPackVersion = 8.0.30
                           RuntimeFrameworkName = Microsoft.WindowsDesktop.App
                       Microsoft.WindowsDesktop.App
                           TargetFramework = net5.0
                           DefaultRuntimeFrameworkVersion = 5.0.0
                           TargetingPackName = Microsoft.WindowsDesktop.App.Ref
                           IsWindowsOnly = true
                           LatestRuntimeFrameworkVersion = 5.0.17
                           RuntimePackRuntimeIdentifiers = win-x64;win-x86;win-arm64
                           RuntimePackNamePatterns = Microsoft.WindowsDesktop.App.Runtime.**RID**
                           TargetingPackVersion = 5.0.0
                           RuntimeFrameworkName = Microsoft.WindowsDesktop.App
                       Microsoft.WindowsDesktop.App.WindowsForms
                           TargetFramework = netcoreapp3.0
                           DefaultRuntimeFrameworkVersion = 3.0.0
                           TargetingPackName = Microsoft.WindowsDesktop.App.Ref
                           IsWindowsOnly = true
                           LatestRuntimeFrameworkVersion = 3.0.3
                           RuntimePackRuntimeIdentifiers = win-x64;win-x86
                           RuntimePackNamePatterns = Microsoft.WindowsDesktop.App.Runtime.**RID**
                           TargetingPackVersion = 3.0.0
                           Profile = WindowsForms
                           RuntimeFrameworkName = Microsoft.WindowsDesktop.App
                       Microsoft.WindowsDesktop.App.WindowsForms
                           TargetFramework = net8.0
                           DefaultRuntimeFrameworkVersion = 8.0.0
                           TargetingPackName = Microsoft.WindowsDesktop.App.Ref
                           IsWindowsOnly = true
                           LatestRuntimeFrameworkVersion = 8.0.30
                           RuntimePackRuntimeIdentifiers = win-x64;win-x86;win-arm64
                           RuntimePackNamePatterns = Microsoft.WindowsDesktop.App.Runtime.**RID**
                           TargetingPackVersion = 8.0.30
                           Profile = WindowsForms
                           RuntimeFrameworkName = Microsoft.WindowsDesktop.App
                       Microsoft.WindowsDesktop.App.WindowsForms
                           TargetFramework = net7.0
                           DefaultRuntimeFrameworkVersion = 7.0.0
                           TargetingPackName = Microsoft.WindowsDesktop.App.Ref
                           IsWindowsOnly = true
                           LatestRuntimeFrameworkVersion = 7.0.20
                           RuntimePackRuntimeIdentifiers = win-x64;win-x86;win-arm64
                           RuntimePackNamePatterns = Microsoft.WindowsDesktop.App.Runtime.**RID**
                           TargetingPackVersion = 7.0.20
                           Profile = WindowsForms
                           RuntimeFrameworkName = Microsoft.WindowsDesktop.App
                       Microsoft.WindowsDesktop.App.WindowsForms
                           TargetFramework = net6.0
                           DefaultRuntimeFrameworkVersion = 6.0.0
                           TargetingPackName = Microsoft.WindowsDesktop.App.Ref
                           IsWindowsOnly = true
                           LatestRuntimeFrameworkVersion = 6.0.36
                           RuntimePackRuntimeIdentifiers = win-x64;win-x86;win-arm64
                           RuntimePackNamePatterns = Microsoft.WindowsDesktop.App.Runtime.**RID**
                           TargetingPackVersion = 6.0.36
                           Profile = WindowsForms
                           RuntimeFrameworkName = Microsoft.WindowsDesktop.App
                       Microsoft.WindowsDesktop.App.WindowsForms
                           TargetFramework = netcoreapp3.1
                           DefaultRuntimeFrameworkVersion = 3.1.0
                           TargetingPackName = Microsoft.WindowsDesktop.App.Ref
                           IsWindowsOnly = true
                           LatestRuntimeFrameworkVersion = 3.1.32
                           RuntimePackRuntimeIdentifiers = win-x64;win-x86
                           RuntimePackNamePatterns = Microsoft.WindowsDesktop.App.Runtime.**RID**
                           TargetingPackVersion = 3.1.0
                           Profile = WindowsForms
                           RuntimeFrameworkName = Microsoft.WindowsDesktop.App
                       Microsoft.WindowsDesktop.App.WindowsForms
                           TargetFramework = net5.0
                           DefaultRuntimeFrameworkVersion = 5.0.0
                           TargetingPackName = Microsoft.WindowsDesktop.App.Ref
                           IsWindowsOnly = true
                           LatestRuntimeFrameworkVersion = 5.0.17
                           RuntimePackRuntimeIdentifiers = win-x64;win-x86;win-arm64
                           RuntimePackNamePatterns = Microsoft.WindowsDesktop.App.Runtime.**RID**
                           TargetingPackVersion = 5.0.0
                           Profile = WindowsForms
                           RuntimeFrameworkName = Microsoft.WindowsDesktop.App
                       Microsoft.WindowsDesktop.App.WPF
                           TargetFramework = netcoreapp3.0
                           DefaultRuntimeFrameworkVersion = 3.0.0
                           TargetingPackName = Microsoft.WindowsDesktop.App.Ref
                           IsWindowsOnly = true
                           LatestRuntimeFrameworkVersion = 3.0.3
                           RuntimePackRuntimeIdentifiers = win-x64;win-x86
                           RuntimePackNamePatterns = Microsoft.WindowsDesktop.App.Runtime.**RID**
                           TargetingPackVersion = 3.0.0
                           Profile = WPF
                           RuntimeFrameworkName = Microsoft.WindowsDesktop.App
                       Microsoft.WindowsDesktop.App.WPF
                           TargetFramework = net6.0
                           DefaultRuntimeFrameworkVersion = 6.0.0
                           TargetingPackName = Microsoft.WindowsDesktop.App.Ref
                           IsWindowsOnly = true
                           LatestRuntimeFrameworkVersion = 6.0.36
                           RuntimePackRuntimeIdentifiers = win-x64;win-x86;win-arm64
                           RuntimePackNamePatterns = Microsoft.WindowsDesktop.App.Runtime.**RID**
                           TargetingPackVersion = 6.0.36
                           Profile = WPF
                           RuntimeFrameworkName = Microsoft.WindowsDesktop.App
                       Microsoft.WindowsDesktop.App.WPF
                           TargetFramework = netcoreapp3.1
                           DefaultRuntimeFrameworkVersion = 3.1.0
                           TargetingPackName = Microsoft.WindowsDesktop.App.Ref
                           IsWindowsOnly = true
                           LatestRuntimeFrameworkVersion = 3.1.32
                           RuntimePackRuntimeIdentifiers = win-x64;win-x86
                           RuntimePackNamePatterns = Microsoft.WindowsDesktop.App.Runtime.**RID**
                           TargetingPackVersion = 3.1.0
                           Profile = WPF
                           RuntimeFrameworkName = Microsoft.WindowsDesktop.App
                       Microsoft.WindowsDesktop.App.WPF
                           TargetFramework = net5.0
                           DefaultRuntimeFrameworkVersion = 5.0.0
                           TargetingPackName = Microsoft.WindowsDesktop.App.Ref
                           IsWindowsOnly = true
                           LatestRuntimeFrameworkVersion = 5.0.17
                           RuntimePackRuntimeIdentifiers = win-x64;win-x86;win-arm64
                           RuntimePackNamePatterns = Microsoft.WindowsDesktop.App.Runtime.**RID**
                           TargetingPackVersion = 5.0.0
                           Profile = WPF
                           RuntimeFrameworkName = Microsoft.WindowsDesktop.App
                       Microsoft.WindowsDesktop.App.WPF
                           TargetFramework = net7.0
                           DefaultRuntimeFrameworkVersion = 7.0.0
                           TargetingPackName = Microsoft.WindowsDesktop.App.Ref
                           IsWindowsOnly = true
                           LatestRuntimeFrameworkVersion = 7.0.20
                           RuntimePackRuntimeIdentifiers = win-x64;win-x86;win-arm64
                           RuntimePackNamePatterns = Microsoft.WindowsDesktop.App.Runtime.**RID**
                           TargetingPackVersion = 7.0.20
                           Profile = WPF
                           RuntimeFrameworkName = Microsoft.WindowsDesktop.App
                       Microsoft.WindowsDesktop.App.WPF
                           TargetFramework = net8.0
                           DefaultRuntimeFrameworkVersion = 8.0.0
                           TargetingPackName = Microsoft.WindowsDesktop.App.Ref
                           IsWindowsOnly = true
                           LatestRuntimeFrameworkVersion = 8.0.30
                           RuntimePackRuntimeIdentifiers = win-x64;win-x86;win-arm64
                           RuntimePackNamePatterns = Microsoft.WindowsDesktop.App.Runtime.**RID**
                           TargetingPackVersion = 8.0.30
                           Profile = WPF
                           RuntimeFrameworkName = Microsoft.WindowsDesktop.App
                       NETStandard.Library
                           TargetFramework = netstandard2.1
                           TargetingPackName = NETStandard.Library.Ref
                           TargetingPackVersion = 2.1.0
                   KnownILCompilerPack
                       Microsoft.DotNet.ILCompiler
                           ILCompilerPackNamePattern = runtime.**RID**.Microsoft.DotNet.ILCompiler
                           TargetFramework = net8.0
                           ILCompilerPackVersion = 8.0.30
                           ILCompilerRuntimeIdentifiers = linux-arm64;linux-musl-arm64;linux-musl-x64;linux-x64;win-arm64;win-x64;osx-x64;osx-arm64
                       Microsoft.DotNet.ILCompiler
                           ILCompilerPackNamePattern = runtime.**RID**.Microsoft.DotNet.ILCompiler
                           TargetFramework = net7.0
                           ILCompilerPackVersion = 7.0.20
                           ILCompilerRuntimeIdentifiers = linux-arm64;linux-musl-arm64;linux-musl-x64;linux-x64;win-arm64;win-x64
                   KnownILLinkPack
                       Microsoft.NET.ILLink.Tasks
                           TargetFramework = net8.0
                           ILLinkPackVersion = 8.0.30
                       Microsoft.NET.ILLink.Tasks
                           TargetFramework = net7.0
                           ILLinkPackVersion = 7.0.100-1.23401.1
                       Microsoft.NET.ILLink.Tasks
                           TargetFramework = net6.0
                           ILLinkPackVersion = 7.0.100-1.23401.1
                       Microsoft.NET.ILLink.Tasks
                           TargetFramework = net5.0
                           ILLinkPackVersion = 7.0.100-1.23401.1
                       Microsoft.NET.ILLink.Tasks
                           TargetFramework = netcoreapp3.1
                           ILLinkPackVersion = 7.0.100-1.23401.1
                       Microsoft.NET.ILLink.Tasks
                           TargetFramework = netcoreapp3.0
                           ILLinkPackVersion = 7.0.100-1.23401.1
                   KnownRuntimePack
                       Microsoft.NETCore.App
                           TargetFramework = net8.0
                           LatestRuntimeFrameworkVersion = 8.0.30
                           RuntimePackRuntimeIdentifiers = ios-arm64;iossimulator-arm64;iossimulator-x64;tvos-arm64;tvossimulator-arm64;tvossimulator-x64;maccatalyst-arm64;maccatalyst-x64;linux-bionic-arm64;linux-bionic-x64;osx-arm64;osx-x64
                           RuntimePackNamePatterns = Microsoft.NETCore.App.Runtime.NativeAOT.**RID**
                           RuntimePackLabels = NativeAOT
                           RuntimeFrameworkName = Microsoft.NETCore.App
                       Microsoft.NETCore.App
                           TargetFramework = net8.0
                           LatestRuntimeFrameworkVersion = 8.0.30
                           RuntimePackRuntimeIdentifiers = linux-arm;linux-arm64;linux-musl-arm64;linux-musl-x64;linux-x64;osx-x64;rhel.6-x64;win-arm64;win-x64;win-x86;linux-musl-arm;osx-arm64;linux-s390x;browser-wasm;ios-arm64;ios-arm;iossimulator-arm64;iossimulator-x64;iossimulator-x86;tvos-arm64;tvossimulator-arm64;tvossimulator-x64;maccatalyst-x64;maccatalyst-arm64;android-arm64;android-arm;android-x64;android-x86
                           RuntimePackNamePatterns = Microsoft.NETCore.App.Runtime.Mono.**RID**
                           RuntimePackLabels = Mono
                           RuntimeFrameworkName = Microsoft.NETCore.App
                       Microsoft.NETCore.App
                           TargetFramework = net7.0
                           LatestRuntimeFrameworkVersion = 7.0.20
                           RuntimePackRuntimeIdentifiers = linux-arm;linux-arm64;linux-musl-arm64;linux-musl-x64;linux-x64;osx-x64;rhel.6-x64;win-arm;win-arm64;win-x64;win-x86;linux-musl-arm;osx-arm64;linux-s390x;browser-wasm;ios-arm64;ios-arm;iossimulator-arm64;iossimulator-x64;iossimulator-x86;tvos-arm64;tvossimulator-arm64;tvossimulator-x64;maccatalyst-x64;maccatalyst-arm64;android-arm64;android-arm;android-x64;android-x86
                           RuntimePackNamePatterns = Microsoft.NETCore.App.Runtime.Mono.**RID**
                           RuntimePackLabels = Mono
                           RuntimeFrameworkName = Microsoft.NETCore.App
                       Microsoft.NETCore.App
                           TargetFramework = net6.0
                           LatestRuntimeFrameworkVersion = 6.0.36
                           RuntimePackRuntimeIdentifiers = linux-arm;linux-arm64;linux-musl-arm64;linux-musl-x64;linux-x64;osx-x64;rhel.6-x64;win-arm;win-arm64;win-x64;win-x86;linux-musl-arm;osx-arm64;linux-s390x;browser-wasm;ios-arm64;ios-arm;iossimulator-arm64;iossimulator-x64;iossimulator-x86;tvos-arm64;tvossimulator-arm64;tvossimulator-x64;maccatalyst-x64;maccatalyst-arm64;android-arm64;android-arm;android-x64;android-x86
                           RuntimePackNamePatterns = Microsoft.NETCore.App.Runtime.Mono.**RID**
                           RuntimePackLabels = Mono
                           RuntimeFrameworkName = Microsoft.NETCore.App
                   KnownWebAssemblySdkPack
                       Microsoft.NET.Sdk.WebAssembly.Pack
                           TargetFramework = net8.0
                           WebAssemblySdkPackVersion = 8.0.30
                       Microsoft.NET.Sdk.WebAssembly.Pack
                           TargetFramework = net7.0
                           WebAssemblySdkPackVersion = 8.0.30
                       Microsoft.NET.Sdk.WebAssembly.Pack
                           TargetFramework = net6.0
                           WebAssemblySdkPackVersion = 8.0.30
                   PackageConflictOverrides
                       NETStandard.Library
                           OverriddenPackages = 
                           Microsoft.Win32.Primitives|4.3.0;
                           System.AppContext|4.3.0;
                           System.Collections|4.3.0;
                           System.Collections.Concurrent|4.3.0;
                           System.Collections.Immutable|1.4.0;
                           System.Collections.NonGeneric|4.3.0;
                           System.Collections.Specialized|4.3.0;
                           System.ComponentModel|4.3.0;
                           System.ComponentModel.EventBasedAsync|4.3.0;
                           System.ComponentModel.Primitives|4.3.0;
                           System.ComponentModel.TypeConverter|4.3.0;
                           System.Console|4.3.0;
                           System.Data.Common|4.3.0;
                           System.Diagnostics.Contracts|4.3.0;
                           System.Diagnostics.Debug|4.3.0;
                           System.Diagnostics.FileVersionInfo|4.3.0;
                           System.Diagnostics.Process|4.3.0;
                           System.Diagnostics.StackTrace|4.3.0;
                           System.Diagnostics.TextWriterTraceListener|4.3.0;
                           System.Diagnostics.Tools|4.3.0;
                           System.Diagnostics.TraceSource|4.3.0;
                           System.Diagnostics.Tracing|4.3.0;
                           System.Dynamic.Runtime|4.3.0;
                           System.Globalization|4.3.0;
                           System.Globalization.Calendars|4.3.0;
                           System.Globalization.Extensions|4.3.0;
                           System.IO|4.3.0;
                           System.IO.Compression|4.3.0;
                           System.IO.Compression.ZipFile|4.3.0;
                           System.IO.FileSystem|4.3.0;
                           System.IO.FileSystem.DriveInfo|4.3.0;
                           System.IO.FileSystem.Primitives|4.3.0;
                           System.IO.FileSystem.Watcher|4.3.0;
                           System.IO.IsolatedStorage|4.3.0;
                           System.IO.MemoryMappedFiles|4.3.0;
                           System.IO.Pipes|4.3.0;
                           System.IO.UnmanagedMemoryStream|4.3.0;
                           System.Linq|4.3.0;
                           System.Linq.Expressions|4.3.0;
                           System.Linq.Queryable|4.3.0;
                           System.Net.Http|4.3.0;
                           System.Net.NameResolution|4.3.0;
                           System.Net.Primitives|4.3.0;
                           System.Net.Requests|4.3.0;
                           System.Net.Security|4.3.0;
                           System.Net.Sockets|4.3.0;
                           System.Net.WebHeaderCollection|4.3.0;
                           System.ObjectModel|4.3.0;
                           System.Private.DataContractSerialization|4.3.0;
                           System.Reflection|4.3.0;
                           System.Reflection.Emit|4.3.0;
                           System.Reflection.Emit.ILGeneration|4.3.0;
                           System.Reflection.Emit.Lightweight|4.3.0;
                           System.Reflection.Extensions|4.3.0;
                           System.Reflection.Primitives|4.3.0;
                           System.Reflection.TypeExtensions|4.3.0;
                           System.Resources.ResourceManager|4.3.0;
                           System.Runtime|4.3.0;
                           System.Runtime.Extensions|4.3.0;
                           System.Runtime.Handles|4.3.0;
                           System.Runtime.InteropServices|4.3.0;
                           System.Runtime.InteropServices.RuntimeInformation|4.3.0;
                           System.Runtime.Loader|4.3.0;
                           System.Runtime.Numerics|4.3.0;
                           System.Runtime.Serialization.Formatters|4.3.0;
                           System.Runtime.Serialization.Json|4.3.0;
                           System.Runtime.Serialization.Primitives|4.3.0;
                           System.Security.AccessControl|4.4.0;
                           System.Security.Claims|4.3.0;
                           System.Security.Cryptography.Algorithms|4.3.0;
                           System.Security.Cryptography.Csp|4.3.0;
                           System.Security.Cryptography.Encoding|4.3.0;
                           System.Security.Cryptography.Primitives|4.3.0;
                           System.Security.Cryptography.X509Certificates|4.3.0;
                           System.Security.Cryptography.Xml|4.4.0;
                           System.Security.Principal|4.3.0;
                           System.Security.Principal.Windows|4.4.0;
                           System.Text.Encoding|4.3.0;
                           System.Text.Encoding.Extensions|4.3.0;
                           System.Text.RegularExpressions|4.3.0;
                           System.Threading|4.3.0;
                           System.Threading.Overlapped|4.3.0;
                           System.Threading.Tasks|4.3.0;
                           System.Threading.Tasks.Extensions|4.3.0;
                           System.Threading.Tasks.Parallel|4.3.0;
                           System.Threading.Thread|4.3.0;
                           System.Threading.ThreadPool|4.3.0;
                           System.Threading.Timer|4.3.0;
                           System.ValueTuple|4.3.0;
                           System.Xml.ReaderWriter|4.3.0;
                           System.Xml.XDocument|4.3.0;
                           System.Xml.XmlDocument|4.3.0;
                           System.Xml.XmlSerializer|4.3.0;
                           System.Xml.XPath|4.3.0;
                           System.Xml.XPath.XDocument|4.3.0;
                         
                   PotentialEditorConfigFiles
                       C:\.editorconfig
                       C:\Users\.editorconfig
                       C:\Users\OdinLocal\.editorconfig
                       C:\Users\OdinLocal\Documents\.editorconfig
                       C:\Users\OdinLocal\Documents\Kimi\.editorconfig
                       C:\Users\OdinLocal\Documents\Kimi\Workspaces\.editorconfig
                       C:\Users\OdinLocal\Documents\Kimi\Workspaces\MediaOrganizer\.editorconfig
                       C:\Users\OdinLocal\Documents\Kimi\Workspaces\MediaOrganizer\FastDelete\.editorconfig
                       C:\Users\OdinLocal\Documents\Kimi\Workspaces\MediaOrganizer\FastDelete\src\.editorconfig
                       C:\Users\OdinLocal\Documents\Kimi\Workspaces\MediaOrganizer\FastDelete\src\FastDelete.Core\.editorconfig
                   PreprocessorValue
                       assemblyname
                           Value = FastDelete.Core
                       filename
                           Value = FastDelete.Core.csproj
                       fullpath
                           Value = C:\Users\OdinLocal\Documents\Kimi\Workspaces\MediaOrganizer\FastDelete\src\FastDelete.Core
                       outputfilename
                           Value = FastDelete.Core.dll
                       rootnamespace
                           Value = FastDelete.Core
                   ProjectCapability
                       AllTargetOutputGroups
                       AssemblyReferences
                       COMReferences
                       CSharp
                       DeclaredSourceItems
                       GenerateDocumentationFile
                       LanguageService
                       Managed
                       NativeAOT
                       NetSdkOCIImageBuild
                       OutputGroups
                       Pack
                       ProjectReferences
                       ReferencesFolder
                       RelativePathDerivedDefaultNamespace
                       SharedProjectReferences
                       SingleFileGenerators
                       SupportsHotReload
                       UserSourceItems
                       VisualStudioWellKnownOutputGroups
                   PropertyPageSchema
                       C:\Program Files\dotnet\sdk\8.0.424\\assemblyreference.xaml
                           Context = ;BrowseObject
                       C:\Program Files\dotnet\sdk\8.0.424\\COMReference.xaml
                           Context = ;BrowseObject
                       C:\Program Files\dotnet\sdk\8.0.424\\Content.xaml
                           Context = File;BrowseObject
                       C:\Program Files\dotnet\sdk\8.0.424\\CSharp.BrowseObject.xaml
                           Context = BrowseObject
                       C:\Program Files\dotnet\sdk\8.0.424\\CSharp.ProjectItemsSchema.xaml
                       C:\Program Files\dotnet\sdk\8.0.424\\CSharp.xaml
                           Context = File
                       C:\Program Files\dotnet\sdk\8.0.424\\Debugger_General.xaml
                           Context = Project
                       C:\Program Files\dotnet\sdk\8.0.424\\EmbeddedResource.xaml
                           Context = File;BrowseObject
                       C:\Program Files\dotnet\sdk\8.0.424\\Folder.xaml
                           Context = File;BrowseObject
                       C:\Program Files\dotnet\sdk\8.0.424\\General_File.xaml
                           Context = File
                       C:\Program Files\dotnet\sdk\8.0.424\\General.BrowseObject.xaml
                           Context = BrowseObject
                       C:\Program Files\dotnet\sdk\8.0.424\\General.xaml
                           Context = Project
                       C:\Program Files\dotnet\sdk\8.0.424\\None.xaml
                           Context = File;BrowseObject
                       C:\Program Files\dotnet\sdk\8.0.424\\ProjectItemsSchema.xaml
                       C:\Program Files\dotnet\sdk\8.0.424\\ProjectReference.xaml
                           Context = ;BrowseObject
                       C:\Program Files\dotnet\sdk\8.0.424\\ResolvedAssemblyReference.xaml
                           Context = ProjectSubscriptionService;BrowseObject
                       C:\Program Files\dotnet\sdk\8.0.424\\ResolvedCOMReference.xaml
                           Context = ProjectSubscriptionService;BrowseObject
                       C:\Program Files\dotnet\sdk\8.0.424\\ResolvedProjectReference.xaml
                           Context = ProjectSubscriptionService;BrowseObject
                       C:\Program Files\dotnet\sdk\8.0.424\\SCC.xaml
                           Context = Invisible
                       C:\Program Files\dotnet\sdk\8.0.424\\SpecialFolder.xaml
                           Context = File;ProjectSubscriptionService
                   RegFreeComManifest
                       obj\Debug\net8.0\FastDelete.Core.X.manifest
                   RuntimeHostConfigurationOption
                       System.Runtime.Serialization.EnableUnsafeBinaryFormatterSerialization
                           Value = false
                           Trim = true
                   SdkSupportedTargetPlatformIdentifier
                       android
                           DisplayName = Android
                       ios
                           DisplayName = iOS
                       maccatalyst
                           DisplayName = Mac Catalyst
                       macos
                           DisplayName = macOS
                       tvos
                           DisplayName = tvOS
                       windows
                           DisplayName = Windows
                   SourceLinkAzureReposGitHost
                       dev.azure.com
                       visualstudio.com
                       vsts.me
                   SourceLinkBitbucketGitHost
                       bitbucket.org
                           EnterpriseEdition = false
                   SourceLinkGitHubHost
                       github.com
                           ContentUrl = https://raw.githubusercontent.com
                   SourceLinkGitLabHost
                       gitlab.com
                   SupportedNETCoreAppTargetFramework
                       .NETCoreApp,Version=v1.0
                           DisplayName = .NET Core 1.0
                           Alias = netcoreapp1.0
                       .NETCoreApp,Version=v1.1
                           DisplayName = .NET Core 1.1
                           Alias = netcoreapp1.1
                       .NETCoreApp,Version=v2.0
                           DisplayName = .NET Core 2.0
                           Alias = netcoreapp2.0
                       .NETCoreApp,Version=v2.1
                           DisplayName = .NET Core 2.1
                           Alias = netcoreapp2.1
                       .NETCoreApp,Version=v2.2
                           DisplayName = .NET Core 2.2
                           Alias = netcoreapp2.2
                       .NETCoreApp,Version=v3.0
                           DisplayName = .NET Core 3.0
                           Alias = netcoreapp3.0
                       .NETCoreApp,Version=v3.1
                           DisplayName = .NET Core 3.1
                           Alias = netcoreapp3.1
                       .NETCoreApp,Version=v5.0
                           DisplayName = .NET 5.0
                           Alias = net5.0
                       .NETCoreApp,Version=v6.0
                           DisplayName = .NET 6.0
                           Alias = net6.0
                       .NETCoreApp,Version=v7.0
                           DisplayName = .NET 7.0
                           Alias = net7.0
                       .NETCoreApp,Version=v8.0
                           DisplayName = .NET 8.0
                           Alias = net8.0
                   SupportedNETFrameworkTargetFramework
                       .NETFramework,Version=v2.0
                           DisplayName = .NET Framework 2.0
                           Alias = net20
                       .NETFramework,Version=v3.0
                           DisplayName = .NET Framework 3.0
                           Alias = net30
                       .NETFramework,Version=v3.5
                           DisplayName = .NET Framework 3.5
                           Alias = net35
                       .NETFramework,Version=v4.0
                           DisplayName = .NET Framework 4.0
                           Alias = net40
                       .NETFramework,Version=v4.5
                           DisplayName = .NET Framework 4.5
                           Alias = net45
                       .NETFramework,Version=v4.5.1
                           DisplayName = .NET Framework 4.5.1
                           Alias = net451
                       .NETFramework,Version=v4.5.2
                           DisplayName = .NET Framework 4.5.2
                           Alias = net452
                       .NETFramework,Version=v4.6
                           DisplayName = .NET Framework 4.6
                           Alias = net46
                       .NETFramework,Version=v4.6.1
                           DisplayName = .NET Framework 4.6.1
                           Alias = net461
                       .NETFramework,Version=v4.6.2
                           DisplayName = .NET Framework 4.6.2
                           Alias = net462
                       .NETFramework,Version=v4.7
                           DisplayName = .NET Framework 4.7
                           Alias = net47
                       .NETFramework,Version=v4.7.1
                           DisplayName = .NET Framework 4.7.1
                           Alias = net471
                       .NETFramework,Version=v4.7.2
                           DisplayName = .NET Framework 4.7.2
                           Alias = net472
                       .NETFramework,Version=v4.8
                           DisplayName = .NET Framework 4.8
                           Alias = net48
                       .NETFramework,Version=v4.8.1
                           DisplayName = .NET Framework 4.8.1
                           Alias = net481
                   SupportedNETStandardTargetFramework
                       .NETStandard,Version=v1.0
                           DisplayName = .NET Standard 1.0
                           Alias = netstandard1.0
                       .NETStandard,Version=v1.1
                           DisplayName = .NET Standard 1.1
                           Alias = netstandard1.1
                       .NETStandard,Version=v1.2
                           DisplayName = .NET Standard 1.2
                           Alias = netstandard1.2
                       .NETStandard,Version=v1.3
                           DisplayName = .NET Standard 1.3
                           Alias = netstandard1.3
                       .NETStandard,Version=v1.4
                           DisplayName = .NET Standard 1.4
                           Alias = netstandard1.4
                       .NETStandard,Version=v1.5
                           DisplayName = .NET Standard 1.5
                           Alias = netstandard1.5
                       .NETStandard,Version=v1.6
                           DisplayName = .NET Standard 1.6
                           Alias = netstandard1.6
                       .NETStandard,Version=v2.0
                           DisplayName = .NET Standard 2.0
                           Alias = netstandard2.0
                       .NETStandard,Version=v2.1
                           DisplayName = .NET Standard 2.1
                           Alias = netstandard2.1
                   SupportedPlatform
                       Linux
                       macOS
                       Windows
                   SupportedTargetFramework
                       .NETCoreApp,Version=v1.0
                           DisplayName = .NET Core 1.0
                           Alias = netcoreapp1.0
                       .NETCoreApp,Version=v1.1
                           DisplayName = .NET Core 1.1
                           Alias = netcoreapp1.1
                       .NETCoreApp,Version=v2.0
                           DisplayName = .NET Core 2.0
                           Alias = netcoreapp2.0
                       .NETCoreApp,Version=v2.1
                           DisplayName = .NET Core 2.1
                           Alias = netcoreapp2.1
                       .NETCoreApp,Version=v2.2
                           DisplayName = .NET Core 2.2
                           Alias = netcoreapp2.2
                       .NETCoreApp,Version=v3.0
                           DisplayName = .NET Core 3.0
                           Alias = netcoreapp3.0
                       .NETCoreApp,Version=v3.1
                           DisplayName = .NET Core 3.1
                           Alias = netcoreapp3.1
                       .NETCoreApp,Version=v5.0
                           DisplayName = .NET 5.0
                           Alias = net5.0
                       .NETCoreApp,Version=v6.0
                           DisplayName = .NET 6.0
                           Alias = net6.0
                       .NETCoreApp,Version=v7.0
                           DisplayName = .NET 7.0
                           Alias = net7.0
                       .NETCoreApp,Version=v8.0
                           DisplayName = .NET 8.0
                           Alias = net8.0
                       .NETFramework,Version=v2.0
                           DisplayName = .NET Framework 2.0
                           Alias = net20
                       .NETFramework,Version=v3.0
                           DisplayName = .NET Framework 3.0
                           Alias = net30
                       .NETFramework,Version=v3.5
                           DisplayName = .NET Framework 3.5
                           Alias = net35
                       .NETFramework,Version=v4.0
                           DisplayName = .NET Framework 4.0
                           Alias = net40
                       .NETFramework,Version=v4.5
                           DisplayName = .NET Framework 4.5
                           Alias = net45
                       .NETFramework,Version=v4.5.1
                           DisplayName = .NET Framework 4.5.1
                           Alias = net451
                       .NETFramework,Version=v4.5.2
                           DisplayName = .NET Framework 4.5.2
                           Alias = net452
                       .NETFramework,Version=v4.6
                           DisplayName = .NET Framework 4.6
                           Alias = net46
                       .NETFramework,Version=v4.6.1
                           DisplayName = .NET Framework 4.6.1
                           Alias = net461
                       .NETFramework,Version=v4.6.2
                           DisplayName = .NET Framework 4.6.2
                           Alias = net462
                       .NETFramework,Version=v4.7
                           DisplayName = .NET Framework 4.7
                           Alias = net47
                       .NETFramework,Version=v4.7.1
                           DisplayName = .NET Framework 4.7.1
                           Alias = net471
                       .NETFramework,Version=v4.7.2
                           DisplayName = .NET Framework 4.7.2
                           Alias = net472
                       .NETFramework,Version=v4.8
                           DisplayName = .NET Framework 4.8
                           Alias = net48
                       .NETFramework,Version=v4.8.1
                           DisplayName = .NET Framework 4.8.1
                           Alias = net481
                       .NETStandard,Version=v1.0
                           DisplayName = .NET Standard 1.0
                           Alias = netstandard1.0
                       .NETStandard,Version=v1.1
                           DisplayName = .NET Standard 1.1
                           Alias = netstandard1.1
                       .NETStandard,Version=v1.2
                           DisplayName = .NET Standard 1.2
                           Alias = netstandard1.2
                       .NETStandard,Version=v1.3
                           DisplayName = .NET Standard 1.3
                           Alias = netstandard1.3
                       .NETStandard,Version=v1.4
                           DisplayName = .NET Standard 1.4
                           Alias = netstandard1.4
                       .NETStandard,Version=v1.5
                           DisplayName = .NET Standard 1.5
                           Alias = netstandard1.5
                       .NETStandard,Version=v1.6
                           DisplayName = .NET Standard 1.6
                           Alias = netstandard1.6
                       .NETStandard,Version=v2.0
                           DisplayName = .NET Standard 2.0
                           Alias = netstandard2.0
                       .NETStandard,Version=v2.1
                           DisplayName = .NET Standard 2.1
                           Alias = netstandard2.1
                   Using
                       System
                       System.Collections.Generic
                       System.IO
                       System.Linq
                       System.Net.Http
                       System.Threading
                       System.Threading.Tasks
                   WindowsSdkSupportedTargetPlatformVersion
                       10.0.17763.0
                           WindowsSdkPackageVersion = 10.0.17763.55
                           MinimumNETVersion = 6.0
                       10.0.17763.0
                           WindowsSdkPackageVersion = 10.0.17763.56
                           MinimumNETVersion = 8.0
                       10.0.17763.0
                           WindowsSdkPackageVersion = 10.0.17763.26
                           MinimumNETVersion = 5.0
                       10.0.18362.0
                           WindowsSdkPackageVersion = 10.0.18362.55
                           MinimumNETVersion = 6.0
                       10.0.18362.0
                           WindowsSdkPackageVersion = 10.0.18362.56
                           MinimumNETVersion = 8.0
                       10.0.18362.0
                           WindowsSdkPackageVersion = 10.0.18362.26
                           MinimumNETVersion = 5.0
                       10.0.19041.0
                           WindowsSdkPackageVersion = 10.0.19041.26
                           MinimumNETVersion = 5.0
                       10.0.19041.0
                           WindowsSdkPackageVersion = 10.0.19041.55
                           MinimumNETVersion = 6.0
                       10.0.19041.0
                           WindowsSdkPackageVersion = 10.0.19041.56
                           MinimumNETVersion = 8.0
                       10.0.20348.0
                           WindowsSdkPackageVersion = 10.0.20348.55
                           MinimumNETVersion = 6.0
                       10.0.20348.0
                           WindowsSdkPackageVersion = 10.0.20348.26
                           MinimumNETVersion = 5.0
                       10.0.20348.0
                           WindowsSdkPackageVersion = 10.0.20348.56
                           MinimumNETVersion = 8.0
                       10.0.22000.0
                           WindowsSdkPackageVersion = 10.0.22000.56
                           MinimumNETVersion = 8.0
                       10.0.22000.0
                           WindowsSdkPackageVersion = 10.0.22000.26
                           MinimumNETVersion = 5.0
                       10.0.22000.0
                           WindowsSdkPackageVersion = 10.0.22000.55
                           MinimumNETVersion = 6.0
                       10.0.22621.0
                           WindowsSdkPackageVersion = 10.0.22621.56
                           MinimumNETVersion = 8.0
                       10.0.22621.0
                           WindowsSdkPackageVersion = 10.0.22621.55
                           MinimumNETVersion = 6.0
                       10.0.26100.0
                           WindowsSdkPackageVersion = 10.0.26100.56
                           MinimumNETVersion = 8.0
                       10.0.26100.0
                           WindowsSdkPackageVersion = 10.0.26100.55
                           MinimumNETVersion = 6.0
                       7.0
                       8.0

23:01:22.492     1>Project "C:\Users\OdinLocal\Documents\Kimi\Workspaces\MediaOrganizer\FastDelete\src\FastDelete.Core\FastDelete.Core.csproj" (1) is building "C:\Users\OdinLocal\Documents\Kimi\Workspaces\MediaOrganizer\FastDelete\src\FastDelete.Core\FastDelete.Core.csproj" (1:2) on node 1 (_IsProjectRestoreSupported target(s)).
23:01:22.584   1:2>Target "_IsProjectRestoreSupported: (TargetId:4)" in file "C:\Program Files\dotnet\sdk\8.0.424\NuGet.targets" from project "C:\Users\OdinLocal\Documents\Kimi\Workspaces\MediaOrganizer\FastDelete\src\FastDelete.Core\FastDelete.Core.csproj" (entry point):
23:01:22.584   1:2>Added Item(s): _ValidProjectsForRestore=C:\Users\OdinLocal\Documents\Kimi\Workspaces\MediaOrganizer\FastDelete\src\FastDelete.Core\FastDelete.Core.csproj
23:01:22.585   1:2>Done building target "_IsProjectRestoreSupported" in project "FastDelete.Core.csproj".: (TargetId:4)
23:01:22.585   1:2>Done Building Project "C:\Users\OdinLocal\Documents\Kimi\Workspaces\MediaOrganizer\FastDelete\src\FastDelete.Core\FastDelete.Core.csproj" (_IsProjectRestoreSupported target(s)).
23:01:22.516     1>_FilterRestoreGraphProjectInputItems: (TargetId:3)
                     Output Item(s): 
                         FilteredRestoreGraphProjectInputItems=
                             C:\Users\OdinLocal\Documents\Kimi\Workspaces\MediaOrganizer\FastDelete\src\FastDelete.Core\FastDelete.Core.csproj
                                     MSBuildSourceProjectFile=C:\Users\OdinLocal\Documents\Kimi\Workspaces\MediaOrganizer\FastDelete\src\FastDelete.Core\FastDelete.Core.csproj
                                     MSBuildSourceTargetName=_IsProjectRestoreSupported
                                     OriginalItemSpec=C:\Users\OdinLocal\Documents\Kimi\Workspaces\MediaOrganizer\FastDelete\src\FastDelete.Core\FastDelete.Core.csproj (TaskId:3)
                   Done executing task "MSBuild". (TaskId:3)
                   Task "MSBuild" skipped, due to false condition; ( '$(RestoreUseSkipNonexistentTargets)' != 'true' ) was evaluated as ( 'true' != 'true' ).
                   Assembly loaded during TaskRun: NuGet.Build.Tasks, Version=6.11.2.1, Culture=neutral, PublicKeyToken=31bf3856ad364e35 (location: C:\Program Files\dotnet\sdk\8.0.424\NuGet.Build.Tasks.dll, MVID: 3f3a6e89-b56d-43da-8480-71aeb94f0e02, AssemblyLoadContext: MSBuild plugin C:\Program Files\dotnet\sdk\8.0.424\NuGet.Build.Tasks.dll)
                   Assembly loaded during TaskRun: NuGet.Common, Version=6.11.2.1, Culture=neutral, PublicKeyToken=31bf3856ad364e35 (location: C:\Program Files\dotnet\sdk\8.0.424\NuGet.Common.dll, MVID: 15376c23-a43e-4971-b931-008e4d673049, AssemblyLoadContext: MSBuild plugin C:\Program Files\dotnet\sdk\8.0.424\NuGet.Build.Tasks.dll)
                   Assembly loaded during TaskRun: NuGet.Commands, Version=6.11.2.1, Culture=neutral, PublicKeyToken=31bf3856ad364e35 (location: C:\Program Files\dotnet\sdk\8.0.424\NuGet.Commands.dll, MVID: ff044f7d-8bd9-4bc1-89f4-801a22469c8a, AssemblyLoadContext: MSBuild plugin C:\Program Files\dotnet\sdk\8.0.424\NuGet.Build.Tasks.dll)
                   Assembly loaded during TaskRun: NuGet.ProjectModel, Version=6.11.2.1, Culture=neutral, PublicKeyToken=31bf3856ad364e35 (location: C:\Program Files\dotnet\sdk\8.0.424\NuGet.ProjectModel.dll, MVID: 755a1321-399c-4749-8017-d641fe1d10e2, AssemblyLoadContext: MSBuild plugin C:\Program Files\dotnet\sdk\8.0.424\NuGet.Build.Tasks.dll)
                   Using "WarnForInvalidProjectsTask" task from assembly "C:\Program Files\dotnet\sdk\8.0.424\NuGet.Build.Tasks.dll".
                   Task "WarnForInvalidProjectsTask" (TaskId:4)
                     Task Parameter:AllProjects=C:\Users\OdinLocal\Documents\Kimi\Workspaces\MediaOrganizer\FastDelete\src\FastDelete.Core\FastDelete.Core.csproj (TaskId:4)
                     Task Parameter:
                         ValidProjects=
                             C:\Users\OdinLocal\Documents\Kimi\Workspaces\MediaOrganizer\FastDelete\src\FastDelete.Core\FastDelete.Core.csproj
                                     MSBuildSourceProjectFile=C:\Users\OdinLocal\Documents\Kimi\Workspaces\MediaOrganizer\FastDelete\src\FastDelete.Core\FastDelete.Core.csproj
                                     MSBuildSourceTargetName=_IsProjectRestoreSupported
                                     OriginalItemSpec=C:\Users\OdinLocal\Documents\Kimi\Workspaces\MediaOrganizer\FastDelete\src\FastDelete.Core\FastDelete.Core.csproj (TaskId:4)
                   Done executing task "WarnForInvalidProjectsTask". (TaskId:4)
23:01:22.617     1>Done building target "_FilterRestoreGraphProjectInputItems" in project "FastDelete.Core.csproj".: (TargetId:3)
                   Target "_FilterRestoreGraphProjectInputItems" skipped. Previously built successfully.
23:01:22.617     1>Target "_GetAllRestoreProjectPathItems: (TargetId:5)" in file "C:\Program Files\dotnet\sdk\8.0.424\NuGet.targets" from project "C:\Users\OdinLocal\Documents\Kimi\Workspaces\MediaOrganizer\FastDelete\src\FastDelete.Core\FastDelete.Core.csproj" (target "_GenerateRestoreGraph" depends on it):
                   Using "NuGetMessageTask" task from assembly "C:\Program Files\dotnet\sdk\8.0.424\NuGet.Build.Tasks.dll".
                   Task "NuGetMessageTask" (TaskId:5)
                     Task Parameter:Name=DeterminingProjectsToRestore (TaskId:5)
                     Task Parameter:Importance=High (TaskId:5)
                     Determining projects to restore... (TaskId:5)
                   Done executing task "NuGetMessageTask". (TaskId:5)
                   Task "MSBuild" (TaskId:6)
                     Task Parameter:Properties=ExcludeRestorePackageImports=true (TaskId:6)
                     Task Parameter:SkipNonexistentProjects=true (TaskId:6)
                     Task Parameter:BuildInParallel=True (TaskId:6)
                     Task Parameter:SkipNonexistentTargets=True (TaskId:6)
                     Task Parameter:
                         Projects=
                             C:\Users\OdinLocal\Documents\Kimi\Workspaces\MediaOrganizer\FastDelete\src\FastDelete.Core\FastDelete.Core.csproj
                                     MSBuildSourceProjectFile=C:\Users\OdinLocal\Documents\Kimi\Workspaces\MediaOrganizer\FastDelete\src\FastDelete.Core\FastDelete.Core.csproj
                                     MSBuildSourceTargetName=_IsProjectRestoreSupported
                                     OriginalItemSpec=C:\Users\OdinLocal\Documents\Kimi\Workspaces\MediaOrganizer\FastDelete\src\FastDelete.Core\FastDelete.Core.csproj (TaskId:6)
                     Task Parameter:Targets=_GenerateRestoreProjectPathWalk (TaskId:6)
                     Global Properties: (TaskId:6)
                       ExcludeRestorePackageImports=true (TaskId:6)
23:01:22.492     1>Project "C:\Users\OdinLocal\Documents\Kimi\Workspaces\MediaOrganizer\FastDelete\src\FastDelete.Core\FastDelete.Core.csproj" (1) is building "C:\Users\OdinLocal\Documents\Kimi\Workspaces\MediaOrganizer\FastDelete\src\FastDelete.Core\FastDelete.Core.csproj" (1:3) on node 1 (_GenerateRestoreProjectPathWalk target(s)).
23:01:22.623   1:3>Target "_GenerateRestoreProjectPathItemsAllFrameworks" skipped, due to false condition; ( '$(TargetFrameworks)' != '' ) was evaluated as ( '' != '' ).
23:01:22.623   1:3>Target "_GenerateRestoreProjectPathItemsPerFramework: (TargetId:6)" in file "C:\Program Files\dotnet\sdk\8.0.424\NuGet.targets" from project "C:\Users\OdinLocal\Documents\Kimi\Workspaces\MediaOrganizer\FastDelete\src\FastDelete.Core\FastDelete.Core.csproj" (target "_GenerateRestoreProjectPathItemsCurrentProject" depends on it):
                   Using "ConvertToAbsolutePath" task from assembly "Microsoft.Build.Tasks.Core, Version=15.1.0.0, Culture=neutral, PublicKeyToken=b03f5f7f11d50a3a".
                   Task "ConvertToAbsolutePath" (TaskId:7)
                     Output Property: _RestoreGraphAbsoluteProjectPaths= (TaskId:7)
                   Done executing task "ConvertToAbsolutePath". (TaskId:7)
23:01:22.624   1:3>Done building target "_GenerateRestoreProjectPathItemsPerFramework" in project "FastDelete.Core.csproj".: (TargetId:6)
23:01:22.624   1:3>Target "_GenerateRestoreProjectPathItemsCurrentProject: (TargetId:7)" in file "C:\Program Files\dotnet\sdk\8.0.424\NuGet.targets" from project "C:\Users\OdinLocal\Documents\Kimi\Workspaces\MediaOrganizer\FastDelete\src\FastDelete.Core\FastDelete.Core.csproj" (target "_GenerateRestoreProjectPathItems" depends on it):
23:01:22.624   1:3>Done building target "_GenerateRestoreProjectPathItemsCurrentProject" in project "FastDelete.Core.csproj".: (TargetId:7)
23:01:22.624   1:3>Target "_GenerateRestoreProjectPathItems: (TargetId:8)" in file "C:\Program Files\dotnet\sdk\8.0.424\NuGet.targets" from project "C:\Users\OdinLocal\Documents\Kimi\Workspaces\MediaOrganizer\FastDelete\src\FastDelete.Core\FastDelete.Core.csproj" (target "_GenerateRestoreProjectPathWalk" depends on it):
                   Task "RemoveDuplicates" (TaskId:8)
                   Done executing task "RemoveDuplicates". (TaskId:8)
23:01:22.625   1:3>Done building target "_GenerateRestoreProjectPathItems" in project "FastDelete.Core.csproj".: (TargetId:8)
23:01:22.625   1:3>Target "_GenerateRestoreProjectPathWalk: (TargetId:9)" in file "C:\Program Files\dotnet\sdk\8.0.424\NuGet.targets" from project "C:\Users\OdinLocal\Documents\Kimi\Workspaces\MediaOrganizer\FastDelete\src\FastDelete.Core\FastDelete.Core.csproj" (entry point):
                   Task "MSBuild" (TaskId:9)
                     Task Parameter:Properties=ExcludeRestorePackageImports=true (TaskId:9)
                     Task Parameter:SkipNonexistentProjects=true (TaskId:9)
                     Task Parameter:BuildInParallel=True (TaskId:9)
                     Task Parameter:SkipNonexistentTargets=True (TaskId:9)
                     Task Parameter:Targets=_GenerateRestoreProjectPathWalk (TaskId:9)
                   Done executing task "MSBuild". (TaskId:9)
                   Task "MSBuild" skipped, due to false condition; ( '$(RestoreUseSkipNonexistentTargets)' != 'true' ) was evaluated as ( 'true' != 'true' ).
                   Added Item(s): _GenerateRestoreProjectPathWalkOutputs=C:\Users\OdinLocal\Documents\Kimi\Workspaces\MediaOrganizer\FastDelete\src\FastDelete.Core\FastDelete.Core.csproj
                   Task "RemoveDuplicates" (TaskId:10)
                     Output Item(s): _RestoreProjectPathItems=C:\Users\OdinLocal\Documents\Kimi\Workspaces\MediaOrganizer\FastDelete\src\FastDelete.Core\FastDelete.Core.csproj (TaskId:10)
                   Done executing task "RemoveDuplicates". (TaskId:10)
23:01:22.627   1:3>Done building target "_GenerateRestoreProjectPathWalk" in project "FastDelete.Core.csproj".: (TargetId:9)
23:01:22.627   1:3>Done Building Project "C:\Users\OdinLocal\Documents\Kimi\Workspaces\MediaOrganizer\FastDelete\src\FastDelete.Core\FastDelete.Core.csproj" (_GenerateRestoreProjectPathWalk target(s)).
23:01:22.617     1>_GetAllRestoreProjectPathItems: (TargetId:5)
                     Output Item(s): 
                         _RestoreProjectPathItemsOutputs=
                             C:\Users\OdinLocal\Documents\Kimi\Workspaces\MediaOrganizer\FastDelete\src\FastDelete.Core\FastDelete.Core.csproj
                                     MSBuildSourceProjectFile=C:\Users\OdinLocal\Documents\Kimi\Workspaces\MediaOrganizer\FastDelete\src\FastDelete.Core\FastDelete.Core.csproj
                                     MSBuildSourceTargetName=_IsProjectRestoreSupported
                                     OriginalItemSpec=C:\Users\OdinLocal\Documents\Kimi\Workspaces\MediaOrganizer\FastDelete\src\FastDelete.Core\FastDelete.Core.csproj (TaskId:6)
                   Done executing task "MSBuild". (TaskId:6)
                   Task "MSBuild" skipped, due to false condition; ( '$(RestoreUseSkipNonexistentTargets)' != 'true' ) was evaluated as ( 'true' != 'true' ).
                   Task "RemoveDuplicates" (TaskId:11)
                     Output Item(s): 
                         _RestoreProjectPathItemsWithoutDupes=
                             C:\Users\OdinLocal\Documents\Kimi\Workspaces\MediaOrganizer\FastDelete\src\FastDelete.Core\FastDelete.Core.csproj (TaskId:11)
                   Done executing task "RemoveDuplicates". (TaskId:11)
                   Task "MSBuild" (TaskId:12)
                     Task Parameter:Properties=ExcludeRestorePackageImports=true (TaskId:12)
                     Task Parameter:SkipNonexistentProjects=true (TaskId:12)
                     Task Parameter:BuildInParallel=True (TaskId:12)
                     Task Parameter:SkipNonexistentTargets=True (TaskId:12)
                     Task Parameter:
                         Projects=
                             C:\Users\OdinLocal\Documents\Kimi\Workspaces\MediaOrganizer\FastDelete\src\FastDelete.Core\FastDelete.Core.csproj
                                     MSBuildSourceProjectFile=C:\Users\OdinLocal\Documents\Kimi\Workspaces\MediaOrganizer\FastDelete\src\FastDelete.Core\FastDelete.Core.csproj
                                     MSBuildSourceTargetName=_IsProjectRestoreSupported
                                     OriginalItemSpec=C:\Users\OdinLocal\Documents\Kimi\Workspaces\MediaOrganizer\FastDelete\src\FastDelete.Core\FastDelete.Core.csproj (TaskId:12)
                     Task Parameter:Targets=_IsProjectRestoreSupported (TaskId:12)
                     Global Properties: (TaskId:12)
                       ExcludeRestorePackageImports=true (TaskId:12)
23:01:22.492     1>Project "C:\Users\OdinLocal\Documents\Kimi\Workspaces\MediaOrganizer\FastDelete\src\FastDelete.Core\FastDelete.Core.csproj" (1) is building "C:\Users\OdinLocal\Documents\Kimi\Workspaces\MediaOrganizer\FastDelete\src\FastDelete.Core\FastDelete.Core.csproj" (1:4) on node 1 (_IsProjectRestoreSupported target(s)).
23:01:22.631   1:4>Target "_IsProjectRestoreSupported" skipped. Previously built successfully.
23:01:22.631   1:4>Done Building Project "C:\Users\OdinLocal\Documents\Kimi\Workspaces\MediaOrganizer\FastDelete\src\FastDelete.Core\FastDelete.Core.csproj" (_IsProjectRestoreSupported target(s)).
23:01:22.617     1>_GetAllRestoreProjectPathItems: (TargetId:5)
                     Output Item(s): 
                         _RestoreProjectPathItems=
                             C:\Users\OdinLocal\Documents\Kimi\Workspaces\MediaOrganizer\FastDelete\src\FastDelete.Core\FastDelete.Core.csproj
                                     MSBuildSourceProjectFile=C:\Users\OdinLocal\Documents\Kimi\Workspaces\MediaOrganizer\FastDelete\src\FastDelete.Core\FastDelete.Core.csproj
                                     MSBuildSourceTargetName=_IsProjectRestoreSupported
                                     OriginalItemSpec=C:\Users\OdinLocal\Documents\Kimi\Workspaces\MediaOrganizer\FastDelete\src\FastDelete.Core\FastDelete.Core.csproj (TaskId:12)
                   Done executing task "MSBuild". (TaskId:12)
                   Task "MSBuild" skipped, due to false condition; ( '$(RestoreUseSkipNonexistentTargets)' != 'true' ) was evaluated as ( 'true' != 'true' ).
23:01:22.631     1>Done building target "_GetAllRestoreProjectPathItems" in project "FastDelete.Core.csproj".: (TargetId:5)
23:01:22.631     1>Target "_GenerateRestoreGraph: (TargetId:10)" in file "C:\Program Files\dotnet\sdk\8.0.424\NuGet.targets" from project "C:\Users\OdinLocal\Documents\Kimi\Workspaces\MediaOrganizer\FastDelete\src\FastDelete.Core\FastDelete.Core.csproj" (target "Restore" depends on it):
                   Using "Message" task from assembly "Microsoft.Build.Tasks.Core, Version=15.1.0.0, Culture=neutral, PublicKeyToken=b03f5f7f11d50a3a".
                   Task "Message" (TaskId:13)
                     Task Parameter:Text=Generating dg file (TaskId:13)
                     Task Parameter:Importance=low (TaskId:13)
                     Generating dg file (TaskId:13)
                   Done executing task "Message". (TaskId:13)
                   Task "Message" (TaskId:14)
                     Task Parameter:Text=C:\Users\OdinLocal\Documents\Kimi\Workspaces\MediaOrganizer\FastDelete\src\FastDelete.Core\FastDelete.Core.csproj (TaskId:14)
                     Task Parameter:Importance=low (TaskId:14)
                     C:\Users\OdinLocal\Documents\Kimi\Workspaces\MediaOrganizer\FastDelete\src\FastDelete.Core\FastDelete.Core.csproj (TaskId:14)
                   Done executing task "Message". (TaskId:14)
                   Added Item(s): 
                       _GenerateRestoreGraphProjectEntryInput=
                           C:\Users\OdinLocal\Documents\Kimi\Workspaces\MediaOrganizer\FastDelete\src\FastDelete.Core\FastDelete.Core.csproj
                                   MSBuildSourceProjectFile=C:\Users\OdinLocal\Documents\Kimi\Workspaces\MediaOrganizer\FastDelete\src\FastDelete.Core\FastDelete.Core.csproj
                                   MSBuildSourceTargetName=_IsProjectRestoreSupported
                                   OriginalItemSpec=C:\Users\OdinLocal\Documents\Kimi\Workspaces\MediaOrganizer\FastDelete\src\FastDelete.Core\FastDelete.Core.csproj
                   Task "MSBuild" (TaskId:15)
                     Task Parameter:Properties=ExcludeRestorePackageImports=true (TaskId:15)
                     Task Parameter:BuildInParallel=True (TaskId:15)
                     Task Parameter:
                         Projects=
                             C:\Users\OdinLocal\Documents\Kimi\Workspaces\MediaOrganizer\FastDelete\src\FastDelete.Core\FastDelete.Core.csproj
                                     MSBuildSourceProjectFile=C:\Users\OdinLocal\Documents\Kimi\Workspaces\MediaOrganizer\FastDelete\src\FastDelete.Core\FastDelete.Core.csproj
                                     MSBuildSourceTargetName=_IsProjectRestoreSupported
                                     OriginalItemSpec=C:\Users\OdinLocal\Documents\Kimi\Workspaces\MediaOrganizer\FastDelete\src\FastDelete.Core\FastDelete.Core.csproj (TaskId:15)
                     Task Parameter:Targets=_GenerateRestoreGraphProjectEntry (TaskId:15)
                     Global Properties: (TaskId:15)
                       ExcludeRestorePackageImports=true (TaskId:15)
23:01:22.492     1>Project "C:\Users\OdinLocal\Documents\Kimi\Workspaces\MediaOrganizer\FastDelete\src\FastDelete.Core\FastDelete.Core.csproj" (1) is building "C:\Users\OdinLocal\Documents\Kimi\Workspaces\MediaOrganizer\FastDelete\src\FastDelete.Core\FastDelete.Core.csproj" (1:5) on node 1 (_GenerateRestoreGraphProjectEntry target(s)).
23:01:22.635   1:5>Target "_GetProjectJsonPath: (TargetId:11)" in file "C:\Program Files\dotnet\sdk\8.0.424\NuGet.targets" from project "C:\Users\OdinLocal\Documents\Kimi\Workspaces\MediaOrganizer\FastDelete\src\FastDelete.Core\FastDelete.Core.csproj" (target "_GetRestoreProjectStyle" depends on it):
23:01:22.635   1:5>Task "GetRestoreProjectJsonPathTask" skipped, due to false condition; ( '$(RestoreProjectStyle)' == 'ProjectJson' OR '$(RestoreProjectStyle)' == '' ) was evaluated as ( 'PackageReference' == 'ProjectJson' OR 'PackageReference' == '' ).
23:01:22.635   1:5>Done building target "_GetProjectJsonPath" in project "FastDelete.Core.csproj".: (TargetId:11)
                   Target "_CheckForUnsupportedTargetPlatformIdentifier" skipped, due to false condition; ('$(TargetPlatformIdentifier)' != '' and '$(TargetFrameworkIdentifier)' == '.NETCoreApp' and $([MSBuild]::VersionGreaterThanOrEquals($(TargetFrameworkVersion), 5.0)) And ('$(DesignTimeBuild)' != 'true' Or '@(MissingWorkloadPack)' == '')) was evaluated as ('' != '' and '.NETCoreApp' == '.NETCoreApp' and True And ('' != 'true' Or '' == '')).
                   Target "_CheckForMissingWorkload" skipped, due to false condition; ('@(MissingWorkloadPack)' != '' And '$(DesignTimeBuild)' != 'true') was evaluated as ('' != '' And '' != 'true').
23:01:22.635   1:5>Target "_CheckForUnsupportedNETCoreVersion: (TargetId:12)" in file "C:\Program Files\dotnet\sdk\8.0.424\Sdks\Microsoft.NET.Sdk\targets\Microsoft.NET.TargetFrameworkInference.targets" from project "C:\Users\OdinLocal\Documents\Kimi\Workspaces\MediaOrganizer\FastDelete\src\FastDelete.Core\FastDelete.Core.csproj" (target "CollectPackageReferences" depends on it):
                   Task "NETSdkError" skipped, due to false condition; ('$(_TargetFrameworkVersionWithoutV)' > '$(NETCoreAppMaximumVersion)' and '$(DisplayVSMessage)' != 'true') was evaluated as ('8.0' > '8.0' and '' != 'true').
                   Task "NETSdkError" skipped, due to false condition; ('$(DisplayVSMessage)' == 'true') was evaluated as ('' == 'true').
23:01:22.635   1:5>Done building target "_CheckForUnsupportedNETCoreVersion" in project "FastDelete.Core.csproj".: (TargetId:12)
                   Target "_CheckForEolTargetFrameworks" skipped, due to false condition; ('@(_EolNetCoreTargetFrameworkVersions->AnyHaveMetadataValue('Identity', '$(_TargetFrameworkVersionWithoutV)'))' and '$(TargetFrameworkIdentifier)' == '.NETCoreApp' and '$(CheckEolTargetFramework)' == 'true') was evaluated as ('false' and '.NETCoreApp' == '.NETCoreApp' and '' == 'true').
                   Target "_CheckForEolWorkloads" skipped, due to false condition; ('@(EolWorkload)' != '' and '$(CheckEolWorkloads)' == 'true') was evaluated as ('' != '' and 'true' == 'true').
23:01:22.636   1:5>Target "_CheckForUnsupportedCppNETCoreVersion: (TargetId:13)" in file "C:\Program Files\dotnet\sdk\8.0.424\Sdks\Microsoft.NET.Sdk\targets\Microsoft.NET.TargetFrameworkInference.targets" from project "C:\Users\OdinLocal\Documents\Kimi\Workspaces\MediaOrganizer\FastDelete\src\FastDelete.Core\FastDelete.Core.csproj" (target "CollectPackageReferences" depends on it):
                   Task "NETSdkError" skipped, due to false condition; ('$(TargetFrameworkIdentifier)' == '.NETCoreApp' and '$(_TargetFrameworkVersionWithoutV)' < '3.1' and ('$(Language)' == 'C++' and '$(_EnablePackageReferencesInVCProjects)' != 'true')) was evaluated as ('.NETCoreApp' == '.NETCoreApp' and '8.0' < '3.1' and ('C#' == 'C++' and '' != 'true')).
23:01:22.636   1:5>Done building target "_CheckForUnsupportedCppNETCoreVersion" in project "FastDelete.Core.csproj".: (TargetId:13)
                   Target "_CheckForUnsupportedNETStandardVersion" skipped, due to false condition; ('$(TargetFrameworkIdentifier)' == '.NETStandard' And '$(NETStandardMaximumVersion)' != '') was evaluated as ('.NETCoreApp' == '.NETStandard' And '' != '').
                   Target "_CheckForUnsupportedTargetFrameworkAndFeatureCombination" skipped, due to false condition; ('$(TargetFrameworkIdentifier)' == '.NETFramework') was evaluated as ('.NETCoreApp' == '.NETFramework').
                   Target "ApplyImplicitVersions" skipped, due to false condition; ('@(PackageReference)' != '') was evaluated as ('' != '').
                   Target "IncludeTargetingPackReference" skipped, due to false condition; ('$(TargetFrameworkMoniker)' != '' and '$(TargetFrameworkIdentifier)' == '.NETFramework' and '$(AutomaticallyUseReferenceAssemblyPackages)' == 'true') was evaluated as ('.NETCoreApp,Version=v8.0' != '' and '.NETCoreApp' == '.NETFramework' and 'true' == 'true').
23:01:22.636   1:5>Target "CheckForImplicitPackageReferenceOverrides: (TargetId:14)" in file "C:\Program Files\dotnet\sdk\8.0.424\Sdks\Microsoft.NET.Sdk\targets\Microsoft.NET.Sdk.DefaultItems.Shared.targets" from project "C:\Users\OdinLocal\Documents\Kimi\Workspaces\MediaOrganizer\FastDelete\src\FastDelete.Core\FastDelete.Core.csproj" (target "CollectPackageReferences" depends on it):
                   Set Property: ImplicitPackageReferenceInformationLink=https://aka.ms/sdkimplicitrefs
                   Using "CheckForImplicitPackageReferenceOverrides" task from assembly "C:\Program Files\dotnet\sdk\8.0.424\Sdks\Microsoft.NET.Sdk\targets\..\tools\net8.0\Microsoft.NET.Build.Tasks.dll".
                   Task "CheckForImplicitPackageReferenceOverrides" (TaskId:16)
                     Task Parameter:MoreInformationLink=https://aka.ms/sdkimplicitrefs (TaskId:16)
                   Done executing task "CheckForImplicitPackageReferenceOverrides". (TaskId:16)
23:01:22.644   1:5>Done building target "CheckForImplicitPackageReferenceOverrides" in project "FastDelete.Core.csproj".: (TargetId:14)
                   Target "AddWindowsSdkKnownFrameworkReferences" skipped, due to false condition; ('$(TargetFrameworkIdentifier)' == '.NETCoreApp' And '$(TargetPlatformIdentifier)' == 'Windows') was evaluated as ('.NETCoreApp' == '.NETCoreApp' And '' == 'Windows').
                   Target "_NormalizeTargetPlatformVersion" skipped, due to false condition; ('$(TargetPlatformVersion)' != '' and '$(TargetFrameworkIdentifier)' == '.NETCoreApp' and $([MSBuild]::VersionGreaterThanOrEquals($(TargetFrameworkVersion), 5.0)) and ('$(Language)' != 'C++' or '$(_EnablePackageReferencesInVCProjects)' == 'true')) was evaluated as ('' != '' and '.NETCoreApp' == '.NETCoreApp' and True and ('C#' != 'C++' or '' == 'true')).
23:01:22.644   1:5>Target "_CheckForLanguageAndFeatureCombinationSupport: (TargetId:15)" in file "C:\Program Files\dotnet\sdk\8.0.424\Sdks\Microsoft.NET.Sdk\targets\Microsoft.NET.RuntimeIdentifierInference.targets" from project "C:\Users\OdinLocal\Documents\Kimi\Workspaces\MediaOrganizer\FastDelete\src\FastDelete.Core\FastDelete.Core.csproj" (target "ProcessFrameworkReferences" depends on it):
                   Task "NETSdkError" skipped, due to false condition; (('$(Language)' == 'C++' and '$(_EnablePackageReferencesInVCProjects)' != 'true') and $(OutputType) != 'library' and '$(TargetFrameworkIdentifier)' == '.NETCoreApp') was evaluated as (('C#' == 'C++' and '' != 'true') and Library != 'library' and '.NETCoreApp' == '.NETCoreApp').
                   Task "NETSdkError" skipped, due to false condition; (('$(Language)' == 'C++' and '$(_EnablePackageReferencesInVCProjects)' != 'true') and $(EnableComHosting) == 'true') was evaluated as (('C#' == 'C++' and '' != 'true') and  == 'true').
                   Task "NETSdkError" skipped, due to false condition; (('$(Language)' == 'C++' and '$(_EnablePackageReferencesInVCProjects)' != 'true') and $(SelfContained) == 'true') was evaluated as (('C#' == 'C++' and '' != 'true') and  == 'true').
23:01:22.644   1:5>Done building target "_CheckForLanguageAndFeatureCombinationSupport" in project "FastDelete.Core.csproj".: (TargetId:15)
                   Target "ApplyImplicitVersions" skipped, due to false condition; ('@(PackageReference)' != '') was evaluated as ('' != '').
23:01:22.644   1:5>Target "_ComputeToolPackInputsToProcessFrameworkReferences: (TargetId:16)" in file "C:\Program Files\dotnet\sdk\8.0.424\Sdks\Microsoft.NET.Sdk\targets\Microsoft.NET.Publish.targets" from project "C:\Users\OdinLocal\Documents\Kimi\Workspaces\MediaOrganizer\FastDelete\src\FastDelete.Core\FastDelete.Core.csproj" (target "ProcessFrameworkReferences" depends on it):
                   Set Property: _RequiresILLinkPack=false
                   Set Property: _FirstTargetFrameworkToSupportTrimming=net6.0
                   Set Property: _FirstTargetFrameworkToSupportAot=net7.0
                   Set Property: _FirstTargetFrameworkToSupportSingleFile=net6.0
                   Set Property: _MinNonEolTargetFrameworkForTrimming=net8.0
                   Set Property: _MinNonEolTargetFrameworkForSingleFile=net8.0
                   Set Property: _MinNonEolTargetFrameworkForAot=net8.0
23:01:22.651   1:5>Done building target "_ComputeToolPackInputsToProcessFrameworkReferences" in project "FastDelete.Core.csproj".: (TargetId:16)
23:01:22.651   1:5>Target "ProcessFrameworkReferences: (TargetId:17)" in file "C:\Program Files\dotnet\sdk\8.0.424\Sdks\Microsoft.NET.Sdk\targets\Microsoft.NET.Sdk.FrameworkReferenceResolution.targets" from project "C:\Users\OdinLocal\Documents\Kimi\Workspaces\MediaOrganizer\FastDelete\src\FastDelete.Core\FastDelete.Core.csproj" (target "CollectPackageReferences" depends on it):
                   Using "CheckForDuplicateFrameworkReferences" task from assembly "C:\Program Files\dotnet\sdk\8.0.424\Sdks\Microsoft.NET.Sdk\targets\..\tools\net8.0\Microsoft.NET.Build.Tasks.dll".
                   Task "CheckForDuplicateFrameworkReferences" (TaskId:17)
                     Task Parameter:
                         FrameworkReferences=
                             Microsoft.NETCore.App
                                     IsImplicitlyDefined=true
                                     Pack=false
                                     PrivateAssets=All (TaskId:17)
                     Task Parameter:MoreInformationLink=https://aka.ms/sdkimplicitrefs (TaskId:17)
                   Done executing task "CheckForDuplicateFrameworkReferences". (TaskId:17)
                   Set Property: EnableTargetingPackDownload=true
                   Set Property: EnableRuntimePackDownload=true
                   Using "ProcessFrameworkReferences" task from assembly "C:\Program Files\dotnet\sdk\8.0.424\Sdks\Microsoft.NET.Sdk\targets\..\tools\net8.0\Microsoft.NET.Build.Tasks.dll".
                   Task "ProcessFrameworkReferences" (TaskId:18)
                     Task Parameter:NetCoreRoot=C:\Program Files\dotnet\ (TaskId:18)
                     Task Parameter:TargetLatestRuntimePatchIsDefault=True (TaskId:18)
                     Task Parameter:NETCoreSdkVersion=8.0.424 (TaskId:18)
                     Task Parameter:
                         KnownWebAssemblySdkPacks=
                             Microsoft.NET.Sdk.WebAssembly.Pack
                                     TargetFramework=net8.0
                                     WebAssemblySdkPackVersion=8.0.30
                             Microsoft.NET.Sdk.WebAssembly.Pack
                                     TargetFramework=net7.0
                                     WebAssemblySdkPackVersion=8.0.30
                             Microsoft.NET.Sdk.WebAssembly.Pack
                                     TargetFramework=net6.0
                                     WebAssemblySdkPackVersion=8.0.30 (TaskId:18)
                     Task Parameter:EnableRuntimePackDownload=True (TaskId:18)
                     Task Parameter:
                         FrameworkReferences=
                             Microsoft.NETCore.App
                                     IsImplicitlyDefined=true
                                     Pack=false
                                     PrivateAssets=All (TaskId:18)
                     Task Parameter:
                         KnownILCompilerPacks=
                             Microsoft.DotNet.ILCompiler
                                     ILCompilerPackNamePattern=runtime.**RID**.Microsoft.DotNet.ILCompiler
                                     ILCompilerPackVersion=8.0.30
                                     ILCompilerRuntimeIdentifiers=linux-arm64;linux-musl-arm64;linux-musl-x64;linux-x64;win-arm64;win-x64;osx-x64;osx-arm64
                                     TargetFramework=net8.0
                             Microsoft.DotNet.ILCompiler
                                     ILCompilerPackNamePattern=runtime.**RID**.Microsoft.DotNet.ILCompiler
                                     ILCompilerPackVersion=7.0.20
                                     ILCompilerRuntimeIdentifiers=linux-arm64;linux-musl-arm64;linux-musl-x64;linux-x64;win-arm64;win-x64
                                     TargetFramework=net7.0 (TaskId:18)
                     Task Parameter:EnableTargetingPackDownload=True (TaskId:18)
                     Task Parameter:RuntimeGraphPath=C:\Program Files\dotnet\sdk\8.0.424/PortableRuntimeIdentifierGraph.json (TaskId:18)
                     Task Parameter:MinNonEolTargetFrameworkForSingleFile=net8.0 (TaskId:18)
                     Task Parameter:TargetFrameworkIdentifier=.NETCoreApp (TaskId:18)
                     Task Parameter:NETCoreSdkRuntimeIdentifier=win-x64 (TaskId:18)
                     Task Parameter:
                         KnownCrossgen2Packs=
                             Microsoft.NETCore.App.Crossgen2
                                     Crossgen2PackNamePattern=Microsoft.NETCore.App.Crossgen2.**RID**
                                     Crossgen2PackVersion=8.0.30
                                     Crossgen2RuntimeIdentifiers=linux-musl-x64;linux-x64;win-x64;linux-arm;linux-arm64;linux-musl-arm;linux-musl-arm64;osx-arm64;osx-x64;win-arm64;win-x86
                                     TargetFramework=net8.0
                             Microsoft.NETCore.App.Crossgen2
                                     Crossgen2PackNamePattern=Microsoft.NETCore.App.Crossgen2.**RID**
                                     Crossgen2PackVersion=7.0.20
                                     Crossgen2RuntimeIdentifiers=linux-musl-x64;linux-x64;win-x64;linux-arm;linux-arm64;linux-musl-arm;linux-musl-arm64;osx-arm64;osx-x64;win-arm;win-arm64;win-x86
                                     TargetFramework=net7.0
                             Microsoft.NETCore.App.Crossgen2
                                     Crossgen2PackNamePattern=Microsoft.NETCore.App.Crossgen2.**RID**
                                     Crossgen2PackVersion=6.0.36
                                     Crossgen2RuntimeIdentifiers=linux-musl-x64;linux-x64;win-x64;linux-arm;linux-arm64;linux-musl-arm;linux-musl-arm64;osx-arm64;osx-x64;win-arm;win-arm64;win-x86
                                     TargetFramework=net6.0
                             Microsoft.NETCore.App.Crossgen2
                                     Crossgen2PackNamePattern=Microsoft.NETCore.App.Crossgen2.**RID**
                                     Crossgen2PackVersion=5.0.17
                                     Crossgen2RuntimeIdentifiers=linux-musl-x64;linux-x64;win-x64
                                     TargetFramework=net5.0 (TaskId:18)
                     Task Parameter:MinNonEolTargetFrameworkForAot=net8.0 (TaskId:18)
                     Task Parameter:TargetLatestRuntimePatch=False (TaskId:18)
                     Task Parameter:TargetingPackRoot=C:\Program Files\dotnet\packs (TaskId:18)
                     Task Parameter:
                         KnownFrameworkReferences=
                             Microsoft.NETCore.App
                                     DefaultRuntimeFrameworkVersion=8.0.0
                                     LatestRuntimeFrameworkVersion=8.0.30
                                     RuntimeFrameworkName=Microsoft.NETCore.App
                                     RuntimePackNamePatterns=Microsoft.NETCore.App.Runtime.**RID**
                                     RuntimePackRuntimeIdentifiers=linux-arm;linux-arm64;linux-musl-arm64;linux-musl-x64;linux-x64;osx-x64;rhel.6-x64;tizen.4.0.0-armel;tizen.5.0.0-armel;win-arm64;win-x64;win-x86;linux-musl-arm;osx-arm64;linux-s390x;linux-bionic-arm;linux-bionic-arm64;linux-bionic-x64;linux-bionic-x86;linux-ppc64le
                                     TargetFramework=net8.0
                                     TargetingPackName=Microsoft.NETCore.App.Ref
                                     TargetingPackVersion=8.0.30
                             Microsoft.WindowsDesktop.App
                                     DefaultRuntimeFrameworkVersion=8.0.0
                                     IsWindowsOnly=true
                                     LatestRuntimeFrameworkVersion=8.0.30
                                     RuntimeFrameworkName=Microsoft.WindowsDesktop.App
                                     RuntimePackNamePatterns=Microsoft.WindowsDesktop.App.Runtime.**RID**
                                     RuntimePackRuntimeIdentifiers=win-x64;win-x86;win-arm64
                                     TargetFramework=net8.0
                                     TargetingPackName=Microsoft.WindowsDesktop.App.Ref
                                     TargetingPackVersion=8.0.30
                             Microsoft.WindowsDesktop.App.WPF
                                     DefaultRuntimeFrameworkVersion=8.0.0
                                     IsWindowsOnly=true
                                     LatestRuntimeFrameworkVersion=8.0.30
                                     Profile=WPF
                                     RuntimeFrameworkName=Microsoft.WindowsDesktop.App
                                     RuntimePackNamePatterns=Microsoft.WindowsDesktop.App.Runtime.**RID**
                                     RuntimePackRuntimeIdentifiers=win-x64;win-x86;win-arm64
                                     TargetFramework=net8.0
                                     TargetingPackName=Microsoft.WindowsDesktop.App.Ref
                                     TargetingPackVersion=8.0.30
                             Microsoft.WindowsDesktop.App.WindowsForms
                                     DefaultRuntimeFrameworkVersion=8.0.0
                                     IsWindowsOnly=true
                                     LatestRuntimeFrameworkVersion=8.0.30
                                     Profile=WindowsForms
                                     RuntimeFrameworkName=Microsoft.WindowsDesktop.App
                                     RuntimePackNamePatterns=Microsoft.WindowsDesktop.App.Runtime.**RID**
                                     RuntimePackRuntimeIdentifiers=win-x64;win-x86;win-arm64
                                     TargetFramework=net8.0
                                     TargetingPackName=Microsoft.WindowsDesktop.App.Ref
                                     TargetingPackVersion=8.0.30
                             Microsoft.AspNetCore.App
                                     DefaultRuntimeFrameworkVersion=8.0.0
                                     LatestRuntimeFrameworkVersion=8.0.30
                                     RuntimeFrameworkName=Microsoft.AspNetCore.App
                                     RuntimePackExcludedRuntimeIdentifiers=android;linux-bionic
                                     RuntimePackNamePatterns=Microsoft.AspNetCore.App.Runtime.**RID**
                                     RuntimePackRuntimeIdentifiers=win-x64;win-x86;win-arm;osx-x64;linux-musl-x64;linux-musl-arm64;linux-x64;linux-arm;linux-arm64;linux-musl-arm;win-arm64;osx-arm64;linux-s390x;linux-ppc64le
                                     TargetFramework=net8.0
                                     TargetingPackName=Microsoft.AspNetCore.App.Ref
                                     TargetingPackVersion=8.0.30
                             Microsoft.Windows.SDK.NET.Ref
                                     DefaultRuntimeFrameworkVersion=10.0.17763.56
                                     IsWindowsOnly=true
                                     LatestRuntimeFrameworkVersion=10.0.17763.56
                                     RuntimeFrameworkName=Microsoft.Windows.SDK.NET.Ref
                                     RuntimePackAlwaysCopyLocal=true
                                     RuntimePackNamePatterns=Microsoft.Windows.SDK.NET.Ref
                                     RuntimePackRuntimeIdentifiers=any
                                     TargetFramework=net8.0-windows10.0.17763.0
                                     TargetingPackName=Microsoft.Windows.SDK.NET.Ref
                                     TargetingPackVersion=10.0.17763.56
                             Microsoft.Windows.SDK.NET.Ref
                                     DefaultRuntimeFrameworkVersion=10.0.18362.56
                                     IsWindowsOnly=true
                                     LatestRuntimeFrameworkVersion=10.0.18362.56
                                     RuntimeFrameworkName=Microsoft.Windows.SDK.NET.Ref
                                     RuntimePackAlwaysCopyLocal=true
                                     RuntimePackNamePatterns=Microsoft.Windows.SDK.NET.Ref
                                     RuntimePackRuntimeIdentifiers=any
                                     TargetFramework=net8.0-windows10.0.18362.0
                                     TargetingPackName=Microsoft.Windows.SDK.NET.Ref
                                     TargetingPackVersion=10.0.18362.56
                             Microsoft.Windows.SDK.NET.Ref
                                     DefaultRuntimeFrameworkVersion=10.0.19041.56
                                     IsWindowsOnly=true
                                     LatestRuntimeFrameworkVersion=10.0.19041.56
                                     RuntimeFrameworkName=Microsoft.Windows.SDK.NET.Ref
                                     RuntimePackAlwaysCopyLocal=true
                                     RuntimePackNamePatterns=Microsoft.Windows.SDK.NET.Ref
                                     RuntimePackRuntimeIdentifiers=any
                                     TargetFramework=net8.0-windows10.0.19041.0
                                     TargetingPackName=Microsoft.Windows.SDK.NET.Ref
                                     TargetingPackVersion=10.0.19041.56
                             Microsoft.NETCore.App
                                     DefaultRuntimeFrameworkVersion=7.0.0
                                     LatestRuntimeFrameworkVersion=7.0.20
                                     RuntimeFrameworkName=Microsoft.NETCore.App
                                     RuntimePackNamePatterns=Microsoft.NETCore.App.Runtime.**RID**
                                     RuntimePackRuntimeIdentifiers=linux-arm;linux-arm64;linux-musl-arm64;linux-musl-x64;linux-x64;osx-x64;rhel.6-x64;tizen.4.0.0-armel;tizen.5.0.0-armel;win-arm;win-arm64;win-x64;win-x86;linux-musl-arm;osx-arm64;linux-s390x;linux-bionic-arm;linux-bionic-arm64;linux-bionic-x64;linux-bionic-x86;linux-ppc64le
                                     TargetFramework=net7.0
                                     TargetingPackName=Microsoft.NETCore.App.Ref
                                     TargetingPackVersion=7.0.20
                             Microsoft.WindowsDesktop.App
                                     DefaultRuntimeFrameworkVersion=7.0.0
                                     IsWindowsOnly=true
                                     LatestRuntimeFrameworkVersion=7.0.20
                                     RuntimeFrameworkName=Microsoft.WindowsDesktop.App
                                     RuntimePackNamePatterns=Microsoft.WindowsDesktop.App.Runtime.**RID**
                                     RuntimePackRuntimeIdentifiers=win-x64;win-x86;win-arm64
                                     TargetFramework=net7.0
                                     TargetingPackName=Microsoft.WindowsDesktop.App.Ref
                                     TargetingPackVersion=7.0.20
                             Microsoft.WindowsDesktop.App.WPF
                                     DefaultRuntimeFrameworkVersion=7.0.0
                                     IsWindowsOnly=true
                                     LatestRuntimeFrameworkVersion=7.0.20
                                     Profile=WPF
                                     RuntimeFrameworkName=Microsoft.WindowsDesktop.App
                                     RuntimePackNamePatterns=Microsoft.WindowsDesktop.App.Runtime.**RID**
                                     RuntimePackRuntimeIdentifiers=win-x64;win-x86;win-arm64
                                     TargetFramework=net7.0
                                     TargetingPackName=Microsoft.WindowsDesktop.App.Ref
                                     TargetingPackVersion=7.0.20
                             Microsoft.WindowsDesktop.App.WindowsForms
                                     DefaultRuntimeFrameworkVersion=7.0.0
                                     IsWindowsOnly=true
                                     LatestRuntimeFrameworkVersion=7.0.20
                                     Profile=WindowsForms
                                     RuntimeFrameworkName=Microsoft.WindowsDesktop.App
                                     RuntimePackNamePatterns=Microsoft.WindowsDesktop.App.Runtime.**RID**
                                     RuntimePackRuntimeIdentifiers=win-x64;win-x86;win-arm64
                                     TargetFramework=net7.0
                                     TargetingPackName=Microsoft.WindowsDesktop.App.Ref
                                     TargetingPackVersion=7.0.20
                             Microsoft.AspNetCore.App
                                     DefaultRuntimeFrameworkVersion=7.0.0
                                     LatestRuntimeFrameworkVersion=7.0.20
                                     RuntimeFrameworkName=Microsoft.AspNetCore.App
                                     RuntimePackExcludedRuntimeIdentifiers=android
                                     RuntimePackNamePatterns=Microsoft.AspNetCore.App.Runtime.**RID**
                                     RuntimePackRuntimeIdentifiers=win-x64;win-x86;win-arm;osx-x64;linux-musl-x64;linux-musl-arm64;linux-x64;linux-arm;linux-arm64;linux-musl-arm;win-arm64;osx-arm64;linux-s390x;linux-ppc64le
                                     TargetFramework=net7.0
                                     TargetingPackName=Microsoft.AspNetCore.App.Ref
                                     TargetingPackVersion=7.0.20
                             Microsoft.Windows.SDK.NET.Ref
                                     DefaultRuntimeFrameworkVersion=10.0.17763.56
                                     IsWindowsOnly=true
                                     LatestRuntimeFrameworkVersion=10.0.17763.56
                                     RuntimeFrameworkName=Microsoft.Windows.SDK.NET.Ref
                                     RuntimePackAlwaysCopyLocal=true
                                     RuntimePackNamePatterns=Microsoft.Windows.SDK.NET.Ref
                                     RuntimePackRuntimeIdentifiers=any
                                     TargetFramework=net7.0-windows10.0.17763.0
                                     TargetingPackName=Microsoft.Windows.SDK.NET.Ref
                                     TargetingPackVersion=10.0.17763.56
                             Microsoft.Windows.SDK.NET.Ref
                                     DefaultRuntimeFrameworkVersion=10.0.18362.56
                                     IsWindowsOnly=true
                                     LatestRuntimeFrameworkVersion=10.0.18362.56
                                     RuntimeFrameworkName=Microsoft.Windows.SDK.NET.Ref
                                     RuntimePackAlwaysCopyLocal=true
                                     RuntimePackNamePatterns=Microsoft.Windows.SDK.NET.Ref
                                     RuntimePackRuntimeIdentifiers=any
                                     TargetFramework=net7.0-windows10.0.18362.0
                                     TargetingPackName=Microsoft.Windows.SDK.NET.Ref
                                     TargetingPackVersion=10.0.18362.56
                             Microsoft.Windows.SDK.NET.Ref
                                     DefaultRuntimeFrameworkVersion=10.0.19041.56
                                     IsWindowsOnly=true
                                     LatestRuntimeFrameworkVersion=10.0.19041.56
                                     RuntimeFrameworkName=Microsoft.Windows.SDK.NET.Ref
                                     RuntimePackAlwaysCopyLocal=true
                                     RuntimePackNamePatterns=Microsoft.Windows.SDK.NET.Ref
                                     RuntimePackRuntimeIdentifiers=any
                                     TargetFramework=net7.0-windows10.0.19041.0
                                     TargetingPackName=Microsoft.Windows.SDK.NET.Ref
                                     TargetingPackVersion=10.0.19041.56
                             Microsoft.NETCore.App
                                     DefaultRuntimeFrameworkVersion=6.0.0
                                     LatestRuntimeFrameworkVersion=6.0.36
                                     RuntimeFrameworkName=Microsoft.NETCore.App
                                     RuntimePackNamePatterns=Microsoft.NETCore.App.Runtime.**RID**
                                     RuntimePackRuntimeIdentifiers=linux-arm;linux-arm64;linux-musl-arm64;linux-musl-x64;linux-x64;osx-x64;rhel.6-x64;tizen.4.0.0-armel;tizen.5.0.0-armel;win-arm;win-arm64;win-x64;win-x86;linux-musl-arm;osx-arm64;linux-s390x
                                     TargetFramework=net6.0
                                     TargetingPackName=Microsoft.NETCore.App.Ref
                                     TargetingPackVersion=6.0.36
                             Microsoft.WindowsDesktop.App
                                     DefaultRuntimeFrameworkVersion=6.0.0
                                     IsWindowsOnly=true
                                     LatestRuntimeFrameworkVersion=6.0.36
                                     RuntimeFrameworkName=Microsoft.WindowsDesktop.App
                                     RuntimePackNamePatterns=Microsoft.WindowsDesktop.App.Runtime.**RID**
                                     RuntimePackRuntimeIdentifiers=win-x64;win-x86;win-arm64
                                     TargetFramework=net6.0
                                     TargetingPackName=Microsoft.WindowsDesktop.App.Ref
                                     TargetingPackVersion=6.0.36
                             Microsoft.WindowsDesktop.App.WPF
                                     DefaultRuntimeFrameworkVersion=6.0.0
                                     IsWindowsOnly=true
                                     LatestRuntimeFrameworkVersion=6.0.36
                                     Profile=WPF
                                     RuntimeFrameworkName=Microsoft.WindowsDesktop.App
                                     RuntimePackNamePatterns=Microsoft.WindowsDesktop.App.Runtime.**RID**
                                     RuntimePackRuntimeIdentifiers=win-x64;win-x86;win-arm64
                                     TargetFramework=net6.0
                                     TargetingPackName=Microsoft.WindowsDesktop.App.Ref
                                     TargetingPackVersion=6.0.36
                             Microsoft.WindowsDesktop.App.WindowsForms
                                     DefaultRuntimeFrameworkVersion=6.0.0
                                     IsWindowsOnly=true
                                     LatestRuntimeFrameworkVersion=6.0.36
                                     Profile=WindowsForms
                                     RuntimeFrameworkName=Microsoft.WindowsDesktop.App
                                     RuntimePackNamePatterns=Microsoft.WindowsDesktop.App.Runtime.**RID**
                                     RuntimePackRuntimeIdentifiers=win-x64;win-x86;win-arm64
                                     TargetFramework=net6.0
                                     TargetingPackName=Microsoft.WindowsDesktop.App.Ref
                                     TargetingPackVersion=6.0.36
                             Microsoft.AspNetCore.App
                                     DefaultRuntimeFrameworkVersion=6.0.0
                                     LatestRuntimeFrameworkVersion=6.0.36
                                     RuntimeFrameworkName=Microsoft.AspNetCore.App
                                     RuntimePackNamePatterns=Microsoft.AspNetCore.App.Runtime.**RID**
                                     RuntimePackRuntimeIdentifiers=win-x64;win-x86;win-arm;osx-x64;linux-musl-x64;linux-musl-arm64;linux-x64;linux-arm;linux-arm64;linux-musl-arm;win-arm64;osx-arm64;linux-s390x
                                     TargetFramework=net6.0
                                     TargetingPackName=Microsoft.AspNetCore.App.Ref
                                     TargetingPackVersion=6.0.36
                             Microsoft.Windows.SDK.NET.Ref
                                     DefaultRuntimeFrameworkVersion=10.0.17763.56
                                     IsWindowsOnly=true
                                     LatestRuntimeFrameworkVersion=10.0.17763.56
                                     RuntimeFrameworkName=Microsoft.Windows.SDK.NET.Ref
                                     RuntimePackAlwaysCopyLocal=true
                                     RuntimePackNamePatterns=Microsoft.Windows.SDK.NET.Ref
                                     RuntimePackRuntimeIdentifiers=any
                                     TargetFramework=net6.0-windows10.0.17763.0
                                     TargetingPackName=Microsoft.Windows.SDK.NET.Ref
                                     TargetingPackVersion=10.0.17763.56
                             Microsoft.Windows.SDK.NET.Ref
                                     DefaultRuntimeFrameworkVersion=10.0.18362.56
                                     IsWindowsOnly=true
                                     LatestRuntimeFrameworkVersion=10.0.18362.56
                                     RuntimeFrameworkName=Microsoft.Windows.SDK.NET.Ref
                                     RuntimePackAlwaysCopyLocal=true
                                     RuntimePackNamePatterns=Microsoft.Windows.SDK.NET.Ref
                                     RuntimePackRuntimeIdentifiers=any
                                     TargetFramework=net6.0-windows10.0.18362.0
                                     TargetingPackName=Microsoft.Windows.SDK.NET.Ref
                                     TargetingPackVersion=10.0.18362.56
                             Microsoft.Windows.SDK.NET.Ref
                                     DefaultRuntimeFrameworkVersion=10.0.19041.56
                                     IsWindowsOnly=true
                                     LatestRuntimeFrameworkVersion=10.0.19041.56
                                     RuntimeFrameworkName=Microsoft.Windows.SDK.NET.Ref
                                     RuntimePackAlwaysCopyLocal=true
                                     RuntimePackNamePatterns=Microsoft.Windows.SDK.NET.Ref
                                     RuntimePackRuntimeIdentifiers=any
                                     TargetFramework=net6.0-windows10.0.19041.0
                                     TargetingPackName=Microsoft.Windows.SDK.NET.Ref
                                     TargetingPackVersion=10.0.19041.56
                             Microsoft.NETCore.App
                                     DefaultRuntimeFrameworkVersion=5.0.0
                                     IsTrimmable=true
                                     LatestRuntimeFrameworkVersion=5.0.17
                                     RuntimeFrameworkName=Microsoft.NETCore.App
                                     RuntimePackNamePatterns=Microsoft.NETCore.App.Runtime.**RID**
                                     RuntimePackRuntimeIdentifiers=linux-arm;linux-arm64;linux-musl-arm64;linux-musl-x64;linux-x64;osx-x64;rhel.6-x64;tizen.4.0.0-armel;tizen.5.0.0-armel;win-arm;win-arm64;win-x64;win-x86;linux-musl-arm;browser-wasm
                                     TargetFramework=net5.0
                                     TargetingPackName=Microsoft.NETCore.App.Ref
                                     TargetingPackVersion=5.0.0
                             Microsoft.WindowsDesktop.App
                                     DefaultRuntimeFrameworkVersion=5.0.0
                                     IsWindowsOnly=true
                                     LatestRuntimeFrameworkVersion=5.0.17
                                     RuntimeFrameworkName=Microsoft.WindowsDesktop.App
                                     RuntimePackNamePatterns=Microsoft.WindowsDesktop.App.Runtime.**RID**
                                     RuntimePackRuntimeIdentifiers=win-x64;win-x86;win-arm64
                                     TargetFramework=net5.0
                                     TargetingPackName=Microsoft.WindowsDesktop.App.Ref
                                     TargetingPackVersion=5.0.0
                             Microsoft.WindowsDesktop.App.WPF
                                     DefaultRuntimeFrameworkVersion=5.0.0
                                     IsWindowsOnly=true
                                     LatestRuntimeFrameworkVersion=5.0.17
                                     Profile=WPF
                                     RuntimeFrameworkName=Microsoft.WindowsDesktop.App
                                     RuntimePackNamePatterns=Microsoft.WindowsDesktop.App.Runtime.**RID**
                                     RuntimePackRuntimeIdentifiers=win-x64;win-x86;win-arm64
                                     TargetFramework=net5.0
                                     TargetingPackName=Microsoft.WindowsDesktop.App.Ref
                                     TargetingPackVersion=5.0.0
                             Microsoft.WindowsDesktop.App.WindowsForms
                                     DefaultRuntimeFrameworkVersion=5.0.0
                                     IsWindowsOnly=true
                                     LatestRuntimeFrameworkVersion=5.0.17
                                     Profile=WindowsForms
                                     RuntimeFrameworkName=Microsoft.WindowsDesktop.App
                                     RuntimePackNamePatterns=Microsoft.WindowsDesktop.App.Runtime.**RID**
                                     RuntimePackRuntimeIdentifiers=win-x64;win-x86;win-arm64
                                     TargetFramework=net5.0
                                     TargetingPackName=Microsoft.WindowsDesktop.App.Ref
                                     TargetingPackVersion=5.0.0
                             Microsoft.AspNetCore.App
                                     DefaultRuntimeFrameworkVersion=5.0.0
                                     LatestRuntimeFrameworkVersion=5.0.17
                                     RuntimeFrameworkName=Microsoft.AspNetCore.App
                                     RuntimePackNamePatterns=Microsoft.AspNetCore.App.Runtime.**RID**
                                     RuntimePackRuntimeIdentifiers=win-x64;win-x86;win-arm;osx-x64;linux-musl-x64;linux-musl-arm64;linux-x64;linux-arm;linux-arm64;linux-musl-arm;win-arm64
                                     TargetFramework=net5.0
                                     TargetingPackName=Microsoft.AspNetCore.App.Ref
                                     TargetingPackVersion=5.0.0
                             Microsoft.Windows.SDK.NET.Ref
                                     DefaultRuntimeFrameworkVersion=10.0.17763.56
                                     IsWindowsOnly=true
                                     LatestRuntimeFrameworkVersion=10.0.17763.56
                                     RuntimeFrameworkName=Microsoft.Windows.SDK.NET.Ref
                                     RuntimePackAlwaysCopyLocal=true
                                     RuntimePackNamePatterns=Microsoft.Windows.SDK.NET.Ref
                                     RuntimePackRuntimeIdentifiers=any
                                     TargetFramework=net5.0-windows10.0.17763.0
                                     TargetingPackName=Microsoft.Windows.SDK.NET.Ref
                                     TargetingPackVersion=10.0.17763.56
                             Microsoft.Windows.SDK.NET.Ref
                                     DefaultRuntimeFrameworkVersion=10.0.18362.56
                                     IsWindowsOnly=true
                                     LatestRuntimeFrameworkVersion=10.0.18362.56
                                     RuntimeFrameworkName=Microsoft.Windows.SDK.NET.Ref
                                     RuntimePackAlwaysCopyLocal=true
                                     RuntimePackNamePatterns=Microsoft.Windows.SDK.NET.Ref
                                     RuntimePackRuntimeIdentifiers=any
                                     TargetFramework=net5.0-windows10.0.18362.0
                                     TargetingPackName=Microsoft.Windows.SDK.NET.Ref
                                     TargetingPackVersion=10.0.18362.56
                             Microsoft.Windows.SDK.NET.Ref
                                     DefaultRuntimeFrameworkVersion=10.0.19041.56
                                     IsWindowsOnly=true
                                     LatestRuntimeFrameworkVersion=10.0.19041.56
                                     RuntimeFrameworkName=Microsoft.Windows.SDK.NET.Ref
                                     RuntimePackAlwaysCopyLocal=true
                                     RuntimePackNamePatterns=Microsoft.Windows.SDK.NET.Ref
                                     RuntimePackRuntimeIdentifiers=any
                                     TargetFramework=net5.0-windows10.0.19041.0
                                     TargetingPackName=Microsoft.Windows.SDK.NET.Ref
                                     TargetingPackVersion=10.0.19041.56
                             Microsoft.NETCore.App
                                     DefaultRuntimeFrameworkVersion=3.1.0
                                     IsTrimmable=true
                                     LatestRuntimeFrameworkVersion=3.1.32
                                     RuntimeFrameworkName=Microsoft.NETCore.App
                                     RuntimePackNamePatterns=Microsoft.NETCore.App.Runtime.**RID**
                                     RuntimePackRuntimeIdentifiers=linux-arm;linux-arm64;linux-musl-arm64;linux-musl-x64;linux-x64;osx-x64;rhel.6-x64;tizen.4.0.0-armel;tizen.5.0.0-armel;win-arm;win-arm64;win-x64;win-x86
                                     TargetFramework=netcoreapp3.1
                                     TargetingPackName=Microsoft.NETCore.App.Ref
                                     TargetingPackVersion=3.1.0
                             Microsoft.WindowsDesktop.App
                                     DefaultRuntimeFrameworkVersion=3.1.0
                                     IsWindowsOnly=true
                                     LatestRuntimeFrameworkVersion=3.1.32
                                     RuntimeFrameworkName=Microsoft.WindowsDesktop.App
                                     RuntimePackNamePatterns=Microsoft.WindowsDesktop.App.Runtime.**RID**
                                     RuntimePackRuntimeIdentifiers=win-x64;win-x86
                                     TargetFramework=netcoreapp3.1
                                     TargetingPackName=Microsoft.WindowsDesktop.App.Ref
                                     TargetingPackVersion=3.1.0
                             Microsoft.WindowsDesktop.App.WPF
                                     DefaultRuntimeFrameworkVersion=3.1.0
                                     IsWindowsOnly=true
                                     LatestRuntimeFrameworkVersion=3.1.32
                                     Profile=WPF
                                     RuntimeFrameworkName=Microsoft.WindowsDesktop.App
                                     RuntimePackNamePatterns=Microsoft.WindowsDesktop.App.Runtime.**RID**
                                     RuntimePackRuntimeIdentifiers=win-x64;win-x86
                                     TargetFramework=netcoreapp3.1
                                     TargetingPackName=Microsoft.WindowsDesktop.App.Ref
                                     TargetingPackVersion=3.1.0
                             Microsoft.WindowsDesktop.App.WindowsForms
                                     DefaultRuntimeFrameworkVersion=3.1.0
                                     IsWindowsOnly=true
                                     LatestRuntimeFrameworkVersion=3.1.32
                                     Profile=WindowsForms
                                     RuntimeFrameworkName=Microsoft.WindowsDesktop.App
                                     RuntimePackNamePatterns=Microsoft.WindowsDesktop.App.Runtime.**RID**
                                     RuntimePackRuntimeIdentifiers=win-x64;win-x86
                                     TargetFramework=netcoreapp3.1
                                     TargetingPackName=Microsoft.WindowsDesktop.App.Ref
                                     TargetingPackVersion=3.1.0
                             Microsoft.AspNetCore.App
                                     DefaultRuntimeFrameworkVersion=3.1.0
                                     LatestRuntimeFrameworkVersion=3.1.32
                                     RuntimeFrameworkName=Microsoft.AspNetCore.App
                                     RuntimePackNamePatterns=Microsoft.AspNetCore.App.Runtime.**RID**
                                     RuntimePackRuntimeIdentifiers=win-x64;win-x86;win-arm;osx-x64;linux-musl-x64;linux-musl-arm64;linux-x64;linux-arm;linux-arm64
                                     TargetFramework=netcoreapp3.1
                                     TargetingPackName=Microsoft.AspNetCore.App.Ref
                                     TargetingPackVersion=3.1.10
                             Microsoft.NETCore.App
                                     DefaultRuntimeFrameworkVersion=3.0.0
                                     IsTrimmable=true
                                     LatestRuntimeFrameworkVersion=3.0.3
                                     RuntimeFrameworkName=Microsoft.NETCore.App
                                     RuntimePackNamePatterns=Microsoft.NETCore.App.Runtime.**RID**
                                     RuntimePackRuntimeIdentifiers=linux-arm;linux-arm64;linux-musl-arm64;linux-musl-x64;linux-x64;osx-x64;rhel.6-x64;tizen.4.0.0-armel;tizen.5.0.0-armel;win-arm;win-arm64;win-x64;win-x86
                                     TargetFramework=netcoreapp3.0
                                     TargetingPackName=Microsoft.NETCore.App.Ref
                                     TargetingPackVersion=3.0.0
                             Microsoft.WindowsDesktop.App
                                     DefaultRuntimeFrameworkVersion=3.0.0
                                     IsWindowsOnly=true
                                     LatestRuntimeFrameworkVersion=3.0.3
                                     RuntimeFrameworkName=Microsoft.WindowsDesktop.App
                                     RuntimePackNamePatterns=Microsoft.WindowsDesktop.App.Runtime.**RID**
                                     RuntimePackRuntimeIdentifiers=win-x64;win-x86
                                     TargetFramework=netcoreapp3.0
                                     TargetingPackName=Microsoft.WindowsDesktop.App.Ref
                                     TargetingPackVersion=3.0.0
                             Microsoft.WindowsDesktop.App.WPF
                                     DefaultRuntimeFrameworkVersion=3.0.0
                                     IsWindowsOnly=true
                                     LatestRuntimeFrameworkVersion=3.0.3
                                     Profile=WPF
                                     RuntimeFrameworkName=Microsoft.WindowsDesktop.App
                                     RuntimePackNamePatterns=Microsoft.WindowsDesktop.App.Runtime.**RID**
                                     RuntimePackRuntimeIdentifiers=win-x64;win-x86
                                     TargetFramework=netcoreapp3.0
                                     TargetingPackName=Microsoft.WindowsDesktop.App.Ref
                                     TargetingPackVersion=3.0.0
                             Microsoft.WindowsDesktop.App.WindowsForms
                                     DefaultRuntimeFrameworkVersion=3.0.0
                                     IsWindowsOnly=true
                                     LatestRuntimeFrameworkVersion=3.0.3
                                     Profile=WindowsForms
                                     RuntimeFrameworkName=Microsoft.WindowsDesktop.App
                                     RuntimePackNamePatterns=Microsoft.WindowsDesktop.App.Runtime.**RID**
                                     RuntimePackRuntimeIdentifiers=win-x64;win-x86
                                     TargetFramework=netcoreapp3.0
                                     TargetingPackName=Microsoft.WindowsDesktop.App.Ref
                                     TargetingPackVersion=3.0.0
                             Microsoft.AspNetCore.App
                                     DefaultRuntimeFrameworkVersion=3.0.0
                                     LatestRuntimeFrameworkVersion=3.0.3
                                     RuntimeFrameworkName=Microsoft.AspNetCore.App
                                     RuntimePackNamePatterns=Microsoft.AspNetCore.App.Runtime.**RID**
                                     RuntimePackRuntimeIdentifiers=win-x64;win-x86;win-arm;osx-x64;linux-musl-x64;linux-musl-arm64;linux-x64;linux-arm;linux-arm64
                                     TargetFramework=netcoreapp3.0
                                     TargetingPackName=Microsoft.AspNetCore.App.Ref
                                     TargetingPackVersion=3.0.1
                             NETStandard.Library
                                     TargetFramework=netstandard2.1
                                     TargetingPackName=NETStandard.Library.Ref
                                     TargetingPackVersion=2.1.0 (TaskId:18)
                     Task Parameter:ReadyToRunUseCrossgen2=True (TaskId:18)
                     Task Parameter:
                         KnownRuntimePacks=
                             Microsoft.NETCore.App
                                     LatestRuntimeFrameworkVersion=8.0.30
                                     RuntimeFrameworkName=Microsoft.NETCore.App
                                     RuntimePackLabels=NativeAOT
                                     RuntimePackNamePatterns=Microsoft.NETCore.App.Runtime.NativeAOT.**RID**
                                     RuntimePackRuntimeIdentifiers=ios-arm64;iossimulator-arm64;iossimulator-x64;tvos-arm64;tvossimulator-arm64;tvossimulator-x64;maccatalyst-arm64;maccatalyst-x64;linux-bionic-arm64;linux-bionic-x64;osx-arm64;osx-x64
                                     TargetFramework=net8.0
                             Microsoft.NETCore.App
                                     LatestRuntimeFrameworkVersion=8.0.30
                                     RuntimeFrameworkName=Microsoft.NETCore.App
                                     RuntimePackLabels=Mono
                                     RuntimePackNamePatterns=Microsoft.NETCore.App.Runtime.Mono.**RID**
                                     RuntimePackRuntimeIdentifiers=linux-arm;linux-arm64;linux-musl-arm64;linux-musl-x64;linux-x64;osx-x64;rhel.6-x64;win-arm64;win-x64;win-x86;linux-musl-arm;osx-arm64;linux-s390x;browser-wasm;ios-arm64;ios-arm;iossimulator-arm64;iossimulator-x64;iossimulator-x86;tvos-arm64;tvossimulator-arm64;tvossimulator-x64;maccatalyst-x64;maccatalyst-arm64;android-arm64;android-arm;android-x64;android-x86
                                     TargetFramework=net8.0
                             Microsoft.NETCore.App
                                     LatestRuntimeFrameworkVersion=7.0.20
                                     RuntimeFrameworkName=Microsoft.NETCore.App
                                     RuntimePackLabels=Mono
                                     RuntimePackNamePatterns=Microsoft.NETCore.App.Runtime.Mono.**RID**
                                     RuntimePackRuntimeIdentifiers=linux-arm;linux-arm64;linux-musl-arm64;linux-musl-x64;linux-x64;osx-x64;rhel.6-x64;win-arm;win-arm64;win-x64;win-x86;linux-musl-arm;osx-arm64;linux-s390x;browser-wasm;ios-arm64;ios-arm;iossimulator-arm64;iossimulator-x64;iossimulator-x86;tvos-arm64;tvossimulator-arm64;tvossimulator-x64;maccatalyst-x64;maccatalyst-arm64;android-arm64;android-arm;android-x64;android-x86
                                     TargetFramework=net7.0
                             Microsoft.NETCore.App
                                     LatestRuntimeFrameworkVersion=6.0.36
                                     RuntimeFrameworkName=Microsoft.NETCore.App
                                     RuntimePackLabels=Mono
                                     RuntimePackNamePatterns=Microsoft.NETCore.App.Runtime.Mono.**RID**
                                     RuntimePackRuntimeIdentifiers=linux-arm;linux-arm64;linux-musl-arm64;linux-musl-x64;linux-x64;osx-x64;rhel.6-x64;win-arm;win-arm64;win-x64;win-x86;linux-musl-arm;osx-arm64;linux-s390x;browser-wasm;ios-arm64;ios-arm;iossimulator-arm64;iossimulator-x64;iossimulator-x86;tvos-arm64;tvossimulator-arm64;tvossimulator-x64;maccatalyst-x64;maccatalyst-arm64;android-arm64;android-arm;android-x64;android-x86
                                     TargetFramework=net6.0 (TaskId:18)
                     Task Parameter:RequiresILLinkPack=False (TaskId:18)
                     Task Parameter:
                         KnownILLinkPacks=
                             Microsoft.NET.ILLink.Tasks
                                     ILLinkPackVersion=8.0.30
                                     TargetFramework=net8.0
                             Microsoft.NET.ILLink.Tasks
                                     ILLinkPackVersion=7.0.100-1.23401.1
                                     TargetFramework=net7.0
                             Microsoft.NET.ILLink.Tasks
                                     ILLinkPackVersion=7.0.100-1.23401.1
                                     TargetFramework=net6.0
                             Microsoft.NET.ILLink.Tasks
                                     ILLinkPackVersion=7.0.100-1.23401.1
                                     TargetFramework=net5.0
                             Microsoft.NET.ILLink.Tasks
                                     ILLinkPackVersion=7.0.100-1.23401.1
                                     TargetFramework=netcoreapp3.1
                             Microsoft.NET.ILLink.Tasks
                                     ILLinkPackVersion=7.0.100-1.23401.1
                                     TargetFramework=netcoreapp3.0 (TaskId:18)
                     Task Parameter:TargetFrameworkVersion=8.0 (TaskId:18)
                     Task Parameter:MinNonEolTargetFrameworkForTrimming=net8.0 (TaskId:18)
                     Output Item(s): 
                         RuntimeFramework=
                             Microsoft.NETCore.App
                                     FrameworkName=Microsoft.NETCore.App
                                     Version=8.0.0
                             Microsoft.WindowsDesktop.App
                                     FrameworkName=Microsoft.WindowsDesktop.App
                                     Version=8.0.0
                             Microsoft.WindowsDesktop.App
                                     FrameworkName=Microsoft.WindowsDesktop.App.WPF
                                     Version=8.0.0
                             Microsoft.WindowsDesktop.App
                                     FrameworkName=Microsoft.WindowsDesktop.App.WindowsForms
                                     Version=8.0.0
                             Microsoft.AspNetCore.App
                                     FrameworkName=Microsoft.AspNetCore.App
                                     Version=8.0.0 (TaskId:18)
                     Output Item(s): 
                         TargetingPack=
                             Microsoft.NETCore.App
                                     NuGetPackageId=Microsoft.NETCore.App.Ref
                                     NuGetPackageVersion=8.0.30
                                     PackageConflictPreferredPackages=Microsoft.NETCore.App.Ref;Microsoft.NETCore.App.Runtime.linux-arm;Microsoft.NETCore.App.Runtime.linux-arm64;Microsoft.NETCore.App.Runtime.linux-musl-arm64;Microsoft.NETCore.App.Runtime.linux-musl-x64;Microsoft.NETCore.App.Runtime.linux-x64;Microsoft.NETCore.App.Runtime.osx-x64;Microsoft.NETCore.App.Runtime.rhel.6-x64;Microsoft.NETCore.App.Runtime.tizen.4.0.0-armel;Microsoft.NETCore.App.Runtime.tizen.5.0.0-armel;Microsoft.NETCore.App.Runtime.win-arm64;Microsoft.NETCore.App.Runtime.win-x64;Microsoft.NETCore.App.Runtime.win-x86;Microsoft.NETCore.App.Runtime.linux-musl-arm;Microsoft.NETCore.App.Runtime.osx-arm64;Microsoft.NETCore.App.Runtime.linux-s390x;Microsoft.NETCore.App.Runtime.linux-bionic-arm;Microsoft.NETCore.App.Runtime.linux-bionic-arm64;Microsoft.NETCore.App.Runtime.linux-bionic-x64;Microsoft.NETCore.App.Runtime.linux-bionic-x86;Microsoft.NETCore.App.Runtime.linux-ppc64le
                                     PackageDirectory=C:\Program Files\dotnet\packs\Microsoft.NETCore.App.Ref\8.0.30
                                     Path=C:\Program Files\dotnet\packs\Microsoft.NETCore.App.Ref\8.0.30
                                     RuntimeFrameworkName=Microsoft.NETCore.App
                                     RuntimePackRuntimeIdentifiers=linux-arm;linux-arm64;linux-musl-arm64;linux-musl-x64;linux-x64;osx-x64;rhel.6-x64;tizen.4.0.0-armel;tizen.5.0.0-armel;win-arm64;win-x64;win-x86;linux-musl-arm;osx-arm64;linux-s390x;linux-bionic-arm;linux-bionic-arm64;linux-bionic-x64;linux-bionic-x86;linux-ppc64le
                                     TargetFramework=net8.0
                                     TargetingPackFormat=
                             Microsoft.WindowsDesktop.App
                                     NuGetPackageId=Microsoft.WindowsDesktop.App.Ref
                                     NuGetPackageVersion=8.0.30
                                     PackageConflictPreferredPackages=Microsoft.WindowsDesktop.App.Ref;Microsoft.WindowsDesktop.App.Runtime.win-x64;Microsoft.WindowsDesktop.App.Runtime.win-x86;Microsoft.WindowsDesktop.App.Runtime.win-arm64
                                     PackageDirectory=C:\Program Files\dotnet\packs\Microsoft.WindowsDesktop.App.Ref\8.0.30
                                     Path=C:\Program Files\dotnet\packs\Microsoft.WindowsDesktop.App.Ref\8.0.30
                                     RuntimeFrameworkName=Microsoft.WindowsDesktop.App
                                     RuntimePackRuntimeIdentifiers=win-x64;win-x86;win-arm64
                                     TargetFramework=net8.0
                                     TargetingPackFormat=
                             Microsoft.WindowsDesktop.App.WPF
                                     NuGetPackageId=Microsoft.WindowsDesktop.App.Ref
                                     NuGetPackageVersion=8.0.30
                                     PackageConflictPreferredPackages=Microsoft.WindowsDesktop.App.Ref;Microsoft.WindowsDesktop.App.Runtime.win-x64;Microsoft.WindowsDesktop.App.Runtime.win-x86;Microsoft.WindowsDesktop.App.Runtime.win-arm64
                                     PackageDirectory=C:\Program Files\dotnet\packs\Microsoft.WindowsDesktop.App.Ref\8.0.30
                                     Path=C:\Program Files\dotnet\packs\Microsoft.WindowsDesktop.App.Ref\8.0.30
                                     Profile=WPF
                                     RuntimeFrameworkName=Microsoft.WindowsDesktop.App
                                     RuntimePackRuntimeIdentifiers=win-x64;win-x86;win-arm64
                                     TargetFramework=net8.0
                                     TargetingPackFormat=
                             Microsoft.WindowsDesktop.App.WindowsForms
                                     NuGetPackageId=Microsoft.WindowsDesktop.App.Ref
                                     NuGetPackageVersion=8.0.30
                                     PackageConflictPreferredPackages=Microsoft.WindowsDesktop.App.Ref;Microsoft.WindowsDesktop.App.Runtime.win-x64;Microsoft.WindowsDesktop.App.Runtime.win-x86;Microsoft.WindowsDesktop.App.Runtime.win-arm64
                                     PackageDirectory=C:\Program Files\dotnet\packs\Microsoft.WindowsDesktop.App.Ref\8.0.30
                                     Path=C:\Program Files\dotnet\packs\Microsoft.WindowsDesktop.App.Ref\8.0.30
                                     Profile=WindowsForms
                                     RuntimeFrameworkName=Microsoft.WindowsDesktop.App
                                     RuntimePackRuntimeIdentifiers=win-x64;win-x86;win-arm64
                                     TargetFramework=net8.0
                                     TargetingPackFormat=
                             Microsoft.AspNetCore.App
                                     NuGetPackageId=Microsoft.AspNetCore.App.Ref
                                     NuGetPackageVersion=8.0.30
                                     PackageConflictPreferredPackages=Microsoft.AspNetCore.App.Ref;Microsoft.AspNetCore.App.Runtime.win-x64;Microsoft.AspNetCore.App.Runtime.win-x86;Microsoft.AspNetCore.App.Runtime.win-arm;Microsoft.AspNetCore.App.Runtime.osx-x64;Microsoft.AspNetCore.App.Runtime.linux-musl-x64;Microsoft.AspNetCore.App.Runtime.linux-musl-arm64;Microsoft.AspNetCore.App.Runtime.linux-x64;Microsoft.AspNetCore.App.Runtime.linux-arm;Microsoft.AspNetCore.App.Runtime.linux-arm64;Microsoft.AspNetCore.App.Runtime.linux-musl-arm;Microsoft.AspNetCore.App.Runtime.win-arm64;Microsoft.AspNetCore.App.Runtime.osx-arm64;Microsoft.AspNetCore.App.Runtime.linux-s390x;Microsoft.AspNetCore.App.Runtime.linux-ppc64le
                                     PackageDirectory=C:\Program Files\dotnet\packs\Microsoft.AspNetCore.App.Ref\8.0.30
                                     Path=C:\Program Files\dotnet\packs\Microsoft.AspNetCore.App.Ref\8.0.30
                                     RuntimeFrameworkName=Microsoft.AspNetCore.App
                                     RuntimePackRuntimeIdentifiers=win-x64;win-x86;win-arm;osx-x64;linux-musl-x64;linux-musl-arm64;linux-x64;linux-arm;linux-arm64;linux-musl-arm;win-arm64;osx-arm64;linux-s390x;linux-ppc64le
                                     TargetFramework=net8.0
                                     TargetingPackFormat= (TaskId:18)
                     Output Item(s): 
                         _KnownRuntimeIdentifierPlatformsForTargetFramework=
                             linux
                             linux-musl
                             osx
                             rhel.6
                             tizen.4.0.0
                             tizen.5.0.0
                             win
                             linux-bionic
                             ios
                             iossimulator
                             tvos
                             tvossimulator
                             maccatalyst
                             browser
                             android (TaskId:18)
                   Done executing task "ProcessFrameworkReferences". (TaskId:18)
                   Using "ResolveAppHosts" task from assembly "C:\Program Files\dotnet\sdk\8.0.424\Sdks\Microsoft.NET.Sdk\targets\..\tools\net8.0\Microsoft.NET.Build.Tasks.dll".
                   Task "ResolveAppHosts" (TaskId:19)
                     Task Parameter:DotNetComHostLibraryNameWithoutExtension=comhost (TaskId:19)
                     Task Parameter:RuntimeGraphPath=C:\Program Files\dotnet\sdk\8.0.424/PortableRuntimeIdentifierGraph.json (TaskId:19)
                     Task Parameter:DotNetAppHostExecutableNameWithoutExtension=apphost (TaskId:19)
                     Task Parameter:DotNetSingleFileHostExecutableNameWithoutExtension=singlefilehost (TaskId:19)
                     Task Parameter:NetCoreTargetingPackRoot=C:\Program Files\dotnet\packs (TaskId:19)
                     Task Parameter:TargetFrameworkIdentifier=.NETCoreApp (TaskId:19)
                     Task Parameter:TargetingPackRoot=C:\Program Files\dotnet\packs (TaskId:19)
                     Task Parameter:
                         KnownAppHostPacks=
                             Microsoft.NETCore.App
                                     AppHostPackNamePattern=Microsoft.NETCore.App.Host.**RID**
                                     AppHostPackVersion=8.0.30
                                     AppHostRuntimeIdentifiers=linux-arm;linux-arm64;linux-musl-arm64;linux-musl-x64;linux-x64;osx-x64;rhel.6-x64;tizen.4.0.0-armel;tizen.5.0.0-armel;win-arm64;win-x64;win-x86;linux-musl-arm;osx-arm64;linux-s390x;linux-bionic-arm;linux-bionic-arm64;linux-bionic-x64;linux-bionic-x86;linux-ppc64le
                                     ExcludedRuntimeIdentifiers=android
                                     TargetFramework=net8.0
                             Microsoft.NETCore.App
                                     AppHostPackNamePattern=Microsoft.NETCore.App.Host.**RID**
                                     AppHostPackVersion=7.0.20
                                     AppHostRuntimeIdentifiers=linux-arm;linux-arm64;linux-musl-arm64;linux-musl-x64;linux-x64;osx-x64;rhel.6-x64;tizen.4.0.0-armel;tizen.5.0.0-armel;win-arm;win-arm64;win-x64;win-x86;linux-musl-arm;osx-arm64;linux-s390x;linux-bionic-arm;linux-bionic-arm64;linux-bionic-x64;linux-bionic-x86;linux-ppc64le
                                     ExcludedRuntimeIdentifiers=android
                                     TargetFramework=net7.0
                             Microsoft.NETCore.App
                                     AppHostPackNamePattern=Microsoft.NETCore.App.Host.**RID**
                                     AppHostPackVersion=6.0.36
                                     AppHostRuntimeIdentifiers=linux-arm;linux-arm64;linux-musl-arm64;linux-musl-x64;linux-x64;osx-x64;rhel.6-x64;tizen.4.0.0-armel;tizen.5.0.0-armel;win-arm;win-arm64;win-x64;win-x86;linux-musl-arm;osx-arm64;linux-s390x
                                     ExcludedRuntimeIdentifiers=android
                                     TargetFramework=net6.0
                             Microsoft.NETCore.App
                                     AppHostPackNamePattern=Microsoft.NETCore.App.Host.**RID**
                                     AppHostPackVersion=5.0.17
                                     AppHostRuntimeIdentifiers=linux-arm;linux-arm64;linux-musl-arm64;linux-musl-x64;linux-x64;osx-x64;rhel.6-x64;tizen.4.0.0-armel;tizen.5.0.0-armel;win-arm;win-arm64;win-x64;win-x86;linux-musl-arm
                                     TargetFramework=net5.0
                             Microsoft.NETCore.App
                                     AppHostPackNamePattern=Microsoft.NETCore.App.Host.**RID**
                                     AppHostPackVersion=3.1.32
                                     AppHostRuntimeIdentifiers=linux-arm;linux-arm64;linux-musl-arm64;linux-musl-x64;linux-x64;osx-x64;rhel.6-x64;tizen.4.0.0-armel;tizen.5.0.0-armel;win-arm;win-arm64;win-x64;win-x86
                                     TargetFramework=netcoreapp3.1
                             Microsoft.NETCore.App
                                     AppHostPackNamePattern=Microsoft.NETCore.App.Host.**RID**
                                     AppHostPackVersion=3.0.3
                                     AppHostRuntimeIdentifiers=linux-arm;linux-arm64;linux-musl-arm64;linux-musl-x64;linux-x64;osx-x64;rhel.6-x64;tizen.4.0.0-armel;tizen.5.0.0-armel;win-arm;win-arm64;win-x64;win-x86
                                     TargetFramework=netcoreapp3.0 (TaskId:19)
                     Task Parameter:TargetFrameworkVersion=8.0 (TaskId:19)
                     Task Parameter:DotNetIjwHostLibraryNameWithoutExtension=Ijwhost (TaskId:19)
                   Done executing task "ResolveAppHosts". (TaskId:19)
                   Set Property: UsePackageDownload=true
                   Set Property: UsePackageDownload=true
23:01:22.771   1:5>Done building target "ProcessFrameworkReferences" in project "FastDelete.Core.csproj".: (TargetId:17)
                   Target "IncludeTargetingPackReference" skipped, due to false condition; ('$(TargetFrameworkMoniker)' != '' and '$(TargetFrameworkIdentifier)' == '.NETFramework' and '$(AutomaticallyUseReferenceAssemblyPackages)' == 'true') was evaluated as ('.NETCoreApp,Version=v8.0' != '' and '.NETCoreApp' == '.NETFramework' and 'true' == 'true').
23:01:22.771   1:5>Target "_AddMicrosoftNetCompilerToolsetFrameworkPackage: (TargetId:18)" in file "C:\Program Files\dotnet\sdk\8.0.424\Sdks\Microsoft.NET.Sdk\targets\Microsoft.NET.Sdk.targets" from project "C:\Users\OdinLocal\Documents\Kimi\Workspaces\MediaOrganizer\FastDelete\src\FastDelete.Core\FastDelete.Core.csproj" (target "CollectPackageReferences" depends on it):
                   Task "NETSdkWarning" skipped, due to false condition; ('@(PackageReference->AnyHaveMetadataValue('Identity', 'Microsoft.Net.Compilers.Toolset.Framework'))' == 'true') was evaluated as ('false' == 'true').
23:01:22.771   1:5>Done building target "_AddMicrosoftNetCompilerToolsetFrameworkPackage" in project "FastDelete.Core.csproj".: (TargetId:18)
23:01:22.771   1:5>Target "_CheckForObsoleteDotNetCliToolReferences: (TargetId:19)" in file "C:\Program Files\dotnet\sdk\8.0.424\Sdks\Microsoft.NET.Sdk\targets\Microsoft.NET.ObsoleteReferences.targets" from project "C:\Users\OdinLocal\Documents\Kimi\Workspaces\MediaOrganizer\FastDelete\src\FastDelete.Core\FastDelete.Core.csproj" (target "CollectPackageReferences" depends on it):
                   Task "NETSdkWarning" skipped, due to false condition; ( '%(_ReferenceToObsoleteDotNetCliTool.Identity)' != '' ) was evaluated as ( '' != '' ).
23:01:22.771   1:5>Done building target "_CheckForObsoleteDotNetCliToolReferences" in project "FastDelete.Core.csproj".: (TargetId:19)
23:01:22.771   1:5>Target "CollectPackageReferences: (TargetId:20)" in file "C:\Program Files\dotnet\sdk\8.0.424\NuGet.targets" from project "C:\Users\OdinLocal\Documents\Kimi\Workspaces\MediaOrganizer\FastDelete\src\FastDelete.Core\FastDelete.Core.csproj" (target "_GetRestoreProjectStyle" depends on it):
                   Set Property: CollectPackageReferencesContinueOnError=false
                   Using "CheckForDuplicateNuGetItemsTask" task from assembly "C:\Program Files\dotnet\sdk\8.0.424\NuGet.Build.Tasks.dll".
                   Task "CheckForDuplicateNuGetItemsTask" (TaskId:20)
                     Task Parameter:NoWarn=1701;1702 (TaskId:20)
                     Task Parameter:LogCode=NU1504 (TaskId:20)
                     Task Parameter:MSBuildProjectFullPath=C:\Users\OdinLocal\Documents\Kimi\Workspaces\MediaOrganizer\FastDelete\src\FastDelete.Core\FastDelete.Core.csproj (TaskId:20)
                     Task Parameter:WarningsAsErrors=;NU1605;SYSLIB0011 (TaskId:20)
                     Task Parameter:TreatWarningsAsErrors=false (TaskId:20)
                     Task Parameter:ItemName=PackageReference (TaskId:20)
                   Done executing task "CheckForDuplicateNuGetItemsTask". (TaskId:20)
23:01:22.773   1:5>Done building target "CollectPackageReferences" in project "FastDelete.Core.csproj".: (TargetId:20)
23:01:22.773   1:5>Target "_GetRestoreProjectStyle: (TargetId:21)" in file "C:\Program Files\dotnet\sdk\8.0.424\NuGet.targets" from project "C:\Users\OdinLocal\Documents\Kimi\Workspaces\MediaOrganizer\FastDelete\src\FastDelete.Core\FastDelete.Core.csproj" (target "_GenerateRestoreSpecs" depends on it):
                   Using "GetRestoreProjectStyleTask" task from assembly "C:\Program Files\dotnet\sdk\8.0.424\NuGet.Build.Tasks.dll".
                   Task "GetRestoreProjectStyleTask" (TaskId:21)
                     Task Parameter:RestoreProjectStyle=PackageReference (TaskId:21)
                     Task Parameter:MSBuildProjectDirectory=C:\Users\OdinLocal\Documents\Kimi\Workspaces\MediaOrganizer\FastDelete\src\FastDelete.Core (TaskId:21)
                     Task Parameter:MSBuildProjectName=FastDelete.Core (TaskId:21)
                     Output Property: RestoreProjectStyle=PackageReference (TaskId:21)
                     Output Property: PackageReferenceCompatibleProjectStyle=True (TaskId:21)
                   Done executing task "GetRestoreProjectStyleTask". (TaskId:21)
                   Set Property: _HasPackageReferenceItems=
23:01:22.777   1:5>Done building target "_GetRestoreProjectStyle" in project "FastDelete.Core.csproj".: (TargetId:21)
23:01:22.777   1:5>Target "_GenerateRestoreSpecs: (TargetId:22)" in file "C:\Program Files\dotnet\sdk\8.0.424\NuGet.targets" from project "C:\Users\OdinLocal\Documents\Kimi\Workspaces\MediaOrganizer\FastDelete\src\FastDelete.Core\FastDelete.Core.csproj" (target "_GenerateRestoreGraphProjectEntry" depends on it):
                   Task "Message" (TaskId:22)
                     Task Parameter:Text=Restore entry point C:\Users\OdinLocal\Documents\Kimi\Workspaces\MediaOrganizer\FastDelete\src\FastDelete.Core\FastDelete.Core.csproj (TaskId:22)
                     Task Parameter:Importance=low (TaskId:22)
                     Restore entry point C:\Users\OdinLocal\Documents\Kimi\Workspaces\MediaOrganizer\FastDelete\src\FastDelete.Core\FastDelete.Core.csproj (TaskId:22)
                   Done executing task "Message". (TaskId:22)
                   Added Item(s): 
                       _RestoreGraphEntry=
                           36efd6cd-180d-487e-9692-77b52e6d86df
                                   ProjectUniqueName=C:\Users\OdinLocal\Documents\Kimi\Workspaces\MediaOrganizer\FastDelete\src\FastDelete.Core\FastDelete.Core.csproj
                                   Type=RestoreSpec
23:01:22.778   1:5>Done building target "_GenerateRestoreSpecs" in project "FastDelete.Core.csproj".: (TargetId:22)
23:01:22.778   1:5>Target "_GetRestoreSettingsOverrides: (TargetId:23)" in file "C:\Program Files\dotnet\sdk\8.0.424\NuGet.targets" from project "C:\Users\OdinLocal\Documents\Kimi\Workspaces\MediaOrganizer\FastDelete\src\FastDelete.Core\FastDelete.Core.csproj" (target "_GetRestoreSettings" depends on it):
                   Task "MSBuild" (TaskId:23)
                     Task Parameter:BuildInParallel=True (TaskId:23)
                     Task Parameter:Projects=C:\Program Files\dotnet\sdk\8.0.424\NuGet.targets (TaskId:23)
                     Task Parameter:Targets=_GetRestorePackagesPathOverride (TaskId:23)
23:01:22.781     0>The target "_CheckForInvalidConfigurationAndPlatform" listed in a BeforeTargets attribute at "C:\Program Files\dotnet\sdk\8.0.424\NuGet.targets (667,11)" does not exist in the project, and will be ignored.
23:01:22.781     0>Initial Properties:
                   _GenerateRestoreGraphProjectEntryInputProperties = ExcludeRestorePackageImports=true
                   DOTNET_CLI_TELEMETRY_SESSIONID = 1033ee2d-bbea-4b62-8be0-1aebdee38dfd
                   DOTNET_HOST_PATH = C:\Program Files\dotnet\dotnet.exe
                   ExcludeRestorePackageImports = true
                   GetReferenceNearestTargetFrameworkTaskSupportsTargetPlatformParameter = true
                   HideWarningsAndErrors = false
                   IsRestoreTargetsFileLoaded = true
                   MSBuildAllProjects = C:\Program Files\dotnet\sdk\8.0.424\NuGet.targets
                   MSBuildAssemblyVersion = 17.0
                   MSBuildBinPath = C:\Program Files\dotnet\sdk\8.0.424
                   MSBuildDisableFeaturesFromVersion = 999.999
                   MSBuildExtensionsPath = C:\Program Files\dotnet\sdk\8.0.424\
                   MSBuildExtensionsPath32 = C:\Program Files\dotnet\sdk\8.0.424
                   MSBuildExtensionsPath64 = C:\Program Files\dotnet\sdk\8.0.424
                   MSBUILDFAILONDRIVEENUMERATINGWILDCARD = 1
                   MSBuildFileVersion = 17.11.48.46605
                   MSBuildIsRestoring = True
                   MSBuildLoadMicrosoftTargetsReadOnly = true
                   MSBuildNodeCount = 20
                   MSBuildProgramFiles32 = C:\Program Files (x86)
                   MSBuildProjectDirectory = C:\Program Files\dotnet\sdk\8.0.424
                   MSBuildProjectDirectoryNoRoot = Program Files\dotnet\sdk\8.0.424
                   MSBuildProjectExtension = .targets
                   MSBuildProjectFile = NuGet.targets
                   MSBuildProjectFullPath = C:\Program Files\dotnet\sdk\8.0.424\NuGet.targets
                   MSBuildProjectName = NuGet
                   MSBuildRestoreSessionId = 1c7fd44c-8ccd-4238-8334-cd8e4cc1126e
                   MSBuildRuntimeType = Core
                   MSBuildSDKsPath = C:\Program Files\dotnet\sdk\8.0.424\Sdks
                   MSBuildSemanticVersion = 17.11.48+02bf66295
                   MSBuildStartupDirectory = C:\Users\OdinLocal\Documents\kimi\Workspaces\MediaOrganizer\FastDelete
                   MSBuildToolsPath = C:\Program Files\dotnet\sdk\8.0.424
                   MSBuildToolsVersion = Current
                   MSBuildUserExtensionsPath = C:\Users\OdinLocal\AppData\Local\Microsoft\MSBuild
                   MSBUILDUSESERVER = 0
                   MSBuildVersion = 17.11.48
                   NuGetAudit = true
                   NuGetAuditLevel = low
                   NuGetAuditMode = direct
                   NuGetInteractive = 
                   PackageDownloadSupported = true
                   RestoreBuildInParallel = true
                   RestoreContinueOnError = WarnAndContinue
                   RestorePackagesPath = C:\Users\OdinLocal\Documents\Kimi\Workspaces\MediaOrganizer\FastDelete\.nuget\packages
                   RestoreRecursive = true
                   RestoreTaskAssemblyFile = NuGet.Build.Tasks.dll
                   RestoreUseSkipNonexistentTargets = true
                   RoslynTargetsPath = C:\Program Files\dotnet\sdk\8.0.424\Roslyn
                   ValidateRuntimeIdentifierCompatibility = false
                   VisualStudioVersion = 17.0

23:01:22.634   1:5>Project "C:\Users\OdinLocal\Documents\Kimi\Workspaces\MediaOrganizer\FastDelete\src\FastDelete.Core\FastDelete.Core.csproj" (1:5) is building "C:\Program Files\dotnet\sdk\8.0.424\NuGet.targets" (2) on node 1 (_GetRestorePackagesPathOverride target(s)).
23:01:22.781     2>Target "_GetRestorePackagesPathOverride: (TargetId:24)" in project "C:\Program Files\dotnet\sdk\8.0.424\NuGet.targets" (entry point):
23:01:22.781     2>Set Property: _RestorePackagesPathOverride=C:\Users\OdinLocal\Documents\Kimi\Workspaces\MediaOrganizer\FastDelete\.nuget\packages
23:01:22.782     2>Done building target "_GetRestorePackagesPathOverride" in project "NuGet.targets".: (TargetId:24)
23:01:22.782     2>Done Building Project "C:\Program Files\dotnet\sdk\8.0.424\NuGet.targets" (_GetRestorePackagesPathOverride target(s)).
23:01:22.778   1:5>_GetRestoreSettingsOverrides: (TargetId:23)
                     Output Property: _RestorePackagesPathOverride=C:\Users\OdinLocal\Documents\Kimi\Workspaces\MediaOrganizer\FastDelete\.nuget\packages (TaskId:23)
                   Done executing task "MSBuild". (TaskId:23)
                   Task "MSBuild" skipped, due to false condition; ( '$(RestoreRepositoryPathOverride)' != '' ) was evaluated as ( '' != '' ).
                   Task "MSBuild" skipped, due to false condition; ( '$(RestoreSources)' != '' ) was evaluated as ( '' != '' ).
                   Task "MSBuild" skipped, due to false condition; ( '$(RestoreFallbackFolders)' != '' ) was evaluated as ( '' != '' ).
23:01:22.783   1:5>Done building target "_GetRestoreSettingsOverrides" in project "FastDelete.Core.csproj".: (TargetId:23)
23:01:22.783   1:5>Target "_GetRestoreSettingsPerFramework: (TargetId:25)" in file "C:\Program Files\dotnet\sdk\8.0.424\NuGet.targets" from project "C:\Users\OdinLocal\Documents\Kimi\Workspaces\MediaOrganizer\FastDelete\src\FastDelete.Core\FastDelete.Core.csproj" (target "_GetRestoreSettingsCurrentProject" depends on it):
                   Added Item(s): 
                       _RestoreSettingsPerFramework=
                           85886ed2-b05c-4aab-9c8a-3ec0009ec7aa
                                   RestoreAdditionalProjectFallbackFolders=
                                   RestoreAdditionalProjectFallbackFoldersExcludes=
                                   RestoreAdditionalProjectSources=
23:01:22.783   1:5>Done building target "_GetRestoreSettingsPerFramework" in project "FastDelete.Core.csproj".: (TargetId:25)
23:01:22.783   1:5>Target "_GetRestoreSettingsCurrentProject: (TargetId:26)" in file "C:\Program Files\dotnet\sdk\8.0.424\NuGet.targets" from project "C:\Users\OdinLocal\Documents\Kimi\Workspaces\MediaOrganizer\FastDelete\src\FastDelete.Core\FastDelete.Core.csproj" (target "_GetRestoreSettings" depends on it):
23:01:22.783   1:5>Done building target "_GetRestoreSettingsCurrentProject" in project "FastDelete.Core.csproj".: (TargetId:26)
                   Target "_GetRestoreSettingsAllFrameworks" skipped, due to false condition; ( '$(TargetFrameworks)' != '' AND '$(PackageReferenceCompatibleProjectStyle)' == 'true' ) was evaluated as ( '' != '' AND 'True' == 'true' ).
23:01:22.783   1:5>Target "_GetRestoreSettings: (TargetId:27)" in file "C:\Program Files\dotnet\sdk\8.0.424\NuGet.targets" from project "C:\Users\OdinLocal\Documents\Kimi\Workspaces\MediaOrganizer\FastDelete\src\FastDelete.Core\FastDelete.Core.csproj" (target "_GenerateDotnetCliToolReferenceSpecs" depends on it):
                   Using "GetRestoreSettingsTask" task from assembly "C:\Program Files\dotnet\sdk\8.0.424\NuGet.Build.Tasks.dll".
                   Task "GetRestoreSettingsTask" (TaskId:24)
                     Task Parameter:RestorePackagesPathOverride=C:\Users\OdinLocal\Documents\Kimi\Workspaces\MediaOrganizer\FastDelete\.nuget\packages (TaskId:24)
                     Task Parameter:RestorePackagesPath=C:\Users\OdinLocal\Documents\Kimi\Workspaces\MediaOrganizer\FastDelete\.nuget\packages (TaskId:24)
                     Task Parameter:RestoreProjectStyle=PackageReference (TaskId:24)
                     Task Parameter:MSBuildStartupDirectory=C:\Users\OdinLocal\Documents\kimi\Workspaces\MediaOrganizer\FastDelete (TaskId:24)
                     Task Parameter:ProjectUniqueName=C:\Users\OdinLocal\Documents\Kimi\Workspaces\MediaOrganizer\FastDelete\src\FastDelete.Core\FastDelete.Core.csproj (TaskId:24)
                     Task Parameter:
                         RestoreSettingsPerFramework=
                             85886ed2-b05c-4aab-9c8a-3ec0009ec7aa
                                     RestoreAdditionalProjectFallbackFolders=
                                     RestoreAdditionalProjectFallbackFoldersExcludes=
                                     RestoreAdditionalProjectSources= (TaskId:24)
                     Assembly loaded during TaskRun (NuGet.Build.Tasks.GetRestoreSettingsTask): NuGet.Configuration, Version=6.11.2.1, Culture=neutral, PublicKeyToken=31bf3856ad364e35 (location: C:\Program Files\dotnet\sdk\8.0.424\NuGet.Configuration.dll, MVID: 9c7b2a88-68b8-49a2-be28-1b1a5314633f, AssemblyLoadContext: MSBuild plugin C:\Program Files\dotnet\sdk\8.0.424\NuGet.Build.Tasks.dll) (TaskId:24)
23:01:22.794   1:5>C:\Program Files\dotnet\sdk\8.0.424\NuGet.targets(745,5): error : Value cannot be null. (Parameter 'path1') [C:\Users\OdinLocal\Documents\Kimi\Workspaces\MediaOrganizer\FastDelete\src\FastDelete.Core\FastDelete.Core.csproj]
                     Assembly loaded during TaskRun (NuGet.Build.Tasks.GetRestoreSettingsTask): System.Diagnostics.StackTrace, Version=8.0.0.0, Culture=neutral, PublicKeyToken=b03f5f7f11d50a3a (location: C:\Program Files\dotnet\shared\Microsoft.NETCore.App\8.0.30\System.Diagnostics.StackTrace.dll, MVID: 6b15f444-ea3c-493e-8a17-2b444a337e82, AssemblyLoadContext: Default) (TaskId:24)
                     System.ArgumentNullException: Value cannot be null. (Parameter 'path1')
                        at System.ArgumentNullException.Throw(String paramName)
                        at System.IO.Path.Combine(String path1, String path2)
                        at NuGet.Common.NuGetEnvironment.GetFolderPath(NuGetFolderPath folder)
                        at NuGet.Common.NuGetEnvironment.GetFolderPath(NuGetFolderPath folder)
                        at NuGet.Configuration.XPlatMachineWideSetting..ctor()
                        at NuGet.Build.Tasks.GetRestoreSettingsTask.<>c.<.cctor>b__85_0()
                        at System.Lazy`1.ViaFactory(LazyThreadSafetyMode mode)
                        at System.Lazy`1.ExecutionAndPublication(LazyHelper executionAndPublication, Boolean useDefaultConstructor)
                        at System.Lazy`1.CreateValue()
                        at NuGet.Build.Tasks.RestoreSettingsUtils.ReadSettings(String solutionDirectory, String restoreDirectory, String restoreConfigFile, Lazy`1 machineWideSettings, SettingsLoadingContext settingsLoadContext)
                        at NuGet.Build.Tasks.GetRestoreSettingsTask.Execute() (TaskId:24)
                   Done executing task "GetRestoreSettingsTask" -- FAILED. (TaskId:24)
23:01:22.808   1:5>Done building target "_GetRestoreSettings" in project "FastDelete.Core.csproj" -- FAILED.: (TargetId:27)
23:01:22.811   1:5>Done Building Project "C:\Users\OdinLocal\Documents\Kimi\Workspaces\MediaOrganizer\FastDelete\src\FastDelete.Core\FastDelete.Core.csproj" (_GenerateRestoreGraphProjectEntry target(s)) -- FAILED.
23:01:22.812     1>Done executing task "MSBuild" -- FAILED. (TaskId:15)
23:01:22.812     1>Done building target "_GenerateRestoreGraph" in project "FastDelete.Core.csproj" -- FAILED.: (TargetId:10)
23:01:22.812     1>Done Building Project "C:\Users\OdinLocal\Documents\Kimi\Workspaces\MediaOrganizer\FastDelete\src\FastDelete.Core\FastDelete.Core.csproj" (Restore target(s)) -- FAILED.
Deferred Messages
23:01:22.813     0>
Detailed Build Summary
======================
     (TaskId:0)
                     
                     ============================== Build Hierarchy (IDs represent configurations) =====================================================
                     Id                  : Exclusive Time   Total Time   Path (Targets)
                     ----------------------------------------------------------------------------------------------------------------------------------- (TaskId:0)
                     0                   : 0.720s           0.939s       C:\Users\OdinLocal\Documents\Kimi\Workspaces\MediaOrganizer\FastDelete\src\FastDelete.Core\FastDelete.Core.csproj (Restore)  (TaskId:0)
                     | 1                 : 0.035s           0.035s       C:\Users\OdinLocal\Documents\Kimi\Workspaces\MediaOrganizer\FastDelete\src\FastDelete.Core\FastDelete.Core.csproj (_IsProjectRestoreSupported)  (TaskId:0)
                     | 2                 : 0.006s           0.006s       C:\Users\OdinLocal\Documents\Kimi\Workspaces\MediaOrganizer\FastDelete\src\FastDelete.Core\FastDelete.Core.csproj (_GenerateRestoreProjectPathWalk)  (TaskId:0)
                     . 3                 : 0.175s           0.177s       C:\Users\OdinLocal\Documents\Kimi\Workspaces\MediaOrganizer\FastDelete\src\FastDelete.Core\FastDelete.Core.csproj (_GenerateRestoreGraphProjectEntry)  (TaskId:0)
                     | . 4               : 0.002s           0.002s       C:\Program Files\dotnet\sdk\8.0.424\NuGet.targets (_GetRestorePackagesPathOverride)  (TaskId:0)
                     
                     ============================== Node Utilization (IDs represent configurations) ====================================================
                     Timestamp:            1        Duration   Cumulative
                     ----------------------------------------------------------------------------------------------------------------------------------- (TaskId:0)
                     639260496818731194:   0        0.679s     0.679s ............. (TaskId:0)
                     639260496825518159:   1        0.035s     0.714s  (TaskId:0)
                     639260496825869686:   0        0.036s     0.749s  (TaskId:0)
                     639260496826225758:   2        0.006s     0.755s  (TaskId:0)
                     639260496826283100:   0        0.006s     0.761s  (TaskId:0)
                     639260496826344534:   3        0.146s     0.907s .. (TaskId:0)
                     639260496827802003:   4        0.002s     0.909s  (TaskId:0)
                     639260496827823480:   3        0.030s     0.939s  (TaskId:0)
                     639260496828118554:   0        0.001s     0.940s  (TaskId:0)
                     -----------------------------------------------------------------------------------------------------------------------------------
                     Utilization:          100.0    Average Utilization: 100.0 (TaskId:0)

Project Evaluation Performance Summary:
        1 ms  C:\Program Files\dotnet\sdk\8.0.424\NuGet.targets   1 calls
      618 ms  C:\Users\OdinLocal\Documents\Kimi\Workspaces\MediaOrganizer\FastDelete\src\FastDelete.Core\FastDelete.Core.csproj   2 calls

Project Performance Summary:
        0 ms  C:\Program Files\dotnet\sdk\8.0.424\NuGet.targets   1 calls
                  0 ms  _GetRestorePackagesPathOverride            1 calls
      502 ms  C:\Users\OdinLocal\Documents\Kimi\Workspaces\MediaOrganizer\FastDelete\src\FastDelete.Core\FastDelete.Core.csproj   5 calls
                320 ms  Restore                                    1 calls
                  1 ms  _IsProjectRestoreSupported                 2 calls
                  5 ms  _GenerateRestoreProjectPathWalk            1 calls
                177 ms  _GenerateRestoreGraphProjectEntry          1 calls

Target Performance Summary:
        0 ms  _GetRestoreSettingsCurrentProject          1 calls
        0 ms  _GenerateRestoreProjectPathItemsCurrentProject   1 calls
        0 ms  _GetRestorePackagesPathOverride            1 calls
        0 ms  _CheckForObsoleteDotNetCliToolReferences   1 calls
        0 ms  _CheckForUnsupportedCppNETCoreVersion      1 calls
        0 ms  _GetProjectJsonPath                        1 calls
        0 ms  _CheckForUnsupportedNETCoreVersion         1 calls
        0 ms  _CheckForLanguageAndFeatureCombinationSupport   1 calls
        0 ms  _AddMicrosoftNetCompilerToolsetFrameworkPackage   1 calls
        0 ms  _IsProjectRestoreSupported                 1 calls
        0 ms  _GetRestoreSettingsPerFramework            1 calls
        1 ms  _GenerateRestoreProjectPathItems           1 calls
        1 ms  _GenerateRestoreSpecs                      1 calls
        1 ms  _GenerateRestoreProjectPathItemsPerFramework   1 calls
        2 ms  CollectPackageReferences                   1 calls
        3 ms  _GenerateRestoreProjectPathWalk            1 calls
        3 ms  _GetRestoreProjectStyle                    1 calls
        5 ms  _GetRestoreSettingsOverrides               1 calls
        7 ms  _ComputeToolPackInputsToProcessFrameworkReferences   1 calls
        8 ms  CheckForImplicitPackageReferenceOverrides   1 calls
       14 ms  _GetAllRestoreProjectPathItems             1 calls
       15 ms  _LoadRestoreGraphEntryPoints               1 calls
       25 ms  _GetRestoreSettings                        1 calls
      100 ms  _FilterRestoreGraphProjectInputItems       1 calls
      119 ms  ProcessFrameworkReferences                 1 calls
      181 ms  _GenerateRestoreGraph                      1 calls

Task Performance Summary:
        0 ms  ConvertToAbsolutePath                      1 calls
        1 ms  CheckForDuplicateFrameworkReferences       1 calls
        1 ms  CheckForDuplicateNuGetItemsTask            1 calls
        2 ms  Message                                    3 calls
        2 ms  CheckForImplicitPackageReferenceOverrides   1 calls
        2 ms  NuGetMessageTask                           1 calls
        3 ms  GetRestoreProjectStyleTask                 1 calls
        3 ms  WarnForInvalidProjectsTask                 1 calls
        5 ms  RemoveDuplicates                           4 calls
       25 ms  GetRestoreSettingsTask                     1 calls
       52 ms  ResolveAppHosts                            1 calls
       64 ms  ProcessFrameworkReferences                 1 calls
      251 ms  MSBuild                                    6 calls

Build FAILED.

                   "C:\Users\OdinLocal\Documents\Kimi\Workspaces\MediaOrganizer\FastDelete\src\FastDelete.Core\FastDelete.Core.csproj" (Restore target) (1) ->
                   "C:\Users\OdinLocal\Documents\Kimi\Workspaces\MediaOrganizer\FastDelete\src\FastDelete.Core\FastDelete.Core.csproj" (_GenerateRestoreGraphProjectEntry target) (1:5) ->
                   (_GetRestoreSettings target) -> 
                     C:\Program Files\dotnet\sdk\8.0.424\NuGet.targets(745,5): error : Value cannot be null. (Parameter 'path1') [C:\Users\OdinLocal\Documents\Kimi\Workspaces\MediaOrganizer\FastDelete\src\FastDelete.Core\FastDelete.Core.csproj]

    0 Warning(s)
    1 Error(s)

Time Elapsed 00:00:00.98
